prospect_id,rep_id,company_name,company_size,lead_source,product_interest,quarter,created_date,status,meetings_held,closed_date,proposed_value_usd,closed_value_usd
PROS-00001,REP-0039,Solace Industries,1000-5000,Paid Marketing,Cloud Compute,Q4 2025,2025-11-06,Lost,5,2025-12-11,74200,
PROS-00002,REP-0079,Vantage Holdings,51-200,Inbound Call,Cloud Compute,Q2 2026,2026-04-23,Dead,0,,29800,
PROS-00003,REP-0068,Atlas Dynamics,201-1000,Paid Marketing,Data Analytics,Q4 2025,2025-12-24,Dead,0,,50700,
PROS-00004,REP-0104,Ember Digital,5000+,Paid Marketing,Cloud Compute,Q1 2026,2026-03-23,Dead,0,,70400,
PROS-00005,REP-0065,Lattice Works,201-1000,Cold Outreach,AI Platform,Q1 2026,2026-03-31,Lost,4,2026-05-09,92800,
PROS-00006,REP-0011,Redshift Digital,51-200,Referral,Cloud Storage,Q1 2026,2026-02-28,Won,4,2026-03-25,14700,15300
PROS-00007,REP-0019,Ridgeline Systems,51-200,Inbound Call,Security Suite,Q2 2026,2026-06-03,Open,1,,66400,
PROS-00008,REP-0077,Nimbus Digital,1-50,Cold Outreach,AI Platform,Q2 2026,2026-04-30,Lost,3,2026-05-09,35300,
PROS-00009,REP-0074,Redshift Technologies,201-1000,Cold Outreach,Cloud Compute,Q2 2026,2026-06-27,Open,2,,36700,
PROS-00010,REP-0040,Nimbus Systems,201-1000,Conference,Cloud Compute,Q1 2026,2026-03-13,Won,6,2026-04-20,39200,42100
PROS-00011,REP-0068,Orbit Partners,1000-5000,Website Inquiry,Data Analytics,Q2 2026,2026-04-16,Dead,0,,70700,
PROS-00012,REP-0003,Lattice Holdings,1-50,Paid Marketing,Cloud Compute,Q1 2026,2026-03-19,Lost,4,2026-03-26,7800,
PROS-00013,REP-0033,Wavefront Partners,1000-5000,Paid Marketing,Cloud Compute,Q4 2025,2025-11-25,Dead,0,,43400,
PROS-00014,REP-0083,Meridian Digital,1000-5000,Website Inquiry,Cloud Compute,Q1 2026,2026-03-18,Lost,2,2026-04-14,28800,
PROS-00015,REP-0106,Ironclad Technologies,1000-5000,Conference,Security Suite,Q1 2026,2026-01-21,Won,5,2026-02-28,122000,111100
PROS-00016,REP-0108,Helix Partners,51-200,Paid Marketing,Cloud Compute,Q1 2026,2026-02-16,Lost,5,2026-02-23,23500,
PROS-00017,REP-0074,Summit Holdings,201-1000,Inbound Call,Cloud Compute,Q2 2026,2026-04-25,Lost,5,2026-05-19,17400,
PROS-00018,REP-0047,Atlas Solutions,201-1000,Inbound Call,Security Suite,Q4 2025,2025-12-29,Lost,3,2026-02-11,38200,
PROS-00019,REP-0043,Ridgeline Networks,201-1000,LinkedIn,Data Analytics,Q4 2025,2025-12-22,Lost,3,2026-01-13,50200,
PROS-00020,REP-0062,Wavefront Partners,51-200,Website Inquiry,Security Suite,Q1 2026,2026-03-31,Lost,4,2026-04-09,39800,
PROS-00021,REP-0010,Fusion Digital,201-1000,Cold Outreach,AI Platform,Q4 2025,2025-12-16,Lost,3,2026-01-25,60500,
PROS-00022,REP-0085,Ironclad Labs,1000-5000,Website Inquiry,Cloud Storage,Q2 2026,2026-04-25,Won,5,2026-06-15,23600,26900
PROS-00023,REP-0053,Quantum Systems,1-50,Paid Marketing,Cloud Storage,Q2 2026,2026-05-08,Dead,1,,4900,
PROS-00024,REP-0042,Ironclad Digital,1-50,Paid Marketing,Cloud Compute,Q1 2026,2026-03-20,Won,3,2026-04-14,11700,12500
PROS-00025,REP-0066,Lattice Works,51-200,Paid Marketing,Cloud Storage,Q2 2026,2026-06-10,Lost,5,2026-06-27,7700,
PROS-00026,REP-0096,Ember Works,51-200,Cold Outreach,Cloud Compute,Q1 2026,2026-02-02,Dead,0,,16700,
PROS-00027,REP-0099,Fusion Digital,201-1000,Paid Marketing,Cloud Compute,Q1 2026,2026-01-18,Dead,0,,35400,
PROS-00028,REP-0087,Ridgeline Industries,201-1000,Cold Outreach,Cloud Storage,Q4 2025,2025-10-19,Lost,2,2025-11-08,13200,
PROS-00029,REP-0064,Sterling Systems,201-1000,Cold Outreach,Security Suite,Q2 2026,2026-05-19,Dead,0,,71800,
PROS-00030,REP-0015,Nova Holdings,1-50,Paid Marketing,Data Analytics,Q2 2026,2026-04-24,Lost,3,2026-05-06,16600,
PROS-00031,REP-0016,Granite Technologies,1000-5000,Website Inquiry,Security Suite,Q2 2026,2026-04-24,Lost,2,2026-06-28,92400,
PROS-00032,REP-0077,Wavefront Networks,1-50,Paid Marketing,Cloud Compute,Q1 2026,2026-03-25,Lost,5,2026-04-17,16600,
PROS-00033,REP-0062,Nimbus Digital,51-200,LinkedIn,Cloud Storage,Q2 2026,2026-04-08,Dead,1,,8700,
PROS-00034,REP-0032,Atlas Industries,1000-5000,Cold Outreach,Security Suite,Q2 2026,2026-04-14,Won,5,2026-06-25,78400,93600
PROS-00035,REP-0076,Anchor Systems,1-50,Paid Marketing,Data Analytics,Q1 2026,2026-01-25,Lost,3,2026-02-04,10200,
PROS-00036,REP-0044,Catalyst Technologies,51-200,Paid Marketing,AI Platform,Q4 2025,2025-12-15,Lost,5,2026-01-02,36200,
PROS-00037,REP-0046,Helix Dynamics,201-1000,LinkedIn,Cloud Compute,Q4 2025,2025-12-06,Won,4,2025-12-25,45200,53500
PROS-00038,REP-0091,Ember Technologies,201-1000,Paid Marketing,Data Analytics,Q2 2026,2026-06-13,Open,2,,29000,
PROS-00039,REP-0088,Solace Partners,51-200,Inbound Call,Cloud Compute,Q2 2026,2026-06-27,Open,0,,21000,
PROS-00040,REP-0070,Vertex Systems,201-1000,Cold Outreach,Data Analytics,Q4 2025,2025-12-29,Lost,5,2026-01-22,24300,
PROS-00041,REP-0106,Nimbus Systems,51-200,Referral,Data Analytics,Q1 2026,2026-01-18,Dead,0,,22900,
PROS-00042,REP-0087,Fusion Digital,1000-5000,Paid Marketing,AI Platform,Q2 2026,2026-06-08,Lost,3,2026-06-28,118400,
PROS-00043,REP-0072,Orbit Networks,201-1000,Referral,AI Platform,Q2 2026,2026-04-07,Won,6,2026-04-29,47200,49600
PROS-00044,REP-0003,Horizon Holdings,1-50,Website Inquiry,Cloud Compute,Q2 2026,2026-05-19,Lost,3,2026-05-30,7300,
PROS-00045,REP-0060,Drift Holdings,1000-5000,Paid Marketing,Cloud Compute,Q1 2026,2026-01-24,Lost,5,2026-04-15,68600,
PROS-00046,REP-0079,Nimbus Dynamics,51-200,Conference,Security Suite,Q2 2026,2026-04-03,Lost,4,2026-04-15,45400,
PROS-00047,REP-0066,Vertex Industries,201-1000,Cold Outreach,Security Suite,Q1 2026,2026-03-07,Dead,0,,66100,
PROS-00048,REP-0100,Fusion Holdings,201-1000,Cold Outreach,AI Platform,Q4 2025,2025-10-01,Dead,0,,99800,
PROS-00049,REP-0089,Pulse Group,1-50,Cold Outreach,Cloud Compute,Q2 2026,2026-06-04,Open,3,,8900,
PROS-00050,REP-0081,Vantage Digital,1-50,Conference,Cloud Compute,Q1 2026,2026-03-09,Lost,2,2026-03-20,12900,
PROS-00051,REP-0085,Lattice Holdings,1000-5000,LinkedIn,AI Platform,Q2 2026,2026-04-21,Lost,3,2026-06-30,87700,
PROS-00052,REP-0089,Meridian Partners,51-200,Website Inquiry,Data Analytics,Q4 2025,2025-11-15,Dead,2,,26400,
PROS-00053,REP-0071,Northgate Partners,201-1000,Paid Marketing,AI Platform,Q4 2025,2025-11-23,Dead,0,,78100,
PROS-00054,REP-0066,Orbit Networks,201-1000,Website Inquiry,Security Suite,Q4 2025,2025-11-23,Lost,3,2025-12-12,54800,
PROS-00055,REP-0106,Ridgeline Partners,201-1000,Website Inquiry,Data Analytics,Q2 2026,2026-04-19,Dead,0,,25200,
PROS-00056,REP-0089,Vantage Networks,1-50,Paid Marketing,Cloud Compute,Q4 2025,2025-11-30,Lost,3,2025-12-16,7000,
PROS-00057,REP-0097,Beacon Solutions,201-1000,Website Inquiry,Security Suite,Q1 2026,2026-03-17,Won,3,2026-05-01,48300,57000
PROS-00058,REP-0057,Orbit Technologies,201-1000,Conference,Data Analytics,Q1 2026,2026-03-18,Won,8,2026-05-06,45000,48900
PROS-00059,REP-0074,Meridian Group,201-1000,Paid Marketing,Data Analytics,Q4 2025,2025-12-02,Lost,5,2025-12-20,43100,
PROS-00060,REP-0083,Cobalt Technologies,201-1000,Paid Marketing,Cloud Compute,Q4 2025,2025-12-10,Lost,5,2025-12-31,26300,
PROS-00061,REP-0088,Ridgeline Technologies,1-50,Conference,Cloud Compute,Q4 2025,2025-12-16,Won,3,2025-12-27,17600,15600
PROS-00062,REP-0075,Vertex Digital,201-1000,Website Inquiry,Cloud Storage,Q1 2026,2026-02-28,Dead,1,,15600,
PROS-00063,REP-0032,Apex Labs,1000-5000,Inbound Call,Data Analytics,Q4 2025,2025-10-12,Won,7,2025-11-14,87100,100500
PROS-00064,REP-0008,Solace Systems,51-200,LinkedIn,Cloud Storage,Q4 2025,2025-12-04,Lost,4,2026-01-23,13000,
PROS-00065,REP-0106,Atlas Group,201-1000,Conference,Cloud Compute,Q1 2026,2026-01-04,Lost,3,2026-02-07,17400,
PROS-00066,REP-0107,Catalyst Dynamics,201-1000,Paid Marketing,Cloud Compute,Q4 2025,2025-10-27,Won,5,2025-11-15,18100,16100
PROS-00067,REP-0105,Solace Solutions,201-1000,LinkedIn,Cloud Compute,Q1 2026,2026-02-10,Won,6,2026-03-13,39300,44100
PROS-00068,REP-0002,Helix Works,1000-5000,Paid Marketing,Cloud Storage,Q2 2026,2026-06-16,Open,0,,18200,
PROS-00069,REP-0007,Redshift Systems,201-1000,Website Inquiry,Data Analytics,Q2 2026,2026-05-27,Open,0,,42700,
PROS-00070,REP-0012,Nova Works,1-50,Website Inquiry,AI Platform,Q2 2026,2026-06-01,Open,1,,34900,
PROS-00071,REP-0072,Quantum Technologies,51-200,Conference,Data Analytics,Q1 2026,2026-02-23,Lost,3,2026-04-09,24600,
PROS-00072,REP-0007,Nova Digital,51-200,Cold Outreach,Cloud Compute,Q1 2026,2026-01-05,Won,6,2026-02-13,14300,12400
PROS-00073,REP-0098,Granite Group,51-200,Cold Outreach,AI Platform,Q2 2026,2026-05-13,Won,3,2026-06-03,59000,63100
PROS-00074,REP-0012,Anchor Labs,51-200,LinkedIn,Cloud Storage,Q1 2026,2026-01-14,Dead,1,,14600,
PROS-00075,REP-0028,Nova Works,51-200,Inbound Call,Data Analytics,Q1 2026,2026-02-13,Lost,2,2026-03-09,40800,
PROS-00076,REP-0089,Granite Solutions,1-50,LinkedIn,Cloud Compute,Q1 2026,2026-01-04,Lost,3,2026-01-13,12600,
PROS-00077,REP-0004,Catalyst Partners,51-200,Cold Outreach,Data Analytics,Q4 2025,2025-10-20,Lost,2,2025-11-03,39600,
PROS-00078,REP-0078,Sterling Partners,51-200,Cold Outreach,Data Analytics,Q2 2026,2026-05-11,Lost,5,2026-06-13,19600,
PROS-00079,REP-0012,Catalyst Works,1-50,Paid Marketing,Cloud Storage,Q1 2026,2026-01-28,Dead,2,,3900,
PROS-00080,REP-0041,Sterling Solutions,201-1000,Paid Marketing,Cloud Compute,Q1 2026,2026-01-21,Lost,3,2026-02-26,36300,
PROS-00081,REP-0016,Quantum Industries,1000-5000,Paid Marketing,Cloud Storage,Q1 2026,2026-02-16,Lost,2,2026-03-26,22500,
PROS-00082,REP-0055,Apex Labs,5000+,LinkedIn,Cloud Storage,Q2 2026,2026-05-28,Open,0,,26800,
PROS-00083,REP-0070,Catalyst Holdings,201-1000,Inbound Call,AI Platform,Q2 2026,2026-05-15,Won,6,2026-06-15,65000,70900
PROS-00084,REP-0102,Pulse Solutions,1-50,Conference,Cloud Storage,Q1 2026,2026-01-26,Lost,3,2026-02-13,4900,
PROS-00085,REP-0095,Apex Works,1-50,Inbound Call,Security Suite,Q4 2025,2025-12-16,Won,2,2025-12-28,23600,27900
PROS-00086,REP-0043,Orbit Labs,201-1000,Inbound Call,AI Platform,Q1 2026,2026-02-18,Dead,0,,109500,
PROS-00087,REP-0046,Apex Solutions,1000-5000,Website Inquiry,Cloud Storage,Q2 2026,2026-05-06,Dead,0,,19900,
PROS-00088,REP-0056,Helix Systems,1-50,LinkedIn,AI Platform,Q1 2026,2026-01-28,Dead,1,,21000,
PROS-00089,REP-0070,Redshift Holdings,201-1000,Website Inquiry,Cloud Compute,Q1 2026,2026-02-17,Lost,5,2026-03-20,37400,
PROS-00090,REP-0095,Fusion Labs,1-50,LinkedIn,Cloud Compute,Q4 2025,2025-10-01,Lost,3,2025-10-15,18600,
PROS-00091,REP-0067,Ironclad Labs,5000+,LinkedIn,AI Platform,Q1 2026,2026-02-01,Dead,1,,137800,
PROS-00092,REP-0038,Granite Digital,1000-5000,Conference,Security Suite,Q1 2026,2026-02-25,Lost,2,2026-03-29,79800,
PROS-00093,REP-0021,Catalyst Systems,51-200,Paid Marketing,Cloud Compute,Q2 2026,2026-05-30,Open,0,,10500,
PROS-00094,REP-0021,Pulse Technologies,51-200,Website Inquiry,AI Platform,Q2 2026,2026-05-04,Lost,3,2026-05-26,63900,
PROS-00095,REP-0024,Atlas Holdings,51-200,Website Inquiry,Data Analytics,Q4 2025,2025-12-04,Dead,2,,34600,
PROS-00096,REP-0043,Ember Works,1000-5000,Inbound Call,Security Suite,Q4 2025,2025-12-19,Lost,5,2026-01-28,53800,
PROS-00097,REP-0086,Helix Technologies,51-200,Paid Marketing,Cloud Compute,Q4 2025,2025-10-31,Lost,3,2025-12-05,23200,
PROS-00098,REP-0069,Atlas Dynamics,201-1000,Inbound Call,Cloud Compute,Q4 2025,2025-11-22,Dead,0,,18600,
PROS-00099,REP-0091,Vertex Networks,1000-5000,Paid Marketing,Data Analytics,Q4 2025,2025-10-25,Lost,4,2025-12-13,40700,
PROS-00100,REP-0100,Fusion Digital,1000-5000,Cold Outreach,Cloud Storage,Q1 2026,2026-02-19,Lost,3,2026-03-19,19600,
PROS-00101,REP-0108,Pulse Partners,201-1000,Paid Marketing,Cloud Storage,Q1 2026,2026-01-26,Lost,5,2026-02-02,22200,
PROS-00102,REP-0015,Quantum Digital,201-1000,LinkedIn,Security Suite,Q1 2026,2026-03-16,Won,4,2026-04-02,64800,63400
PROS-00103,REP-0096,Cobalt Dynamics,1-50,Paid Marketing,Cloud Storage,Q1 2026,2026-01-21,Dead,1,,7800,
PROS-00104,REP-0062,Redshift Industries,51-200,Cold Outreach,Cloud Storage,Q1 2026,2026-02-01,Lost,5,2026-02-22,8900,
PROS-00105,REP-0088,Solace Systems,1-50,Paid Marketing,AI Platform,Q2 2026,2026-04-08,Dead,1,,54700,
PROS-00106,REP-0070,Quantum Technologies,201-1000,Cold Outreach,Cloud Compute,Q2 2026,2026-05-01,Lost,2,2026-05-18,23700,
PROS-00107,REP-0029,Atlas Partners,51-200,LinkedIn,Data Analytics,Q4 2025,2025-10-06,Lost,5,2025-11-22,22900,
PROS-00108,REP-0082,Cobalt Networks,201-1000,LinkedIn,Data Analytics,Q1 2026,2026-02-19,Dead,0,,22600,
PROS-00109,REP-0092,Helix Dynamics,5000+,Paid Marketing,AI Platform,Q2 2026,2026-05-05,Lost,2,2026-06-29,212500,
PROS-00110,REP-0042,Pulse Partners,1-50,Paid Marketing,AI Platform,Q1 2026,2026-02-08,Lost,5,2026-02-16,26900,
PROS-00111,REP-0017,Meridian Systems,201-1000,Website Inquiry,AI Platform,Q2 2026,2026-05-12,Lost,3,2026-06-10,71400,
PROS-00112,REP-0056,Northgate Group,201-1000,Paid Marketing,Cloud Compute,Q1 2026,2026-01-10,Lost,4,2026-01-27,19800,
PROS-00113,REP-0017,Vantage Dynamics,201-1000,Inbound Call,AI Platform,Q1 2026,2026-03-10,Lost,4,2026-03-29,49500,
PROS-00114,REP-0104,Atlas Industries,1000-5000,Cold Outreach,Cloud Compute,Q2 2026,2026-05-22,Won,4,2026-06-29,44800,52600
PROS-00115,REP-0030,Orbit Technologies,1000-5000,LinkedIn,Cloud Compute,Q1 2026,2026-02-11,Lost,2,2026-04-22,70600,
PROS-00116,REP-0095,Quantum Works,1-50,Paid Marketing,AI Platform,Q2 2026,2026-05-31,Open,1,,34500,
PROS-00117,REP-0020,Cobalt Solutions,1000-5000,Inbound Call,AI Platform,Q2 2026,2026-05-05,Lost,2,2026-06-28,71500,
PROS-00118,REP-0110,Quantum Dynamics,1000-5000,Paid Marketing,AI Platform,Q1 2026,2026-01-02,Lost,4,2026-01-21,137700,
PROS-00119,REP-0036,Meridian Dynamics,51-200,Cold Outreach,Cloud Compute,Q1 2026,2026-03-20,Lost,5,2026-04-07,37800,
PROS-00120,REP-0042,Catalyst Labs,1-50,Paid Marketing,Security Suite,Q2 2026,2026-05-19,Dead,0,,13100,
PROS-00121,REP-0107,Orbit Dynamics,201-1000,Cold Outreach,Security Suite,Q1 2026,2026-03-06,Lost,2,2026-04-19,75900,
PROS-00122,REP-0005,Atlas Holdings,1-50,Cold Outreach,Security Suite,Q2 2026,2026-05-07,Lost,5,2026-05-21,34200,
PROS-00123,REP-0064,Vertex Industries,201-1000,Paid Marketing,Data Analytics,Q2 2026,2026-04-17,Lost,5,2026-05-22,49300,
PROS-00124,REP-0109,Wavefront Technologies,51-200,LinkedIn,Security Suite,Q2 2026,2026-04-25,Lost,2,2026-05-06,56600,
PROS-00125,REP-0039,Apex Works,5000+,Paid Marketing,AI Platform,Q2 2026,2026-05-22,Won,8,2026-06-30,315000,345800
PROS-00126,REP-0029,Pulse Holdings,1000-5000,Referral,Cloud Storage,Q1 2026,2026-01-08,Dead,0,,14100,
PROS-00127,REP-0099,Redshift Works,201-1000,Inbound Call,Security Suite,Q1 2026,2026-01-22,Dead,0,,97800,
PROS-00128,REP-0032,Cobalt Networks,5000+,Paid Marketing,Security Suite,Q2 2026,2026-06-13,Lost,5,2026-06-29,216100,
PROS-00129,REP-0071,Redshift Industries,1000-5000,Cold Outreach,AI Platform,Q4 2025,2025-12-07,Lost,4,2026-01-25,162400,
PROS-00130,REP-0064,Ironclad Networks,201-1000,Paid Marketing,AI Platform,Q4 2025,2025-11-11,Lost,5,2025-12-26,126100,
PROS-00131,REP-0025,Drift Group,201-1000,Website Inquiry,Cloud Compute,Q1 2026,2026-03-05,Dead,0,,43700,
PROS-00132,REP-0064,Summit Industries,201-1000,Cold Outreach,Cloud Compute,Q2 2026,2026-04-18,Lost,5,2026-05-29,23800,
PROS-00133,REP-0099,Ridgeline Technologies,201-1000,Inbound Call,Cloud Storage,Q1 2026,2026-02-11,Lost,5,2026-03-15,20200,
PROS-00134,REP-0054,Catalyst Holdings,1000-5000,Referral,AI Platform,Q4 2025,2025-12-21,Won,5,2026-01-13,276600,274400
PROS-00135,REP-0003,Nova Partners,51-200,Paid Marketing,Data Analytics,Q4 2025,2025-12-21,Dead,0,,30400,
PROS-00136,REP-0074,Pulse Solutions,201-1000,Cold Outreach,Cloud Storage,Q1 2026,2026-03-15,Lost,5,2026-04-27,16700,
PROS-00137,REP-0033,Vantage Technologies,1000-5000,Cold Outreach,Cloud Compute,Q2 2026,2026-05-07,Dead,0,,53000,
PROS-00138,REP-0063,Anchor Group,1-50,Paid Marketing,Cloud Compute,Q1 2026,2026-02-12,Lost,4,2026-02-27,14100,
PROS-00139,REP-0068,Ridgeline Solutions,1000-5000,LinkedIn,Cloud Storage,Q4 2025,2025-11-18,Lost,5,2025-12-03,26800,
PROS-00140,REP-0012,Northgate Works,51-200,Inbound Call,AI Platform,Q1 2026,2026-03-21,Dead,0,,79600,
PROS-00141,REP-0063,Vantage Works,1-50,Inbound Call,Cloud Compute,Q2 2026,2026-05-28,Open,0,,13500,
PROS-00142,REP-0046,Northgate Systems,201-1000,Conference,Cloud Storage,Q2 2026,2026-05-03,Won,3,2026-05-24,10000,10300
PROS-00143,REP-0068,Vantage Group,201-1000,Inbound Call,Cloud Compute,Q1 2026,2026-01-23,Lost,5,2026-03-03,27900,
PROS-00144,REP-0077,Ridgeline Partners,1-50,Conference,Cloud Compute,Q1 2026,2026-01-28,Won,2,2026-02-17,20800,19700
PROS-00145,REP-0011,Meridian Works,51-200,LinkedIn,Cloud Compute,Q2 2026,2026-05-02,Lost,3,2026-05-25,21100,
PROS-00146,REP-0015,Nimbus Holdings,1-50,Inbound Call,Cloud Storage,Q4 2025,2025-12-06,Won,4,2025-12-18,7900,8600
PROS-00147,REP-0069,Sterling Systems,201-1000,LinkedIn,Cloud Storage,Q2 2026,2026-06-28,Open,2,,19600,
PROS-00148,REP-0044,Meridian Partners,51-200,Paid Marketing,Cloud Compute,Q2 2026,2026-04-30,Lost,5,2026-05-21,24700,
PROS-00149,REP-0105,Beacon Labs,201-1000,Cold Outreach,Cloud Compute,Q1 2026,2026-02-01,Lost,4,2026-02-20,19200,
PROS-00150,REP-0033,Nimbus Works,5000+,Paid Marketing,Security Suite,Q1 2026,2026-03-11,Dead,0,,169300,
PROS-00151,REP-0062,Ember Holdings,1-50,Paid Marketing,AI Platform,Q1 2026,2026-01-30,Dead,1,,16000,
PROS-00152,REP-0014,Sterling Labs,51-200,Paid Marketing,Security Suite,Q2 2026,2026-06-27,Open,1,,56400,
PROS-00153,REP-0086,Pulse Systems,201-1000,Cold Outreach,Cloud Compute,Q2 2026,2026-06-04,Open,0,,35200,
PROS-00154,REP-0001,Atlas Solutions,51-200,Website Inquiry,Security Suite,Q1 2026,2026-02-13,Lost,4,2026-03-18,63000,
PROS-00155,REP-0042,Orbit Digital,51-200,Inbound Call,AI Platform,Q1 2026,2026-02-14,Won,4,2026-03-06,84600,92300
PROS-00156,REP-0005,Sterling Works,51-200,Website Inquiry,Data Analytics,Q2 2026,2026-05-21,Lost,5,2026-06-06,32200,
PROS-00157,REP-0081,Meridian Dynamics,201-1000,Conference,Data Analytics,Q2 2026,2026-06-24,Open,0,,27900,
PROS-00158,REP-0109,Redshift Holdings,1-50,Cold Outreach,Cloud Storage,Q1 2026,2026-03-11,Dead,0,,9200,
PROS-00159,REP-0022,Zenith Solutions,1000-5000,Paid Marketing,Cloud Storage,Q4 2025,2025-12-14,Dead,0,,33300,
PROS-00160,REP-0089,Solace Works,1-50,Paid Marketing,Cloud Compute,Q2 2026,2026-05-16,Dead,1,,6000,
PROS-00161,REP-0074,Granite Systems,51-200,Inbound Call,Cloud Storage,Q4 2025,2025-10-29,Lost,2,2025-11-16,6400,
PROS-00162,REP-0022,Drift Solutions,51-200,Inbound Call,Cloud Storage,Q1 2026,2026-01-20,Lost,4,2026-03-09,8300,
PROS-00163,REP-0062,Northgate Networks,51-200,Website Inquiry,Data Analytics,Q1 2026,2026-01-07,Dead,0,,15400,
PROS-00164,REP-0036,Ironclad Solutions,201-1000,Paid Marketing,Cloud Compute,Q4 2025,2025-10-25,Won,5,2025-11-22,20700,19400
PROS-00165,REP-0043,Helix Labs,1000-5000,Paid Marketing,Security Suite,Q4 2025,2025-12-12,Lost,3,2026-01-13,69200,
PROS-00166,REP-0006,Summit Systems,5000+,Conference,Security Suite,Q2 2026,2026-04-23,Lost,3,2026-06-30,210500,
PROS-00167,REP-0010,Horizon Digital,51-200,Paid Marketing,AI Platform,Q1 2026,2026-03-14,Dead,0,,80800,
PROS-00168,REP-0024,Catalyst Group,51-200,Cold Outreach,Security Suite,Q4 2025,2025-10-18,Lost,3,2025-10-31,18500,
PROS-00169,REP-0071,Helix Group,51-200,LinkedIn,Data Analytics,Q2 2026,2026-04-11,Dead,0,,22000,
PROS-00170,REP-0035,Helix Networks,5000+,Paid Marketing,Cloud Compute,Q1 2026,2026-03-31,Dead,1,,76900,
PROS-00171,REP-0086,Fusion Industries,51-200,LinkedIn,Cloud Compute,Q2 2026,2026-05-31,Open,1,,10900,
PROS-00172,REP-0083,Ironclad Technologies,201-1000,LinkedIn,Cloud Compute,Q1 2026,2026-01-19,Lost,5,2026-02-18,40900,
PROS-00173,REP-0108,Nova Networks,1-50,Inbound Call,AI Platform,Q1 2026,2026-01-18,Dead,0,,48900,
PROS-00174,REP-0031,Vertex Group,201-1000,LinkedIn,Security Suite,Q2 2026,2026-06-26,Open,2,,71200,
PROS-00175,REP-0007,Cobalt Partners,201-1000,Conference,Cloud Storage,Q1 2026,2026-01-24,Dead,0,,12700,
PROS-00176,REP-0094,Northgate Partners,51-200,Website Inquiry,Cloud Compute,Q1 2026,2026-02-06,Dead,1,,27700,
PROS-00177,REP-0096,Northgate Industries,1-50,Cold Outreach,Cloud Storage,Q4 2025,2025-11-25,Dead,0,,4900,
PROS-00178,REP-0107,Helix Works,51-200,Inbound Call,AI Platform,Q2 2026,2026-04-21,Won,3,2026-05-07,35800,34400
PROS-00179,REP-0066,Vertex Group,51-200,Paid Marketing,AI Platform,Q1 2026,2026-03-22,Dead,1,,104300,
PROS-00180,REP-0068,Beacon Industries,51-200,Cold Outreach,Cloud Compute,Q4 2025,2025-11-25,Dead,0,,28700,
PROS-00181,REP-0062,Helix Works,51-200,Paid Marketing,Cloud Storage,Q4 2025,2025-11-21,Lost,5,2025-12-12,7700,
PROS-00182,REP-0086,Anchor Labs,201-1000,Paid Marketing,Cloud Storage,Q4 2025,2025-12-28,Lost,3,2026-02-11,9700,
PROS-00183,REP-0064,Atlas Works,201-1000,Website Inquiry,AI Platform,Q4 2025,2025-11-01,Dead,0,,78900,
PROS-00184,REP-0066,Anchor Group,51-200,Paid Marketing,AI Platform,Q1 2026,2026-03-01,Won,4,2026-03-24,82400,97200
PROS-00185,REP-0109,Ember Labs,1-50,Cold Outreach,Cloud Compute,Q1 2026,2026-01-12,Dead,0,,9400,
PROS-00186,REP-0062,Granite Technologies,51-200,Inbound Call,AI Platform,Q2 2026,2026-04-28,Dead,0,,68100,
PROS-00187,REP-0088,Nimbus Technologies,1-50,Website Inquiry,Cloud Storage,Q1 2026,2026-03-29,Won,3,2026-04-12,8900,9200
PROS-00188,REP-0063,Meridian Partners,1-50,LinkedIn,AI Platform,Q2 2026,2026-06-10,Open,1,,34600,
PROS-00189,REP-0100,Vertex Holdings,51-200,Paid Marketing,Cloud Storage,Q1 2026,2026-01-06,Won,4,2026-01-21,10800,12000
PROS-00190,REP-0066,Fusion Digital,201-1000,Inbound Call,Security Suite,Q4 2025,2025-11-25,Won,5,2025-12-30,47200,56500
PROS-00191,REP-0011,Beacon Networks,1-50,Cold Outreach,Cloud Storage,Q4 2025,2025-12-19,Lost,2,2026-01-07,6500,
PROS-00192,REP-0095,Vantage Digital,1-50,LinkedIn,Data Analytics,Q2 2026,2026-05-27,Open,0,,28800,
PROS-00193,REP-0031,Ember Solutions,51-200,Referral,AI Platform,Q2 2026,2026-04-09,Dead,0,,50200,
PROS-00194,REP-0038,Meridian Digital,1000-5000,Cold Outreach,AI Platform,Q1 2026,2026-02-19,Lost,2,2026-03-26,82900,
PROS-00195,REP-0031,Horizon Technologies,201-1000,Inbound Call,Cloud Compute,Q1 2026,2026-03-07,Lost,2,2026-03-23,29300,
PROS-00196,REP-0008,Granite Technologies,51-200,Cold Outreach,AI Platform,Q2 2026,2026-06-23,Open,0,,28300,
PROS-00197,REP-0046,Helix Technologies,201-1000,Paid Marketing,Cloud Compute,Q2 2026,2026-06-08,Dead,0,,26300,
PROS-00198,REP-0066,Catalyst Networks,201-1000,Paid Marketing,Data Analytics,Q2 2026,2026-05-24,Lost,4,2026-06-29,27900,
PROS-00199,REP-0074,Pulse Systems,201-1000,Paid Marketing,Cloud Compute,Q1 2026,2026-03-25,Lost,5,2026-04-09,19100,
PROS-00200,REP-0093,Lattice Group,51-200,Inbound Call,Cloud Compute,Q2 2026,2026-05-09,Dead,0,,16200,
PROS-00201,REP-0079,Ridgeline Networks,1-50,Inbound Call,Cloud Storage,Q2 2026,2026-06-19,Open,1,,7700,
PROS-00202,REP-0101,Cobalt Works,1000-5000,Inbound Call,Cloud Compute,Q4 2025,2025-11-23,Lost,4,2025-12-30,50800,
PROS-00203,REP-0062,Nimbus Group,1-50,LinkedIn,Data Analytics,Q4 2025,2025-11-22,Lost,4,2025-12-11,8400,
PROS-00204,REP-0098,Quantum Industries,201-1000,Cold Outreach,Data Analytics,Q4 2025,2025-11-15,Lost,3,2025-12-03,40000,
PROS-00205,REP-0016,Fusion Systems,1000-5000,Conference,Cloud Compute,Q1 2026,2026-01-01,Lost,3,2026-02-14,60500,
PROS-00206,REP-0028,Meridian Group,1-50,Inbound Call,Cloud Compute,Q4 2025,2025-12-07,Won,3,2025-12-15,15600,17100
PROS-00207,REP-0102,Cobalt Group,1-50,Inbound Call,Cloud Compute,Q4 2025,2025-11-21,Lost,4,2025-12-08,7100,
PROS-00208,REP-0044,Ridgeline Digital,201-1000,LinkedIn,Security Suite,Q1 2026,2026-01-19,Dead,2,,80300,
PROS-00209,REP-0073,Meridian Dynamics,201-1000,Website Inquiry,Security Suite,Q2 2026,2026-04-01,Lost,2,2026-05-20,36300,
PROS-00210,REP-0024,Horizon Networks,201-1000,Cold Outreach,Cloud Compute,Q2 2026,2026-05-13,Dead,2,,13200,
PROS-00211,REP-0063,Fusion Partners,201-1000,Paid Marketing,Data Analytics,Q4 2025,2025-11-18,Dead,0,,28800,
PROS-00212,REP-0059,Drift Partners,1-50,Paid Marketing,Data Analytics,Q4 2025,2025-10-25,Lost,5,2025-11-16,9900,
PROS-00213,REP-0067,Solace Labs,1000-5000,Paid Marketing,Data Analytics,Q4 2025,2025-12-01,Lost,4,2026-02-22,92000,
PROS-00214,REP-0017,Catalyst Solutions,201-1000,Cold Outreach,Data Analytics,Q2 2026,2026-04-17,Dead,0,,37400,
PROS-00215,REP-0106,Meridian Group,1000-5000,Cold Outreach,AI Platform,Q1 2026,2026-03-29,Lost,3,2026-05-15,201000,
PROS-00216,REP-0017,Ember Holdings,1000-5000,Paid Marketing,AI Platform,Q2 2026,2026-05-31,Open,0,,112100,
PROS-00217,REP-0039,Quantum Holdings,5000+,Website Inquiry,AI Platform,Q1 2026,2026-03-18,Dead,0,,448200,
PROS-00218,REP-0019,Ridgeline Holdings,51-200,Paid Marketing,Cloud Storage,Q2 2026,2026-06-22,Open,1,,12100,
PROS-00219,REP-0042,Orbit Group,51-200,Paid Marketing,Cloud Compute,Q4 2025,2025-12-24,Lost,5,2026-01-11,18600,
PROS-00220,REP-0097,Redshift Digital,201-1000,LinkedIn,Cloud Compute,Q2 2026,2026-04-14,Dead,0,,34700,
PROS-00221,REP-0098,Wavefront Digital,201-1000,Website Inquiry,Security Suite,Q4 2025,2025-11-08,Dead,0,,74900,
PROS-00222,REP-0084,Horizon Solutions,201-1000,Inbound Call,Cloud Compute,Q2 2026,2026-06-02,Open,0,,32000,
PROS-00223,REP-0065,Wavefront Group,1000-5000,Website Inquiry,Cloud Storage,Q1 2026,2026-01-03,Lost,4,2026-02-03,23800,
PROS-00224,REP-0015,Ember Digital,1-50,Conference,AI Platform,Q2 2026,2026-06-27,Open,0,,27500,
PROS-00225,REP-0081,Ridgeline Partners,51-200,Inbound Call,AI Platform,Q1 2026,2026-01-26,Lost,2,2026-02-20,58300,
PROS-00226,REP-0034,Solace Group,51-200,Inbound Call,Data Analytics,Q4 2025,2025-12-21,Won,3,2026-01-07,18400,15800
PROS-00227,REP-0069,Beacon Holdings,1000-5000,Paid Marketing,AI Platform,Q4 2025,2025-11-07,Lost,4,2025-11-26,202500,
PROS-00228,REP-0106,Anchor Partners,51-200,Paid Marketing,Data Analytics,Q1 2026,2026-01-09,Lost,5,2026-02-02,30400,
PROS-00229,REP-0003,Fusion Holdings,51-200,Website Inquiry,Data Analytics,Q2 2026,2026-05-02,Lost,5,2026-05-19,23000,
PROS-00230,REP-0052,Pulse Solutions,1000-5000,Cold Outreach,Cloud Compute,Q1 2026,2026-01-27,Lost,2,2026-04-18,41200,
PROS-00231,REP-0064,Apex Solutions,201-1000,Conference,Cloud Compute,Q2 2026,2026-04-07,Won,3,2026-04-24,24100,28300
PROS-00232,REP-0096,Catalyst Labs,1-50,LinkedIn,AI Platform,Q1 2026,2026-02-28,Lost,2,2026-03-21,26400,
PROS-00233,REP-0044,Ironclad Holdings,1-50,Conference,Data Analytics,Q2 2026,2026-05-03,Lost,3,2026-05-11,17200,
PROS-00234,REP-0068,Catalyst Systems,201-1000,LinkedIn,Cloud Storage,Q1 2026,2026-02-22,Lost,3,2026-03-22,20800,
PROS-00235,REP-0015,Ridgeline Works,1-50,LinkedIn,Security Suite,Q4 2025,2025-11-11,Lost,4,2025-11-24,43400,
PROS-00236,REP-0073,Northgate Holdings,201-1000,Paid Marketing,Security Suite,Q2 2026,2026-04-01,Dead,0,,51200,
PROS-00237,REP-0005,Nova Solutions,1-50,Referral,Cloud Storage,Q2 2026,2026-06-19,Won,2,2026-06-28,5900,5100
PROS-00238,REP-0082,Lattice Systems,201-1000,Paid Marketing,Cloud Compute,Q2 2026,2026-05-10,Lost,5,2026-05-25,28700,
PROS-00239,REP-0081,Ironclad Networks,1-50,Paid Marketing,Cloud Storage,Q1 2026,2026-03-08,Dead,0,,3400,
PROS-00240,REP-0085,Summit Holdings,5000+,LinkedIn,Cloud Compute,Q1 2026,2026-01-09,Won,4,2026-04-06,89200,101100
PROS-00241,REP-0024,Orbit Solutions,51-200,Website Inquiry,Data Analytics,Q4 2025,2025-12-04,Lost,3,2025-12-18,27500,
PROS-00242,REP-0016,Zenith Partners,5000+,LinkedIn,Cloud Storage,Q2 2026,2026-05-27,Open,0,,26800,
PROS-00243,REP-0095,Atlas Solutions,1-50,Paid Marketing,Cloud Storage,Q4 2025,2025-11-23,Lost,5,2025-12-09,4500,
PROS-00244,REP-0039,Ridgeline Holdings,5000+,Paid Marketing,Cloud Storage,Q4 2025,2025-12-30,Lost,5,2026-02-13,24900,
PROS-00245,REP-0110,Apex Networks,51-200,Website Inquiry,Cloud Compute,Q4 2025,2025-11-20,Won,6,2025-12-13,24300,28800
PROS-00246,REP-0047,Vertex Solutions,201-1000,Inbound Call,Data Analytics,Q4 2025,2025-12-20,Lost,5,2026-01-20,31100,
PROS-00247,REP-0093,Ridgeline Partners,1-50,LinkedIn,Cloud Storage,Q2 2026,2026-05-25,Lost,4,2026-06-09,5600,
PROS-00248,REP-0004,Ironclad Solutions,1-50,LinkedIn,Data Analytics,Q1 2026,2026-03-01,Won,3,2026-03-15,22600,19700
PROS-00249,REP-0015,Helix Labs,51-200,Website Inquiry,Cloud Compute,Q2 2026,2026-05-24,Lost,2,2026-06-13,19100,
PROS-00250,REP-0022,Horizon Partners,1000-5000,Paid Marketing,Cloud Compute,Q2 2026,2026-05-18,Lost,5,2026-06-18,60800,
PROS-00251,REP-0074,Vertex Networks,201-1000,Paid Marketing,AI Platform,Q2 2026,2026-06-11,Open,2,,58600,
PROS-00252,REP-0076,Atlas Group,1-50,LinkedIn,Cloud Compute,Q1 2026,2026-03-22,Won,2,2026-04-04,8700,8100
PROS-00253,REP-0091,Redshift Digital,201-1000,LinkedIn,AI Platform,Q2 2026,2026-06-02,Open,3,,59500,
PROS-00254,REP-0008,Ridgeline Technologies,201-1000,Paid Marketing,Data Analytics,Q2 2026,2026-04-05,Lost,4,2026-04-24,29400,
PROS-00255,REP-0084,Nova Digital,201-1000,Conference,Cloud Storage,Q2 2026,2026-06-27,Open,2,,16400,
PROS-00256,REP-0002,Orbit Networks,1000-5000,Cold Outreach,Cloud Storage,Q2 2026,2026-06-01,Open,1,,17400,
PROS-00257,REP-0026,Summit Digital,51-200,LinkedIn,Security Suite,Q2 2026,2026-06-15,Open,2,,67700,
PROS-00258,REP-0080,Orbit Technologies,201-1000,LinkedIn,Cloud Compute,Q2 2026,2026-04-04,Dead,1,,20800,
PROS-00259,REP-0069,Lattice Labs,51-200,Cold Outreach,Cloud Compute,Q4 2025,2025-12-31,Lost,2,2026-01-23,29700,
PROS-00260,REP-0001,Apex Dynamics,51-200,LinkedIn,AI Platform,Q2 2026,2026-06-21,Open,1,,87200,
PROS-00261,REP-0059,Lattice Digital,51-200,Referral,Cloud Compute,Q2 2026,2026-04-03,Lost,5,2026-04-23,13400,
PROS-00262,REP-0043,Lattice Holdings,201-1000,Inbound Call,Cloud Compute,Q4 2025,2025-11-07,Lost,2,2025-12-26,44300,
PROS-00263,REP-0034,Redshift Group,1000-5000,LinkedIn,Cloud Compute,Q4 2025,2025-12-08,Dead,1,,55800,
PROS-00264,REP-0034,Pulse Networks,201-1000,Paid Marketing,Security Suite,Q2 2026,2026-04-01,Dead,0,,72300,
PROS-00265,REP-0012,Zenith Solutions,1-50,Conference,Cloud Storage,Q4 2025,2025-12-02,Won,4,2025-12-09,6200,7000
PROS-00266,REP-0044,Vertex Labs,51-200,Website Inquiry,Data Analytics,Q1 2026,2026-02-24,Lost,4,2026-03-19,41200,
PROS-00267,REP-0049,Atlas Networks,51-200,Cold Outreach,Cloud Compute,Q1 2026,2026-02-25,Dead,0,,16600,
PROS-00268,REP-0036,Anchor Labs,1000-5000,Inbound Call,AI Platform,Q1 2026,2026-01-09,Won,5,2026-01-26,223600,263800
PROS-00269,REP-0042,Summit Dynamics,51-200,Paid Marketing,Security Suite,Q1 2026,2026-03-06,Lost,4,2026-03-21,23900,
PROS-00270,REP-0038,Zenith Technologies,201-1000,LinkedIn,Cloud Storage,Q2 2026,2026-05-10,Lost,3,2026-06-15,16100,
PROS-00271,REP-0001,Quantum Works,1000-5000,LinkedIn,Data Analytics,Q4 2025,2025-12-06,Lost,3,2026-01-18,84800,
PROS-00272,REP-0059,Summit Partners,51-200,Cold Outreach,Cloud Compute,Q2 2026,2026-05-21,Dead,0,,9800,
PROS-00273,REP-0062,Northgate Partners,51-200,Cold Outreach,AI Platform,Q2 2026,2026-04-30,Lost,5,2026-05-07,43200,
PROS-00274,REP-0101,Ironclad Partners,201-1000,Paid Marketing,AI Platform,Q1 2026,2026-03-14,Dead,0,,87400,
PROS-00275,REP-0094,Cobalt Partners,51-200,LinkedIn,Cloud Storage,Q2 2026,2026-05-23,Won,4,2026-06-01,16100,19100
PROS-00276,REP-0090,Ironclad Partners,5000+,LinkedIn,Data Analytics,Q1 2026,2026-03-06,Lost,2,2026-04-11,127900,
PROS-00277,REP-0060,Vertex Labs,5000+,Paid Marketing,Cloud Storage,Q4 2025,2025-10-27,Dead,1,,39900,
PROS-00278,REP-0107,Summit Networks,201-1000,Inbound Call,Cloud Compute,Q1 2026,2026-01-17,Lost,2,2026-02-22,46200,
PROS-00279,REP-0012,Nova Solutions,1-50,LinkedIn,Data Analytics,Q1 2026,2026-02-13,Dead,1,,15300,
PROS-00280,REP-0025,Horizon Group,51-200,Paid Marketing,Cloud Compute,Q1 2026,2026-01-05,Dead,0,,21700,
PROS-00281,REP-0028,Vantage Networks,1-50,LinkedIn,Security Suite,Q2 2026,2026-04-03,Dead,1,,14000,
PROS-00282,REP-0096,Ember Partners,1-50,LinkedIn,Cloud Compute,Q2 2026,2026-06-06,Open,0,,5300,
PROS-00283,REP-0003,Horizon Digital,51-200,Paid Marketing,Data Analytics,Q1 2026,2026-01-24,Dead,1,,16900,
PROS-00284,REP-0059,Helix Holdings,1-50,Paid Marketing,AI Platform,Q2 2026,2026-06-26,Lost,5,2026-06-29,38700,
PROS-00285,REP-0003,Northgate Digital,51-200,LinkedIn,Cloud Compute,Q1 2026,2026-02-26,Lost,2,2026-03-12,17100,
PROS-00286,REP-0066,Apex Digital,201-1000,Cold Outreach,Data Analytics,Q4 2025,2025-11-28,Lost,5,2025-12-15,43400,
PROS-00287,REP-0024,Drift Industries,1-50,LinkedIn,Cloud Compute,Q1 2026,2026-02-19,Lost,5,2026-03-05,11200,
PROS-00288,REP-0070,Solace Networks,1000-5000,Inbound Call,Cloud Storage,Q2 2026,2026-05-25,Dead,0,,17100,
PROS-00289,REP-0097,Meridian Works,201-1000,Website Inquiry,Data Analytics,Q4 2025,2025-10-12,Won,4,2025-10-30,62000,64900
PROS-00290,REP-0083,Meridian Systems,201-1000,Inbound Call,Cloud Compute,Q1 2026,2026-02-18,Lost,2,2026-03-13,14000,
PROS-00291,REP-0101,Apex Digital,201-1000,Website Inquiry,Security Suite,Q4 2025,2025-12-31,Dead,0,,80600,
PROS-00292,REP-0063,Helix Solutions,201-1000,Paid Marketing,Security Suite,Q1 2026,2026-01-30,Lost,4,2026-02-21,70600,
PROS-00293,REP-0041,Horizon Solutions,201-1000,Paid Marketing,Security Suite,Q2 2026,2026-04-03,Lost,4,2026-05-10,101900,
PROS-00294,REP-0047,Helix Digital,51-200,Referral,Security Suite,Q1 2026,2026-01-18,Dead,0,,34400,
PROS-00295,REP-0070,Nova Industries,1000-5000,Referral,Data Analytics,Q2 2026,2026-06-07,Open,0,,52600,
PROS-00296,REP-0043,Cobalt Dynamics,201-1000,LinkedIn,AI Platform,Q2 2026,2026-05-21,Dead,0,,70300,
PROS-00297,REP-0052,Solace Networks,5000+,Website Inquiry,Security Suite,Q1 2026,2026-03-12,Lost,2,2026-04-30,213800,
PROS-00298,REP-0042,Wavefront Holdings,51-200,Paid Marketing,AI Platform,Q1 2026,2026-02-06,Dead,0,,33700,
PROS-00299,REP-0043,Quantum Solutions,1000-5000,Website Inquiry,Security Suite,Q1 2026,2026-01-21,Dead,1,,51000,
PROS-00300,REP-0101,Nova Digital,201-1000,Referral,Security Suite,Q4 2025,2025-10-23,Lost,2,2025-11-14,83800,
PROS-00301,REP-0097,Cobalt Group,201-1000,Paid Marketing,Data Analytics,Q4 2025,2025-10-01,Dead,1,,37600,
PROS-00302,REP-0088,Horizon Solutions,1-50,Paid Marketing,AI Platform,Q4 2025,2025-11-04,Dead,2,,31100,
PROS-00303,REP-0054,Granite Systems,201-1000,Inbound Call,AI Platform,Q2 2026,2026-05-11,Lost,5,2026-06-25,110400,
PROS-00304,REP-0041,Atlas Systems,201-1000,LinkedIn,Cloud Compute,Q2 2026,2026-06-01,Open,0,,30400,
PROS-00305,REP-0091,Meridian Holdings,51-200,Paid Marketing,Data Analytics,Q4 2025,2025-11-11,Lost,5,2025-12-30,32800,
PROS-00306,REP-0073,Vertex Group,51-200,Cold Outreach,Cloud Compute,Q1 2026,2026-03-20,Dead,1,,9800,
PROS-00307,REP-0017,Cobalt Group,201-1000,Cold Outreach,Cloud Compute,Q1 2026,2026-02-24,Lost,2,2026-04-08,21500,
PROS-00308,REP-0076,Ember Holdings,1-50,Inbound Call,Cloud Compute,Q4 2025,2025-10-07,Dead,0,,8400,
PROS-00309,REP-0062,Ember Group,1-50,Referral,Cloud Compute,Q1 2026,2026-01-01,Dead,0,,6800,
PROS-00310,REP-0059,Sterling Holdings,1-50,Paid Marketing,Data Analytics,Q1 2026,2026-01-07,Lost,4,2026-01-24,13500,
PROS-00311,REP-0004,Orbit Industries,1-50,Cold Outreach,Security Suite,Q2 2026,2026-04-05,Dead,1,,45800,
PROS-00312,REP-0037,Vertex Systems,51-200,LinkedIn,Data Analytics,Q4 2025,2025-11-19,Won,4,2025-12-14,35900,36300
PROS-00313,REP-0022,Quantum Group,1000-5000,Paid Marketing,AI Platform,Q2 2026,2026-04-23,Dead,0,,70400,
PROS-00314,REP-0003,Apex Works,1-50,Paid Marketing,Cloud Storage,Q4 2025,2025-12-24,Dead,0,,7500,
PROS-00315,REP-0056,Cobalt Industries,51-200,Website Inquiry,Security Suite,Q1 2026,2026-03-09,Won,4,2026-03-19,35900,41800
PROS-00316,REP-0021,Catalyst Holdings,51-200,Website Inquiry,Security Suite,Q4 2025,2025-11-09,Dead,0,,36500,
PROS-00317,REP-0062,Sterling Industries,201-1000,Paid Marketing,Cloud Compute,Q4 2025,2025-11-10,Lost,4,2025-11-20,14600,
PROS-00318,REP-0088,Drift Technologies,1-50,Paid Marketing,Data Analytics,Q1 2026,2026-01-03,Lost,5,2026-01-11,11200,
PROS-00319,REP-0081,Anchor Group,1-50,Cold Outreach,Cloud Compute,Q4 2025,2025-12-20,Lost,4,2026-01-05,15700,
PROS-00320,REP-0059,Sterling Technologies,201-1000,Conference,Cloud Storage,Q1 2026,2026-03-21,Lost,5,2026-04-07,11800,
PROS-00321,REP-0047,Northgate Industries,51-200,Website Inquiry,AI Platform,Q2 2026,2026-05-01,Lost,3,2026-06-11,33200,
PROS-00322,REP-0077,Sterling Works,201-1000,Paid Marketing,Cloud Compute,Q4 2025,2025-11-30,Lost,5,2025-12-09,45600,
PROS-00323,REP-0033,Redshift Technologies,1000-5000,Website Inquiry,Cloud Storage,Q4 2025,2025-10-19,Lost,5,2026-01-04,27900,
PROS-00324,REP-0016,Meridian Systems,1000-5000,Paid Marketing,Cloud Storage,Q4 2025,2025-10-08,Lost,5,2025-12-07,14600,
PROS-00325,REP-0076,Vantage Industries,51-200,Cold Outreach,Cloud Compute,Q1 2026,2026-01-08,Dead,0,,20300,
PROS-00326,REP-0108,Northgate Labs,1-50,Paid Marketing,Cloud Compute,Q1 2026,2026-03-19,Lost,4,2026-03-28,19100,
PROS-00327,REP-0071,Northgate Solutions,51-200,Cold Outreach,Data Analytics,Q4 2025,2025-10-08,Dead,1,,22100,
PROS-00328,REP-0096,Northgate Works,201-1000,Inbound Call,Cloud Storage,Q4 2025,2025-10-04,Won,2,2025-10-18,10500,8900
PROS-00329,REP-0101,Nimbus Group,201-1000,Paid Marketing,Cloud Compute,Q2 2026,2026-05-05,Lost,2,2026-06-15,35000,
PROS-00330,REP-0110,Wavefront Digital,201-1000,LinkedIn,AI Platform,Q4 2025,2025-10-10,Lost,4,2025-11-26,155800,
PROS-00331,REP-0039,Helix Solutions,5000+,Paid Marketing,Cloud Storage,Q1 2026,2026-02-08,Lost,2,2026-04-02,38500,
PROS-00332,REP-0091,Granite Works,51-200,Inbound Call,Security Suite,Q4 2025,2025-11-14,Lost,2,2025-12-19,65900,
PROS-00333,REP-0076,Wavefront Group,51-200,Paid Marketing,Cloud Storage,Q1 2026,2026-03-18,Dead,1,,10800,
PROS-00334,REP-0086,Horizon Labs,201-1000,Website Inquiry,Security Suite,Q2 2026,2026-06-20,Dead,1,,56500,
PROS-00335,REP-0072,Helix Works,201-1000,Inbound Call,Cloud Storage,Q1 2026,2026-03-28,Dead,0,,10700,
PROS-00336,REP-0059,Horizon Systems,51-200,Website Inquiry,Cloud Compute,Q1 2026,2026-02-17,Lost,2,2026-03-10,22400,
PROS-00337,REP-0013,Ridgeline Networks,1000-5000,Cold Outreach,Cloud Compute,Q4 2025,2025-12-15,Dead,0,,36800,
PROS-00338,REP-0049,Cobalt Holdings,201-1000,Paid Marketing,Security Suite,Q1 2026,2026-03-10,Dead,0,,36600,
PROS-00339,REP-0044,Redshift Digital,51-200,Paid Marketing,AI Platform,Q2 2026,2026-06-29,Dead,0,,75700,
PROS-00340,REP-0012,Ridgeline Systems,1-50,Paid Marketing,Cloud Storage,Q4 2025,2025-12-20,Lost,5,2026-01-05,9700,
PROS-00341,REP-0041,Catalyst Systems,51-200,LinkedIn,Cloud Storage,Q4 2025,2025-10-27,Lost,5,2025-12-14,14900,
PROS-00342,REP-0072,Drift Partners,201-1000,Inbound Call,Cloud Storage,Q4 2025,2025-11-10,Lost,2,2025-12-08,12000,
PROS-00343,REP-0109,Fusion Dynamics,1-50,Paid Marketing,Data Analytics,Q1 2026,2026-02-05,Dead,0,,15800,
PROS-00344,REP-0089,Solace Holdings,1-50,Website Inquiry,Data Analytics,Q1 2026,2026-03-23,Dead,0,,8200,
PROS-00345,REP-0104,Northgate Industries,1000-5000,Cold Outreach,Cloud Storage,Q2 2026,2026-06-22,Open,1,,25000,
PROS-00346,REP-0085,Ironclad Works,5000+,LinkedIn,AI Platform,Q4 2025,2025-12-14,Dead,0,,103500,
PROS-00347,REP-0072,Beacon Group,201-1000,Cold Outreach,Cloud Compute,Q4 2025,2025-11-24,Won,3,2026-01-12,33000,28800
PROS-00348,REP-0047,Redshift Solutions,201-1000,LinkedIn,Data Analytics,Q2 2026,2026-05-26,Dead,0,,25000,
PROS-00349,REP-0042,Sterling Group,51-200,Paid Marketing,Cloud Storage,Q4 2025,2025-12-30,Lost,3,2026-01-20,9200,
PROS-00350,REP-0019,Sterling Labs,201-1000,Website Inquiry,Data Analytics,Q1 2026,2026-02-06,Dead,1,,29600,
PROS-00351,REP-0042,Redshift Labs,51-200,LinkedIn,Cloud Storage,Q4 2025,2025-10-23,Lost,5,2025-11-02,9500,
PROS-00352,REP-0077,Summit Solutions,51-200,Paid Marketing,Security Suite,Q4 2025,2025-11-03,Lost,5,2025-11-19,31400,
PROS-00353,REP-0057,Granite Systems,5000+,LinkedIn,AI Platform,Q4 2025,2025-10-10,Dead,1,,210900,
PROS-00354,REP-0083,Vantage Group,51-200,Website Inquiry,Cloud Compute,Q2 2026,2026-05-19,Lost,2,2026-06-03,13600,
PROS-00355,REP-0097,Nova Solutions,201-1000,Website Inquiry,Data Analytics,Q4 2025,2025-12-19,Won,4,2026-01-27,55300,64600
PROS-00356,REP-0052,Zenith Partners,1000-5000,Inbound Call,AI Platform,Q1 2026,2026-03-17,Dead,0,,89900,
PROS-00357,REP-0033,Northgate Digital,1000-5000,LinkedIn,Security Suite,Q2 2026,2026-04-23,Lost,4,2026-06-28,89200,
PROS-00358,REP-0087,Orbit Holdings,201-1000,Website Inquiry,Cloud Compute,Q4 2025,2025-10-29,Lost,4,2025-11-25,21400,
PROS-00359,REP-0049,Vertex Industries,51-200,Website Inquiry,AI Platform,Q2 2026,2026-04-20,Lost,5,2026-05-29,71500,
PROS-00360,REP-0073,Anchor Systems,201-1000,Website Inquiry,Data Analytics,Q2 2026,2026-05-24,Dead,0,,24800,
PROS-00361,REP-0033,Anchor Technologies,5000+,Paid Marketing,Cloud Compute,Q1 2026,2026-01-19,Dead,0,,62700,
PROS-00362,REP-0054,Sterling Industries,51-200,Website Inquiry,Data Analytics,Q4 2025,2025-10-28,Lost,3,2025-12-05,19900,
PROS-00363,REP-0109,Anchor Solutions,51-200,Cold Outreach,Cloud Compute,Q4 2025,2025-12-08,Lost,3,2025-12-23,25800,
PROS-00364,REP-0089,Apex Labs,51-200,Referral,Security Suite,Q4 2025,2025-11-19,Dead,0,,42500,
PROS-00365,REP-0059,Apex Networks,1-50,LinkedIn,Data Analytics,Q4 2025,2025-11-27,Won,2,2025-12-08,14300,15200
PROS-00366,REP-0005,Drift Dynamics,51-200,LinkedIn,Cloud Compute,Q1 2026,2026-01-15,Lost,4,2026-01-30,14500,
PROS-00367,REP-0079,Drift Partners,201-1000,Cold Outreach,Cloud Storage,Q2 2026,2026-05-18,Lost,2,2026-06-11,16800,
PROS-00368,REP-0073,Pulse Technologies,1000-5000,Cold Outreach,Cloud Compute,Q2 2026,2026-06-01,Open,0,,34400,
PROS-00369,REP-0102,Catalyst Works,51-200,Conference,Data Analytics,Q4 2025,2025-11-13,Won,4,2025-12-05,11700,11500
PROS-00370,REP-0039,Wavefront Systems,1000-5000,Paid Marketing,Cloud Compute,Q4 2025,2025-10-20,Dead,0,,71000,
PROS-00371,REP-0018,Quantum Technologies,201-1000,Conference,AI Platform,Q2 2026,2026-06-22,Open,2,,54500,
PROS-00372,REP-0099,Nimbus Technologies,51-200,Cold Outreach,Cloud Compute,Q4 2025,2025-12-11,Lost,3,2025-12-30,34500,
PROS-00373,REP-0003,Nimbus Group,201-1000,Paid Marketing,Security Suite,Q4 2025,2025-12-29,Dead,0,,26600,
PROS-00374,REP-0108,Vantage Digital,51-200,Cold Outreach,Cloud Compute,Q4 2025,2025-10-15,Won,2,2025-10-25,17800,20400
PROS-00375,REP-0104,Meridian Solutions,1000-5000,Website Inquiry,Data Analytics,Q1 2026,2026-01-28,Lost,3,2026-03-05,43400,
PROS-00376,REP-0089,Nimbus Works,1-50,Cold Outreach,AI Platform,Q1 2026,2026-02-27,Dead,1,,37100,
PROS-00377,REP-0053,Nimbus Solutions,1-50,LinkedIn,Data Analytics,Q2 2026,2026-04-14,Dead,0,,15200,
PROS-00378,REP-0094,Catalyst Networks,1-50,Website Inquiry,Security Suite,Q4 2025,2025-10-05,Lost,2,2025-10-23,46800,
PROS-00379,REP-0104,Northgate Technologies,1000-5000,Website Inquiry,Security Suite,Q2 2026,2026-05-28,Open,1,,81300,
PROS-00380,REP-0029,Lattice Works,201-1000,Inbound Call,Data Analytics,Q1 2026,2026-01-29,Lost,4,2026-03-03,28900,
PROS-00381,REP-0055,Ember Group,1000-5000,Cold Outreach,Cloud Storage,Q2 2026,2026-06-12,Open,0,,17900,
PROS-00382,REP-0012,Meridian Group,1-50,Cold Outreach,AI Platform,Q4 2025,2025-12-04,Lost,3,2025-12-25,55800,
PROS-00383,REP-0054,Apex Labs,201-1000,Paid Marketing,Security Suite,Q4 2025,2025-10-05,Dead,0,,84300,
PROS-00384,REP-0076,Helix Solutions,1-50,LinkedIn,Security Suite,Q1 2026,2026-03-08,Lost,4,2026-03-22,23100,
PROS-00385,REP-0072,Ironclad Digital,201-1000,Inbound Call,Cloud Storage,Q4 2025,2025-11-03,Lost,4,2025-12-03,9400,
PROS-00386,REP-0073,Pulse Networks,201-1000,Cold Outreach,AI Platform,Q1 2026,2026-02-26,Dead,0,,107700,
PROS-00387,REP-0096,Sterling Dynamics,51-200,Referral,Cloud Compute,Q2 2026,2026-06-26,Open,0,,15900,
PROS-00388,REP-0037,Vertex Systems,201-1000,Inbound Call,Cloud Storage,Q4 2025,2025-10-12,Won,6,2025-11-11,10700,10400
PROS-00389,REP-0025,Meridian Group,1000-5000,Inbound Call,Data Analytics,Q4 2025,2025-11-23,Lost,4,2025-12-27,44200,
PROS-00390,REP-0024,Anchor Works,1-50,Inbound Call,Data Analytics,Q4 2025,2025-11-08,Lost,5,2025-11-19,18400,
PROS-00391,REP-0071,Lattice Holdings,1000-5000,LinkedIn,AI Platform,Q4 2025,2025-11-26,Lost,4,2025-12-18,72800,
PROS-00392,REP-0096,Sterling Systems,1-50,Inbound Call,Cloud Storage,Q4 2025,2025-12-27,Lost,2,2026-01-21,3600,
PROS-00393,REP-0099,Vertex Holdings,51-200,Paid Marketing,AI Platform,Q2 2026,2026-04-21,Lost,3,2026-06-09,122500,
PROS-00394,REP-0089,Ember Industries,1-50,Paid Marketing,Cloud Compute,Q1 2026,2026-03-21,Lost,4,2026-03-29,8700,
PROS-00395,REP-0022,Pulse Industries,51-200,Inbound Call,Cloud Storage,Q1 2026,2026-03-19,Lost,5,2026-04-12,9100,
PROS-00396,REP-0027,Nova Industries,1000-5000,Paid Marketing,Security Suite,Q1 2026,2026-01-16,Dead,0,,95400,
PROS-00397,REP-0035,Sterling Labs,1000-5000,Conference,AI Platform,Q1 2026,2026-01-15,Lost,4,2026-02-28,280200,
PROS-00398,REP-0066,Ironclad Works,201-1000,Paid Marketing,Data Analytics,Q4 2025,2025-12-18,Lost,4,2026-01-31,41500,
PROS-00399,REP-0092,Anchor Solutions,5000+,Inbound Call,Cloud Compute,Q2 2026,2026-05-23,Lost,5,2026-06-30,64500,
PROS-00400,REP-0014,Nova Holdings,51-200,Website Inquiry,Data Analytics,Q2 2026,2026-04-21,Dead,0,,34000,
PROS-00401,REP-0010,Wavefront Industries,1000-5000,Paid Marketing,AI Platform,Q2 2026,2026-06-07,Open,1,,75100,
PROS-00402,REP-0074,Quantum Networks,1000-5000,Website Inquiry,Cloud Compute,Q4 2025,2025-11-03,Lost,2,2025-12-07,66000,
PROS-00403,REP-0083,Nova Holdings,51-200,Website Inquiry,AI Platform,Q2 2026,2026-04-11,Won,6,2026-05-22,58600,68800
PROS-00404,REP-0071,Wavefront Networks,1000-5000,Cold Outreach,AI Platform,Q2 2026,2026-05-18,Dead,1,,147800,
PROS-00405,REP-0075,Horizon Group,51-200,Cold Outreach,AI Platform,Q1 2026,2026-02-10,Lost,3,2026-03-16,55800,
PROS-00406,REP-0017,Anchor Holdings,51-200,Website Inquiry,Cloud Compute,Q4 2025,2025-10-22,Lost,5,2025-11-17,16300,
PROS-00407,REP-0089,Drift Solutions,201-1000,Cold Outreach,Cloud Storage,Q4 2025,2025-12-02,Lost,2,2025-12-21,17000,
PROS-00408,REP-0028,Northgate Technologies,1-50,Referral,Cloud Storage,Q4 2025,2025-11-06,Lost,3,2025-11-15,6900,
PROS-00409,REP-0062,Helix Group,51-200,Cold Outreach,Security Suite,Q4 2025,2025-11-30,Lost,2,2025-12-22,54300,
PROS-00410,REP-0070,Ember Networks,1000-5000,Inbound Call,Cloud Compute,Q1 2026,2026-01-29,Lost,2,2026-03-11,26700,
PROS-00411,REP-0080,Apex Labs,201-1000,Inbound Call,Data Analytics,Q4 2025,2025-12-23,Lost,4,2026-01-19,46000,
PROS-00412,REP-0099,Northgate Solutions,1000-5000,Website Inquiry,Cloud Storage,Q1 2026,2026-01-09,Lost,4,2026-02-01,31100,
PROS-00413,REP-0029,Catalyst Group,51-200,Cold Outreach,Security Suite,Q4 2025,2025-10-16,Lost,4,2025-11-12,23700,
PROS-00414,REP-0081,Wavefront Labs,51-200,Referral,Cloud Storage,Q1 2026,2026-03-08,Won,3,2026-03-29,9500,8600
PROS-00415,REP-0077,Ridgeline Networks,201-1000,Referral,Security Suite,Q1 2026,2026-03-18,Won,2,2026-04-02,58200,56600
PROS-00416,REP-0046,Ironclad Technologies,201-1000,Cold Outreach,Cloud Compute,Q1 2026,2026-02-17,Lost,2,2026-03-14,39100,
PROS-00417,REP-0012,Quantum Partners,51-200,Website Inquiry,AI Platform,Q1 2026,2026-03-19,Dead,1,,40800,
PROS-00418,REP-0106,Nova Labs,201-1000,Cold Outreach,Security Suite,Q1 2026,2026-01-26,Dead,2,,40800,
PROS-00419,REP-0036,Nimbus Technologies,51-200,Cold Outreach,Cloud Compute,Q2 2026,2026-04-21,Lost,5,2026-05-28,27400,
PROS-00420,REP-0028,Fusion Networks,1-50,Referral,Cloud Compute,Q2 2026,2026-06-15,Open,1,,7500,
PROS-00421,REP-0069,Nova Industries,201-1000,Cold Outreach,Security Suite,Q2 2026,2026-05-07,Dead,1,,41100,
PROS-00422,REP-0020,Zenith Holdings,5000+,Paid Marketing,AI Platform,Q2 2026,2026-06-13,Open,1,,219900,
PROS-00423,REP-0059,Catalyst Dynamics,1-50,Cold Outreach,AI Platform,Q1 2026,2026-03-16,Lost,3,2026-04-02,52300,
PROS-00424,REP-0071,Sterling Systems,201-1000,Conference,Cloud Compute,Q2 2026,2026-05-26,Dead,0,,33200,
PROS-00425,REP-0100,Cobalt Dynamics,1000-5000,Paid Marketing,AI Platform,Q4 2025,2025-10-28,Lost,3,2025-11-12,81800,
PROS-00426,REP-0103,Catalyst Labs,1-50,LinkedIn,Data Analytics,Q4 2025,2025-11-25,Won,2,2025-12-02,14600,17300
PROS-00427,REP-0045,Nimbus Group,5000+,Inbound Call,Cloud Storage,Q2 2026,2026-05-02,Lost,4,2026-06-30,34500,
PROS-00428,REP-0082,Redshift Dynamics,201-1000,Cold Outreach,Security Suite,Q1 2026,2026-03-10,Dead,1,,91600,
PROS-00429,REP-0015,Catalyst Dynamics,51-200,Cold Outreach,Security Suite,Q2 2026,2026-05-02,Lost,3,2026-05-19,56400,
PROS-00430,REP-0102,Ironclad Networks,1-50,Inbound Call,Cloud Storage,Q1 2026,2026-03-19,Lost,3,2026-04-13,5400,
PROS-00431,REP-0005,Atlas Holdings,1-50,Paid Marketing,Security Suite,Q1 2026,2026-01-06,Dead,0,,27400,
PROS-00432,REP-0001,Cobalt Networks,201-1000,Paid Marketing,Cloud Compute,Q4 2025,2025-12-12,Won,3,2026-01-12,25500,26600
PROS-00433,REP-0057,Meridian Digital,5000+,Conference,AI Platform,Q2 2026,2026-06-10,Open,0,,222100,
PROS-00434,REP-0016,Anchor Works,5000+,Referral,AI Platform,Q1 2026,2026-01-06,Dead,0,,301000,
PROS-00435,REP-0068,Northgate Holdings,1000-5000,Cold Outreach,Cloud Storage,Q1 2026,2026-03-20,Lost,4,2026-04-09,23500,
PROS-00436,REP-0046,Anchor Networks,51-200,Website Inquiry,Cloud Compute,Q1 2026,2026-01-11,Lost,5,2026-02-21,29400,
PROS-00437,REP-0088,Helix Solutions,1-50,Cold Outreach,Cloud Storage,Q1 2026,2026-01-01,Dead,0,,7400,
PROS-00438,REP-0005,Meridian Dynamics,51-200,Cold Outreach,Security Suite,Q2 2026,2026-06-18,Open,3,,22800,
PROS-00439,REP-0057,Pulse Works,1000-5000,Inbound Call,AI Platform,Q2 2026,2026-05-19,Dead,1,,155900,
PROS-00440,REP-0056,Solace Networks,1-50,Conference,AI Platform,Q2 2026,2026-06-18,Open,3,,21100,
PROS-00441,REP-0028,Catalyst Holdings,1-50,Inbound Call,Cloud Compute,Q4 2025,2025-11-25,Lost,3,2025-12-13,7800,
PROS-00442,REP-0076,Vertex Technologies,1-50,Referral,AI Platform,Q2 2026,2026-06-27,Open,1,,57400,
PROS-00443,REP-0011,Sterling Networks,51-200,Paid Marketing,AI Platform,Q1 2026,2026-01-23,Lost,3,2026-02-13,58800,
PROS-00444,REP-0001,Northgate Industries,201-1000,Paid Marketing,AI Platform,Q1 2026,2026-01-20,Lost,4,2026-02-22,101800,
PROS-00445,REP-0089,Nova Technologies,1-50,Website Inquiry,Cloud Compute,Q1 2026,2026-01-16,Lost,4,2026-02-05,6900,
PROS-00446,REP-0051,Ridgeline Systems,5000+,LinkedIn,Data Analytics,Q4 2025,2025-11-28,Lost,4,2026-01-31,107000,
PROS-00447,REP-0108,Atlas Industries,201-1000,Website Inquiry,Cloud Storage,Q4 2025,2025-10-08,Lost,3,2025-11-01,21700,
PROS-00448,REP-0083,Meridian Holdings,201-1000,Cold Outreach,Data Analytics,Q2 2026,2026-04-14,Lost,2,2026-05-05,42100,
PROS-00449,REP-0042,Fusion Labs,201-1000,Website Inquiry,Cloud Storage,Q1 2026,2026-03-27,Lost,3,2026-04-21,9800,
PROS-00450,REP-0106,Atlas Digital,1000-5000,Inbound Call,AI Platform,Q2 2026,2026-04-20,Lost,2,2026-05-21,157100,
PROS-00451,REP-0049,Quantum Solutions,1000-5000,Inbound Call,Data Analytics,Q4 2025,2025-12-24,Lost,4,2026-01-23,36800,
PROS-00452,REP-0037,Atlas Digital,201-1000,Conference,Cloud Compute,Q4 2025,2025-12-05,Won,6,2026-01-02,19100,19200
PROS-00453,REP-0038,Lattice Holdings,201-1000,Conference,Cloud Compute,Q2 2026,2026-06-01,Open,0,,25900,
PROS-00454,REP-0085,Anchor Partners,1000-5000,Conference,Cloud Compute,Q1 2026,2026-02-26,Dead,1,,53100,
PROS-00455,REP-0028,Horizon Networks,1-50,Paid Marketing,Security Suite,Q1 2026,2026-03-01,Won,3,2026-03-20,20100,20600
PROS-00456,REP-0109,Meridian Holdings,51-200,Paid Marketing,Cloud Storage,Q4 2025,2025-10-01,Lost,2,2025-10-18,9900,
PROS-00457,REP-0027,Summit Works,1000-5000,Referral,Security Suite,Q2 2026,2026-05-24,Lost,3,2026-06-29,97200,
PROS-00458,REP-0105,Nimbus Systems,201-1000,Conference,Data Analytics,Q1 2026,2026-03-10,Lost,3,2026-04-29,32100,
PROS-00459,REP-0071,Cobalt Holdings,51-200,Paid Marketing,Cloud Storage,Q1 2026,2026-01-11,Lost,3,2026-03-01,8900,
PROS-00460,REP-0076,Ember Technologies,51-200,Cold Outreach,AI Platform,Q2 2026,2026-06-22,Dead,0,,106200,
PROS-00461,REP-0072,Helix Systems,1000-5000,Paid Marketing,Data Analytics,Q4 2025,2025-10-09,Lost,4,2025-11-26,71800,
PROS-00462,REP-0007,Apex Dynamics,51-200,Paid Marketing,Data Analytics,Q2 2026,2026-06-13,Open,1,,32500,
PROS-00463,REP-0082,Atlas Digital,201-1000,Cold Outreach,Data Analytics,Q2 2026,2026-06-13,Open,0,,49500,
PROS-00464,REP-0079,Meridian Industries,1-50,Website Inquiry,Cloud Compute,Q2 2026,2026-06-18,Open,1,,10500,
PROS-00465,REP-0024,Ironclad Labs,201-1000,Referral,Cloud Compute,Q1 2026,2026-01-29,Lost,4,2026-02-05,25200,
PROS-00466,REP-0054,Pulse Technologies,201-1000,Paid Marketing,Cloud Compute,Q1 2026,2026-01-05,Lost,5,2026-02-18,45000,
PROS-00467,REP-0049,Helix Solutions,201-1000,Conference,Cloud Compute,Q2 2026,2026-05-15,Dead,0,,25400,
PROS-00468,REP-0070,Zenith Holdings,51-200,Referral,Security Suite,Q2 2026,2026-04-07,Lost,4,2026-05-27,49300,
PROS-00469,REP-0046,Vertex Works,1000-5000,Paid Marketing,Cloud Compute,Q2 2026,2026-06-25,Open,1,,58800,
PROS-00470,REP-0013,Nova Networks,1000-5000,Website Inquiry,AI Platform,Q1 2026,2026-01-10,Lost,3,2026-03-08,78900,
PROS-00471,REP-0108,Pulse Technologies,1-50,Cold Outreach,Cloud Storage,Q4 2025,2025-12-14,Dead,0,,9900,
PROS-00472,REP-0095,Beacon Partners,1-50,Website Inquiry,Cloud Compute,Q1 2026,2026-03-17,Dead,0,,9000,
PROS-00473,REP-0027,Nova Systems,201-1000,Paid Marketing,Security Suite,Q1 2026,2026-02-14,Lost,5,2026-04-20,34300,
PROS-00474,REP-0053,Meridian Industries,1-50,Conference,Cloud Compute,Q2 2026,2026-04-17,Dead,1,,10200,
PROS-00475,REP-0011,Zenith Solutions,201-1000,Cold Outreach,Data Analytics,Q4 2025,2025-11-18,Dead,0,,18300,
PROS-00476,REP-0083,Granite Digital,201-1000,Paid Marketing,Cloud Compute,Q4 2025,2025-11-14,Won,5,2025-12-29,43700,47600
PROS-00477,REP-0078,Cobalt Partners,1000-5000,LinkedIn,Data Analytics,Q2 2026,2026-05-06,Lost,3,2026-06-10,77000,
PROS-00478,REP-0001,Quantum Technologies,51-200,Website Inquiry,Cloud Storage,Q1 2026,2026-01-03,Won,4,2026-02-21,8700,8800
PROS-00479,REP-0033,Horizon Dynamics,1000-5000,Referral,AI Platform,Q2 2026,2026-05-31,Open,2,,76600,
PROS-00480,REP-0097,Nimbus Dynamics,51-200,Conference,Security Suite,Q2 2026,2026-06-02,Open,2,,38800,
PROS-00481,REP-0058,Granite Networks,201-1000,Cold Outreach,Data Analytics,Q4 2025,2025-11-15,Lost,4,2026-01-15,27700,
PROS-00482,REP-0062,Redshift Dynamics,51-200,Inbound Call,AI Platform,Q2 2026,2026-06-01,Lost,2,2026-06-23,52600,
PROS-00483,REP-0018,Cobalt Digital,1000-5000,Website Inquiry,Cloud Compute,Q2 2026,2026-06-26,Open,1,,22800,
PROS-00484,REP-0012,Meridian Solutions,1-50,Conference,AI Platform,Q2 2026,2026-04-08,Lost,3,2026-04-29,45700,
PROS-00485,REP-0032,Quantum Digital,1000-5000,Website Inquiry,Cloud Storage,Q1 2026,2026-02-15,Lost,2,2026-03-28,22300,
PROS-00486,REP-0045,Beacon Group,5000+,Website Inquiry,AI Platform,Q4 2025,2025-12-01,Lost,3,2026-02-19,99000,
PROS-00487,REP-0108,Nimbus Labs,51-200,LinkedIn,Cloud Storage,Q1 2026,2026-03-10,Dead,0,,16100,
PROS-00488,REP-0091,Lattice Systems,51-200,Website Inquiry,Security Suite,Q2 2026,2026-05-08,Lost,3,2026-06-13,60100,
PROS-00489,REP-0040,Summit Solutions,51-200,LinkedIn,Cloud Compute,Q2 2026,2026-04-25,Lost,2,2026-05-11,9500,
PROS-00490,REP-0088,Catalyst Technologies,51-200,Inbound Call,AI Platform,Q1 2026,2026-03-23,Lost,2,2026-04-01,55800,
PROS-00491,REP-0076,Wavefront Partners,51-200,Inbound Call,Security Suite,Q1 2026,2026-02-20,Won,2,2026-03-14,48000,49800
PROS-00492,REP-0011,Redshift Labs,201-1000,Referral,Cloud Storage,Q4 2025,2025-10-21,Lost,4,2025-11-06,13800,
PROS-00493,REP-0011,Cobalt Works,1-50,LinkedIn,Data Analytics,Q1 2026,2026-01-27,Won,2,2026-02-19,18800,18300
PROS-00494,REP-0091,Cobalt Partners,51-200,LinkedIn,Security Suite,Q1 2026,2026-02-19,Dead,2,,60500,
PROS-00495,REP-0005,Pulse Industries,1-50,Cold Outreach,Cloud Compute,Q4 2025,2025-12-01,Lost,4,2025-12-22,14300,
PROS-00496,REP-0003,Quantum Digital,1-50,LinkedIn,Cloud Storage,Q4 2025,2025-12-22,Lost,3,2026-01-09,6900,
PROS-00497,REP-0003,Vantage Dynamics,51-200,Paid Marketing,Security Suite,Q2 2026,2026-05-13,Lost,5,2026-06-05,23500,
PROS-00498,REP-0046,Vertex Group,51-200,LinkedIn,Security Suite,Q2 2026,2026-04-17,Won,4,2026-05-13,76700,75700
PROS-00499,REP-0091,Anchor Dynamics,201-1000,Cold Outreach,Cloud Storage,Q1 2026,2026-03-26,Dead,0,,14700,
PROS-00500,REP-0057,Ridgeline Systems,1000-5000,Cold Outreach,AI Platform,Q1 2026,2026-01-28,Lost,3,2026-04-05,60500,
PROS-00501,REP-0056,Cobalt Holdings,1-50,LinkedIn,Data Analytics,Q4 2025,2025-11-06,Lost,5,2025-11-20,20900,
PROS-00502,REP-0100,Summit Technologies,201-1000,Cold Outreach,AI Platform,Q1 2026,2026-02-16,Lost,2,2026-03-22,67200,
PROS-00503,REP-0062,Drift Labs,51-200,Paid Marketing,Data Analytics,Q4 2025,2025-11-15,Dead,0,,18400,
PROS-00504,REP-0052,Ember Digital,1000-5000,Inbound Call,Cloud Storage,Q4 2025,2025-10-13,Lost,5,2025-12-30,31800,
PROS-00505,REP-0104,Redshift Holdings,1000-5000,Cold Outreach,Cloud Storage,Q2 2026,2026-06-26,Open,2,,13400,
PROS-00506,REP-0001,Meridian Holdings,201-1000,Cold Outreach,Cloud Compute,Q4 2025,2025-10-24,Lost,3,2025-12-12,41000,
PROS-00507,REP-0066,Redshift Digital,201-1000,Cold Outreach,Cloud Storage,Q1 2026,2026-03-14,Lost,4,2026-04-11,6700,
PROS-00508,REP-0005,Helix Solutions,201-1000,LinkedIn,Data Analytics,Q2 2026,2026-05-20,Lost,4,2026-06-03,28500,
PROS-00509,REP-0022,Fusion Partners,201-1000,Website Inquiry,AI Platform,Q4 2025,2025-11-15,Dead,0,,107000,
PROS-00510,REP-0036,Northgate Group,51-200,LinkedIn,AI Platform,Q2 2026,2026-05-01,Dead,2,,88900,
PROS-00511,REP-0031,Lattice Dynamics,201-1000,LinkedIn,Cloud Compute,Q2 2026,2026-04-07,Lost,5,2026-05-24,31000,
PROS-00512,REP-0109,Nova Solutions,1-50,Paid Marketing,Cloud Compute,Q4 2025,2025-12-17,Lost,2,2026-01-11,9600,
PROS-00513,REP-0044,Ironclad Digital,201-1000,Conference,Cloud Storage,Q1 2026,2026-01-15,Dead,0,,11400,
PROS-00514,REP-0025,Cobalt Digital,201-1000,Website Inquiry,Data Analytics,Q1 2026,2026-01-02,Dead,0,,52900,
PROS-00515,REP-0021,Redshift Digital,51-200,Inbound Call,Data Analytics,Q4 2025,2025-12-22,Lost,3,2025-12-29,26500,
PROS-00516,REP-0081,Lattice Industries,1-50,Website Inquiry,AI Platform,Q2 2026,2026-04-02,Lost,5,2026-04-11,23100,
PROS-00517,REP-0042,Vantage Dynamics,1-50,LinkedIn,Cloud Compute,Q1 2026,2026-03-12,Dead,0,,7000,
PROS-00518,REP-0070,Horizon Partners,51-200,Inbound Call,AI Platform,Q1 2026,2026-02-19,Won,5,2026-03-10,103700,124300
PROS-00519,REP-0096,Fusion Labs,1-50,Inbound Call,Security Suite,Q1 2026,2026-02-22,Dead,1,,23800,
PROS-00520,REP-0016,Atlas Partners,1000-5000,Referral,Cloud Storage,Q4 2025,2025-11-18,Won,4,2026-01-07,29000,34500
PROS-00521,REP-0048,Beacon Networks,1000-5000,Referral,AI Platform,Q2 2026,2026-05-04,Dead,1,,99500,
PROS-00522,REP-0077,Pulse Networks,1-50,Inbound Call,Cloud Compute,Q1 2026,2026-01-28,Won,2,2026-02-06,14400,13500
PROS-00523,REP-0081,Drift Labs,51-200,LinkedIn,Cloud Compute,Q1 2026,2026-03-09,Lost,3,2026-03-20,17100,
PROS-00524,REP-0015,Meridian Dynamics,201-1000,Inbound Call,AI Platform,Q1 2026,2026-02-04,Dead,1,,65300,
PROS-00525,REP-0049,Vantage Dynamics,201-1000,Website Inquiry,Cloud Compute,Q4 2025,2025-12-29,Lost,3,2026-01-20,19300,
PROS-00526,REP-0084,Vantage Digital,51-200,Conference,Cloud Compute,Q2 2026,2026-05-01,Lost,2,2026-06-12,24700,
PROS-00527,REP-0030,Apex Labs,1000-5000,Inbound Call,AI Platform,Q1 2026,2026-01-15,Lost,5,2026-04-02,154900,
PROS-00528,REP-0065,Ember Technologies,201-1000,Paid Marketing,AI Platform,Q2 2026,2026-05-08,Won,4,2026-06-18,107800,126200
PROS-00529,REP-0088,Sterling Labs,1-50,LinkedIn,Data Analytics,Q1 2026,2026-01-24,Lost,4,2026-02-04,17600,
PROS-00530,REP-0089,Sterling Partners,1-50,LinkedIn,Data Analytics,Q1 2026,2026-01-14,Dead,2,,15500,
PROS-00531,REP-0043,Summit Dynamics,201-1000,Website Inquiry,Cloud Storage,Q2 2026,2026-06-22,Open,2,,16300,
PROS-00532,REP-0066,Catalyst Networks,201-1000,Paid Marketing,Security Suite,Q2 2026,2026-06-08,Open,0,,78800,
PROS-00533,REP-0049,Meridian Networks,201-1000,Paid Marketing,AI Platform,Q1 2026,2026-02-17,Lost,5,2026-03-14,41300,
PROS-00534,REP-0038,Apex Labs,201-1000,Cold Outreach,Cloud Compute,Q1 2026,2026-01-09,Lost,3,2026-01-30,31200,
PROS-00535,REP-0068,Vantage Partners,51-200,Cold Outreach,Security Suite,Q2 2026,2026-06-18,Open,0,,41100,
PROS-00536,REP-0026,Nimbus Industries,1000-5000,Paid Marketing,Security Suite,Q2 2026,2026-04-10,Dead,1,,153100,
PROS-00537,REP-0095,Helix Partners,201-1000,LinkedIn,Cloud Storage,Q2 2026,2026-05-21,Lost,2,2026-06-11,13300,
PROS-00538,REP-0062,Northgate Labs,51-200,LinkedIn,AI Platform,Q2 2026,2026-05-25,Lost,2,2026-06-12,60900,
PROS-00539,REP-0024,Granite Systems,1-50,Paid Marketing,Data Analytics,Q2 2026,2026-06-14,Open,0,,10600,
PROS-00540,REP-0037,Catalyst Group,1000-5000,Inbound Call,Cloud Compute,Q2 2026,2026-05-11,Won,5,2026-05-29,42900,45200
PROS-00541,REP-0081,Solace Partners,1-50,LinkedIn,Cloud Compute,Q4 2025,2025-11-28,Dead,0,,10400,
PROS-00542,REP-0017,Ridgeline Dynamics,51-200,Paid Marketing,AI Platform,Q1 2026,2026-02-21,Lost,2,2026-03-23,76200,
PROS-00543,REP-0010,Nimbus Dynamics,51-200,Cold Outreach,Cloud Compute,Q2 2026,2026-06-02,Open,3,,24700,
PROS-00544,REP-0037,Ridgeline Dynamics,201-1000,Cold Outreach,Cloud Compute,Q1 2026,2026-02-16,Dead,0,,37600,
PROS-00545,REP-0098,Apex Group,1000-5000,Website Inquiry,Cloud Compute,Q4 2025,2025-10-27,Dead,1,,65600,
PROS-00546,REP-0052,Nimbus Dynamics,1000-5000,Paid Marketing,AI Platform,Q2 2026,2026-05-09,Dead,0,,125700,
PROS-00547,REP-0095,Wavefront Solutions,1-50,Inbound Call,Security Suite,Q1 2026,2026-02-03,Dead,0,,39300,
PROS-00548,REP-0011,Apex Partners,201-1000,Paid Marketing,Data Analytics,Q2 2026,2026-06-07,Open,2,,35700,
PROS-00549,REP-0092,Granite Solutions,1000-5000,LinkedIn,Data Analytics,Q4 2025,2025-10-26,Lost,2,2025-12-15,44300,
PROS-00550,REP-0087,Apex Holdings,51-200,LinkedIn,AI Platform,Q2 2026,2026-05-16,Lost,5,2026-06-18,95900,
PROS-00551,REP-0010,Meridian Solutions,201-1000,Paid Marketing,Security Suite,Q1 2026,2026-02-26,Dead,1,,36700,
PROS-00552,REP-0012,Anchor Systems,51-200,Cold Outreach,Cloud Compute,Q2 2026,2026-05-08,Lost,4,2026-05-21,22000,
PROS-00553,REP-0007,Nimbus Works,1000-5000,Referral,Cloud Compute,Q1 2026,2026-01-20,Won,3,2026-03-09,38200,45600
PROS-00554,REP-0010,Catalyst Solutions,201-1000,Cold Outreach,Cloud Compute,Q1 2026,2026-01-29,Lost,5,2026-03-20,33100,
PROS-00555,REP-0088,Orbit Systems,1-50,LinkedIn,AI Platform,Q1 2026,2026-02-12,Dead,1,,19800,
PROS-00556,REP-0049,Ironclad Industries,201-1000,LinkedIn,Cloud Compute,Q2 2026,2026-04-25,Dead,2,,29900,
PROS-00557,REP-0046,Pulse Labs,51-200,Referral,Cloud Storage,Q4 2025,2025-11-07,Won,3,2025-12-26,8500,9300
PROS-00558,REP-0059,Fusion Digital,1-50,Website Inquiry,AI Platform,Q1 2026,2026-02-03,Dead,1,,17000,
PROS-00559,REP-0038,Quantum Holdings,51-200,Paid Marketing,Cloud Compute,Q4 2025,2025-12-27,Dead,0,,24800,
PROS-00560,REP-0056,Nimbus Labs,1-50,Website Inquiry,Cloud Storage,Q2 2026,2026-04-02,Dead,0,,8100,
PROS-00561,REP-0015,Quantum Partners,1-50,Paid Marketing,Data Analytics,Q4 2025,2025-10-12,Lost,3,2025-10-25,14800,
PROS-00562,REP-0082,Summit Digital,201-1000,Referral,Data Analytics,Q2 2026,2026-05-23,Lost,2,2026-06-26,37000,
PROS-00563,REP-0102,Nova Technologies,1-50,Paid Marketing,Cloud Compute,Q2 2026,2026-04-26,Dead,0,,10000,
PROS-00564,REP-0008,Beacon Technologies,201-1000,Referral,Data Analytics,Q2 2026,2026-06-01,Open,0,,27100,
PROS-00565,REP-0052,Anchor Partners,1000-5000,Website Inquiry,Data Analytics,Q2 2026,2026-04-30,Won,8,2026-06-04,71100,71800
PROS-00566,REP-0086,Nimbus Technologies,51-200,Inbound Call,Data Analytics,Q4 2025,2025-10-11,Dead,1,,22900,
PROS-00567,REP-0011,Pulse Group,51-200,Cold Outreach,AI Platform,Q4 2025,2025-11-16,Lost,2,2025-11-25,78800,
PROS-00568,REP-0047,Quantum Holdings,51-200,Inbound Call,Cloud Storage,Q1 2026,2026-03-04,Lost,4,2026-04-23,14200,
PROS-00569,REP-0087,Atlas Technologies,1000-5000,Paid Marketing,Cloud Compute,Q4 2025,2025-12-20,Dead,1,,44100,
PROS-00570,REP-0004,Beacon Digital,1-50,Paid Marketing,Cloud Storage,Q1 2026,2026-03-13,Lost,5,2026-04-05,5700,
PROS-00571,REP-0028,Summit Works,51-200,Referral,Cloud Compute,Q2 2026,2026-04-22,Dead,0,,24500,
PROS-00572,REP-0102,Wavefront Solutions,1-50,Conference,Cloud Storage,Q4 2025,2025-10-16,Lost,4,2025-11-09,6500,
PROS-00573,REP-0017,Wavefront Holdings,201-1000,Website Inquiry,Cloud Compute,Q4 2025,2025-11-29,Lost,5,2026-01-11,22600,
PROS-00574,REP-0062,Vantage Digital,1-50,Website Inquiry,Cloud Storage,Q4 2025,2025-12-09,Lost,5,2025-12-30,6000,
PROS-00575,REP-0070,Redshift Systems,201-1000,Website Inquiry,Data Analytics,Q4 2025,2025-10-24,Lost,2,2025-11-13,50000,
PROS-00576,REP-0024,Cobalt Technologies,1-50,Cold Outreach,Security Suite,Q2 2026,2026-06-19,Open,3,,16400,
PROS-00577,REP-0089,Vertex Technologies,1-50,Paid Marketing,AI Platform,Q2 2026,2026-05-12,Lost,5,2026-05-28,31000,
PROS-00578,REP-0007,Catalyst Labs,201-1000,LinkedIn,Cloud Storage,Q1 2026,2026-01-05,Lost,5,2026-02-14,18300,
PROS-00579,REP-0065,Lattice Group,201-1000,Paid Marketing,AI Platform,Q2 2026,2026-06-29,Open,3,,134900,
PROS-00580,REP-0067,Nimbus Works,5000+,Website Inquiry,AI Platform,Q2 2026,2026-06-05,Open,0,,260500,
PROS-00581,REP-0083,Orbit Systems,201-1000,Paid Marketing,Cloud Compute,Q4 2025,2025-10-01,Won,6,2025-11-15,34200,31800
PROS-00582,REP-0032,Horizon Digital,5000+,Cold Outreach,AI Platform,Q2 2026,2026-05-13,Lost,3,2026-06-14,159800,
PROS-00583,REP-0071,Nimbus Technologies,201-1000,Paid Marketing,Cloud Storage,Q1 2026,2026-03-20,Lost,2,2026-05-07,10300,
PROS-00584,REP-0085,Ironclad Holdings,201-1000,LinkedIn,AI Platform,Q1 2026,2026-03-05,Won,7,2026-05-10,63600,54800
PROS-00585,REP-0005,Meridian Industries,1-50,Paid Marketing,Security Suite,Q4 2025,2025-12-28,Lost,3,2026-01-11,32300,
PROS-00586,REP-0088,Catalyst Networks,1-50,Paid Marketing,Security Suite,Q4 2025,2025-10-09,Dead,0,,19500,
PROS-00587,REP-0004,Horizon Digital,51-200,LinkedIn,Cloud Compute,Q1 2026,2026-01-10,Won,3,2026-02-03,24800,28400
PROS-00588,REP-0105,Apex Technologies,201-1000,Website Inquiry,Cloud Storage,Q2 2026,2026-05-03,Won,4,2026-06-06,10400,9600
PROS-00589,REP-0108,Drift Industries,1-50,LinkedIn,Security Suite,Q4 2025,2025-12-29,Won,2,2026-01-05,23900,23400
PROS-00590,REP-0054,Cobalt Digital,201-1000,Paid Marketing,Cloud Compute,Q4 2025,2025-12-18,Lost,4,2026-01-19,25700,
PROS-00591,REP-0009,Horizon Dynamics,5000+,Paid Marketing,Security Suite,Q2 2026,2026-06-17,Lost,5,2026-06-28,100100,
PROS-00592,REP-0047,Horizon Digital,201-1000,Cold Outreach,Data Analytics,Q4 2025,2025-12-03,Lost,3,2025-12-28,41500,
PROS-00593,REP-0108,Solace Group,1-50,Inbound Call,Data Analytics,Q4 2025,2025-10-17,Won,4,2025-11-05,20500,19900
PROS-00594,REP-0029,Ember Industries,1000-5000,Cold Outreach,Data Analytics,Q4 2025,2025-11-08,Lost,3,2025-11-28,54600,
PROS-00595,REP-0104,Catalyst Systems,5000+,Paid Marketing,AI Platform,Q4 2025,2025-10-28,Lost,3,2025-12-15,163300,
PROS-00596,REP-0001,Apex Technologies,201-1000,Paid Marketing,Data Analytics,Q1 2026,2026-01-15,Lost,3,2026-03-02,36000,
PROS-00597,REP-0062,Fusion Digital,201-1000,Paid Marketing,AI Platform,Q4 2025,2025-10-15,Lost,5,2025-11-04,37700,
PROS-00598,REP-0081,Ironclad Digital,51-200,Paid Marketing,Cloud Compute,Q4 2025,2025-11-18,Lost,3,2025-11-30,16600,
PROS-00599,REP-0050,Apex Works,5000+,Paid Marketing,Data Analytics,Q2 2026,2026-06-05,Open,0,,97300,
PROS-00600,REP-0083,Vantage Labs,51-200,Website Inquiry,Cloud Storage,Q2 2026,2026-05-02,Dead,0,,13000,
PROS-00601,REP-0099,Granite Systems,201-1000,Website Inquiry,Cloud Storage,Q4 2025,2025-12-01,Lost,3,2025-12-25,10200,
PROS-00602,REP-0056,Fusion Dynamics,51-200,Paid Marketing,Security Suite,Q4 2025,2025-10-18,Lost,2,2025-10-25,28900,
PROS-00603,REP-0012,Drift Partners,1-50,Cold Outreach,Security Suite,Q1 2026,2026-02-24,Dead,0,,46800,
PROS-00604,REP-0037,Summit Networks,201-1000,Paid Marketing,Cloud Storage,Q2 2026,2026-05-16,Lost,2,2026-06-29,18200,
PROS-00605,REP-0107,Orbit Digital,201-1000,Cold Outreach,Cloud Storage,Q4 2025,2025-11-03,Lost,3,2025-12-01,21700,
PROS-00606,REP-0004,Catalyst Digital,51-200,Paid Marketing,Cloud Compute,Q1 2026,2026-02-28,Dead,0,,16500,
PROS-00607,REP-0003,Drift Systems,51-200,Website Inquiry,Security Suite,Q4 2025,2025-12-09,Dead,0,,53700,
PROS-00608,REP-0008,Northgate Digital,1000-5000,Paid Marketing,Cloud Compute,Q2 2026,2026-05-18,Lost,3,2026-06-12,60200,
PROS-00609,REP-0046,Cobalt Group,201-1000,Inbound Call,Cloud Storage,Q1 2026,2026-02-07,Won,4,2026-02-27,20800,23100
PROS-00610,REP-0036,Vantage Industries,51-200,Website Inquiry,Cloud Compute,Q4 2025,2025-11-06,Lost,2,2025-11-25,27400,
PROS-00611,REP-0065,Anchor Systems,51-200,Inbound Call,Data Analytics,Q2 2026,2026-06-02,Open,0,,28400,
PROS-00612,REP-0088,Catalyst Holdings,1-50,Paid Marketing,Data Analytics,Q1 2026,2026-03-24,Lost,2,2026-04-05,12500,
PROS-00613,REP-0030,Ember Labs,5000+,Paid Marketing,Data Analytics,Q2 2026,2026-06-12,Lost,2,2026-06-28,76100,
PROS-00614,REP-0054,Ironclad Technologies,201-1000,Cold Outreach,Cloud Compute,Q4 2025,2025-11-27,Dead,1,,44900,
PROS-00615,REP-0066,Vantage Technologies,201-1000,Paid Marketing,Cloud Storage,Q4 2025,2025-12-15,Lost,4,2026-01-07,11000,
PROS-00616,REP-0035,Nimbus Dynamics,1000-5000,Conference,Cloud Compute,Q1 2026,2026-01-26,Lost,3,2026-03-23,41500,
PROS-00617,REP-0088,Cobalt Systems,51-200,Paid Marketing,AI Platform,Q2 2026,2026-04-11,Won,4,2026-04-19,59000,69500
PROS-00618,REP-0047,Pulse Partners,201-1000,Conference,Cloud Compute,Q2 2026,2026-06-09,Open,2,,19700,
PROS-00619,REP-0060,Meridian Solutions,201-1000,Website Inquiry,Data Analytics,Q4 2025,2025-12-26,Won,8,2026-02-04,62200,66000
PROS-00620,REP-0005,Quantum Solutions,1-50,LinkedIn,Cloud Storage,Q2 2026,2026-04-16,Won,2,2026-04-24,4400,4700
PROS-00621,REP-0076,Ridgeline Technologies,51-200,LinkedIn,AI Platform,Q4 2025,2025-11-29,Dead,0,,82500,
PROS-00622,REP-0022,Helix Partners,51-200,Website Inquiry,Cloud Compute,Q4 2025,2025-10-20,Dead,0,,9800,
PROS-00623,REP-0108,Sterling Digital,1-50,Paid Marketing,Cloud Storage,Q1 2026,2026-01-01,Won,2,2026-01-13,4000,4400
PROS-00624,REP-0019,Horizon Industries,201-1000,Conference,Cloud Compute,Q1 2026,2026-01-26,Won,4,2026-02-12,26300,23600
PROS-00625,REP-0010,Orbit Networks,51-200,LinkedIn,Cloud Compute,Q2 2026,2026-04-06,Dead,2,,17300,
PROS-00626,REP-0094,Redshift Digital,51-200,Cold Outreach,Data Analytics,Q1 2026,2026-02-21,Won,4,2026-03-03,39500,42000
PROS-00627,REP-0062,Atlas Solutions,51-200,Cold Outreach,Cloud Storage,Q4 2025,2025-10-31,Dead,0,,5700,
PROS-00628,REP-0072,Granite Technologies,51-200,Website Inquiry,Data Analytics,Q4 2025,2025-11-01,Lost,5,2025-11-24,16100,
PROS-00629,REP-0060,Apex Industries,5000+,Referral,Cloud Compute,Q2 2026,2026-06-15,Open,1,,79700,
PROS-00630,REP-0070,Wavefront Systems,51-200,Conference,Cloud Compute,Q4 2025,2025-11-15,Lost,2,2025-12-12,24400,
PROS-00631,REP-0058,Vertex Solutions,5000+,Cold Outreach,AI Platform,Q2 2026,2026-05-22,Lost,5,2026-06-30,114700,
PROS-00632,REP-0095,Nimbus Holdings,1-50,Website Inquiry,Cloud Storage,Q4 2025,2025-12-03,Won,2,2025-12-25,7300,6500
PROS-00633,REP-0026,Nimbus Labs,51-200,Paid Marketing,AI Platform,Q2 2026,2026-06-21,Open,0,,65400,
PROS-00634,REP-0020,Lattice Solutions,5000+,Paid Marketing,Data Analytics,Q4 2025,2025-12-30,Dead,0,,88200,
PROS-00635,REP-0004,Helix Dynamics,201-1000,Website Inquiry,Data Analytics,Q2 2026,2026-05-23,Lost,5,2026-06-11,32200,
PROS-00636,REP-0087,Vantage Industries,1000-5000,LinkedIn,AI Platform,Q4 2025,2025-12-19,Dead,1,,125900,
PROS-00637,REP-0027,Lattice Digital,1000-5000,LinkedIn,Cloud Compute,Q4 2025,2025-10-14,Dead,1,,30800,
PROS-00638,REP-0062,Vantage Dynamics,51-200,Website Inquiry,Cloud Compute,Q4 2025,2025-10-18,Dead,0,,19100,
PROS-00639,REP-0049,Drift Works,51-200,Paid Marketing,Security Suite,Q2 2026,2026-04-10,Lost,3,2026-05-12,44500,
PROS-00640,REP-0059,Meridian Solutions,51-200,Inbound Call,Cloud Compute,Q2 2026,2026-04-04,Lost,2,2026-04-16,11300,
PROS-00641,REP-0015,Horizon Technologies,51-200,Website Inquiry,Data Analytics,Q2 2026,2026-04-09,Lost,4,2026-05-01,43500,
PROS-00642,REP-0097,Solace Networks,201-1000,Cold Outreach,Cloud Compute,Q2 2026,2026-06-13,Open,1,,40300,
PROS-00643,REP-0106,Anchor Group,51-200,Cold Outreach,Cloud Storage,Q4 2025,2025-12-30,Dead,0,,10200,
PROS-00644,REP-0109,Fusion Industries,1-50,Referral,Cloud Storage,Q4 2025,2025-12-29,Lost,5,2026-01-18,4600,
PROS-00645,REP-0101,Horizon Technologies,201-1000,Paid Marketing,Data Analytics,Q4 2025,2025-11-14,Dead,0,,28800,
PROS-00646,REP-0027,Helix Industries,1000-5000,Cold Outreach,Cloud Storage,Q4 2025,2025-11-06,Lost,2,2025-12-10,32200,
PROS-00647,REP-0033,Ironclad Group,5000+,Cold Outreach,Cloud Compute,Q1 2026,2026-03-01,Lost,2,2026-05-02,70000,
PROS-00648,REP-0023,Helix Industries,5000+,Paid Marketing,Cloud Storage,Q4 2025,2025-11-12,Lost,3,2026-01-02,31800,
PROS-00649,REP-0005,Vertex Digital,1-50,Cold Outreach,Cloud Storage,Q1 2026,2026-02-10,Lost,5,2026-02-25,3900,
PROS-00650,REP-0038,Nova Holdings,201-1000,Cold Outreach,Cloud Storage,Q4 2025,2025-11-04,Lost,3,2025-12-18,20700,
PROS-00651,REP-0021,Nova Digital,51-200,Paid Marketing,Cloud Compute,Q4 2025,2025-10-12,Lost,5,2025-11-05,14200,
PROS-00652,REP-0086,Atlas Labs,1000-5000,LinkedIn,Data Analytics,Q4 2025,2025-11-01,Lost,4,2025-12-10,42200,
PROS-00653,REP-0045,Drift Partners,5000+,LinkedIn,AI Platform,Q2 2026,2026-06-10,Open,1,,189300,
PROS-00654,REP-0089,Atlas Technologies,1-50,Cold Outreach,AI Platform,Q2 2026,2026-04-15,Dead,0,,21300,
PROS-00655,REP-0035,Sterling Digital,201-1000,Inbound Call,Data Analytics,Q1 2026,2026-02-17,Lost,5,2026-05-06,70200,
PROS-00656,REP-0080,Ironclad Technologies,201-1000,Referral,Cloud Compute,Q2 2026,2026-05-18,Lost,5,2026-06-07,13400,
PROS-00657,REP-0054,Horizon Digital,201-1000,Referral,AI Platform,Q2 2026,2026-06-25,Open,2,,138400,
PROS-00658,REP-0059,Cobalt Systems,51-200,Paid Marketing,Cloud Compute,Q4 2025,2025-12-29,Lost,3,2026-01-15,27700,
PROS-00659,REP-0005,Atlas Technologies,1-50,Website Inquiry,Cloud Compute,Q1 2026,2026-03-17,Dead,1,,10300,
PROS-00660,REP-0074,Sterling Group,51-200,Cold Outreach,AI Platform,Q4 2025,2025-10-11,Lost,2,2025-11-06,46000,
PROS-00661,REP-0078,Northgate Holdings,1000-5000,Conference,Data Analytics,Q1 2026,2026-03-03,Dead,1,,36500,
PROS-00662,REP-0086,Redshift Dynamics,51-200,Conference,Cloud Storage,Q1 2026,2026-02-09,Lost,5,2026-03-06,16700,
PROS-00663,REP-0063,Helix Systems,51-200,LinkedIn,Cloud Storage,Q1 2026,2026-02-15,Lost,4,2026-03-01,10100,
PROS-00664,REP-0042,Zenith Technologies,1-50,Referral,AI Platform,Q2 2026,2026-06-13,Open,3,,23600,
PROS-00665,REP-0012,Ridgeline Systems,51-200,Conference,Cloud Compute,Q4 2025,2025-12-25,Lost,3,2026-01-10,15300,
PROS-00666,REP-0108,Ridgeline Networks,51-200,LinkedIn,Cloud Storage,Q2 2026,2026-05-04,Lost,4,2026-05-27,8400,
PROS-00667,REP-0059,Granite Partners,1-50,Paid Marketing,Cloud Storage,Q4 2025,2025-11-25,Dead,0,,8700,
PROS-00668,REP-0011,Nimbus Partners,1-50,Paid Marketing,Cloud Storage,Q1 2026,2026-03-10,Dead,0,,7700,
PROS-00669,REP-0030,Drift Partners,5000+,Inbound Call,Security Suite,Q1 2026,2026-03-16,Lost,2,2026-05-03,114900,
PROS-00670,REP-0057,Ironclad Holdings,5000+,Referral,Cloud Compute,Q4 2025,2025-12-13,Won,6,2026-02-22,34800,40500
PROS-00671,REP-0012,Meridian Industries,1-50,Cold Outreach,Cloud Compute,Q2 2026,2026-05-04,Lost,2,2026-05-22,8000,
PROS-00672,REP-0056,Redshift Partners,1-50,Inbound Call,Cloud Compute,Q2 2026,2026-05-19,Won,4,2026-05-31,11700,12600
PROS-00673,REP-0087,Helix Industries,1000-5000,Cold Outreach,AI Platform,Q2 2026,2026-04-03,Dead,0,,149800,
PROS-00674,REP-0067,Wavefront Holdings,5000+,Cold Outreach,Security Suite,Q2 2026,2026-05-10,Dead,0,,159900,
PROS-00675,REP-0066,Northgate Technologies,201-1000,Paid Marketing,Cloud Storage,Q2 2026,2026-04-19,Lost,5,2026-05-08,8400,
PROS-00676,REP-0081,Pulse Group,1-50,Referral,Data Analytics,Q4 2025,2025-10-30,Dead,0,,9200,
PROS-00677,REP-0100,Ember Labs,1000-5000,Cold Outreach,Security Suite,Q1 2026,2026-03-29,Lost,3,2026-04-17,122700,
PROS-00678,REP-0003,Atlas Digital,51-200,Paid Marketing,Cloud Compute,Q1 2026,2026-01-19,Dead,0,,20400,
PROS-00679,REP-0009,Catalyst Works,1000-5000,Inbound Call,Cloud Storage,Q1 2026,2026-01-02,Lost,2,2026-03-02,12200,
PROS-00680,REP-0003,Summit Dynamics,1-50,Paid Marketing,Security Suite,Q1 2026,2026-01-04,Lost,5,2026-01-18,13100,
PROS-00681,REP-0076,Pulse Partners,1-50,Cold Outreach,Security Suite,Q2 2026,2026-06-11,Open,2,,30200,
PROS-00682,REP-0054,Ember Works,51-200,Paid Marketing,Cloud Compute,Q4 2025,2025-12-19,Lost,2,2026-01-13,32000,
PROS-00683,REP-0046,Anchor Dynamics,201-1000,Cold Outreach,Cloud Compute,Q1 2026,2026-02-20,Dead,0,,28000,
PROS-00684,REP-0025,Northgate Industries,201-1000,Cold Outreach,Cloud Compute,Q1 2026,2026-02-17,Lost,4,2026-03-21,41200,
PROS-00685,REP-0070,Drift Dynamics,51-200,Referral,Data Analytics,Q4 2025,2025-12-28,Won,6,2026-02-03,43500,38000
PROS-00686,REP-0056,Wavefront Group,201-1000,LinkedIn,AI Platform,Q4 2025,2025-12-22,Dead,0,,90000,
PROS-00687,REP-0035,Summit Industries,1000-5000,Conference,Cloud Storage,Q2 2026,2026-06-15,Open,0,,17900,
PROS-00688,REP-0059,Meridian Solutions,51-200,LinkedIn,Cloud Compute,Q2 2026,2026-05-10,Won,3,2026-05-30,21100,25200
PROS-00689,REP-0003,Solace Labs,1-50,LinkedIn,AI Platform,Q2 2026,2026-06-14,Open,2,,16400,
PROS-00690,REP-0075,Atlas Partners,1000-5000,Cold Outreach,Cloud Storage,Q4 2025,2025-12-24,Lost,3,2026-01-12,20000,
PROS-00691,REP-0008,Sterling Digital,201-1000,Inbound Call,Cloud Compute,Q1 2026,2026-03-27,Lost,2,2026-05-15,42200,
PROS-00692,REP-0028,Ironclad Networks,1-50,Paid Marketing,Cloud Compute,Q4 2025,2025-11-07,Won,2,2025-12-02,16200,14600
PROS-00693,REP-0092,Cobalt Works,1000-5000,Conference,Cloud Compute,Q4 2025,2025-10-24,Lost,2,2025-12-07,45500,
PROS-00694,REP-0004,Meridian Partners,51-200,Inbound Call,Cloud Compute,Q2 2026,2026-05-20,Won,3,2026-05-28,21100,21300
PROS-00695,REP-0085,Catalyst Dynamics,5000+,Cold Outreach,AI Platform,Q2 2026,2026-06-07,Open,1,,331400,
PROS-00696,REP-0027,Meridian Dynamics,1000-5000,Paid Marketing,Cloud Compute,Q2 2026,2026-05-10,Dead,0,,48600,
PROS-00697,REP-0059,Catalyst Works,1-50,LinkedIn,Data Analytics,Q2 2026,2026-05-16,Lost,2,2026-06-07,18300,
PROS-00698,REP-0108,Summit Digital,1-50,LinkedIn,Cloud Storage,Q1 2026,2026-02-01,Lost,3,2026-02-08,6000,
PROS-00699,REP-0062,Vertex Partners,201-1000,Paid Marketing,Cloud Compute,Q1 2026,2026-01-03,Dead,1,,18900,
PROS-00700,REP-0012,Ember Labs,51-200,Website Inquiry,Cloud Storage,Q1 2026,2026-01-15,Dead,2,,12900,
PROS-00701,REP-0068,Vertex Technologies,201-1000,Inbound Call,Cloud Storage,Q1 2026,2026-03-02,Lost,3,2026-03-21,10600,
PROS-00702,REP-0100,Lattice Systems,201-1000,Cold Outreach,Cloud Compute,Q1 2026,2026-01-27,Dead,0,,31200,
PROS-00703,REP-0036,Apex Solutions,201-1000,LinkedIn,Cloud Storage,Q1 2026,2026-02-07,Dead,1,,21900,
PROS-00704,REP-0037,Vantage Systems,201-1000,Paid Marketing,AI Platform,Q1 2026,2026-01-02,Lost,3,2026-02-18,157600,
PROS-00705,REP-0030,Ember Group,1000-5000,Referral,Security Suite,Q4 2025,2025-12-31,Lost,2,2026-03-31,151900,
PROS-00706,REP-0042,Quantum Works,51-200,Cold Outreach,AI Platform,Q1 2026,2026-03-18,Dead,1,,75600,
PROS-00707,REP-0039,Solace Networks,1000-5000,Paid Marketing,AI Platform,Q1 2026,2026-02-10,Lost,3,2026-05-06,230400,
PROS-00708,REP-0051,Solace Dynamics,201-1000,Inbound Call,AI Platform,Q2 2026,2026-04-29,Lost,2,2026-06-21,93000,
PROS-00709,REP-0019,Orbit Dynamics,1000-5000,Website Inquiry,Cloud Storage,Q1 2026,2026-01-03,Lost,2,2026-01-31,17100,
PROS-00710,REP-0083,Ironclad Labs,201-1000,Cold Outreach,Cloud Storage,Q4 2025,2025-11-24,Lost,3,2025-12-28,8800,
PROS-00711,REP-0015,Cobalt Partners,201-1000,Cold Outreach,Cloud Compute,Q2 2026,2026-05-19,Dead,0,,32100,
PROS-00712,REP-0005,Catalyst Systems,1-50,Inbound Call,Security Suite,Q4 2025,2025-11-22,Dead,0,,21400,
PROS-00713,REP-0073,Apex Digital,1000-5000,Paid Marketing,Cloud Compute,Q2 2026,2026-06-28,Open,2,,33400,
PROS-00714,REP-0070,Anchor Works,51-200,Website Inquiry,AI Platform,Q2 2026,2026-05-23,Dead,0,,106900,
PROS-00715,REP-0088,Ironclad Group,51-200,Paid Marketing,AI Platform,Q2 2026,2026-04-10,Dead,0,,86000,
PROS-00716,REP-0058,Cobalt Works,1000-5000,Cold Outreach,Cloud Compute,Q4 2025,2025-12-26,Lost,4,2026-02-15,68700,
PROS-00717,REP-0001,Vertex Group,201-1000,Website Inquiry,Cloud Compute,Q4 2025,2025-12-03,Won,5,2026-01-09,39600,45300
PROS-00718,REP-0018,Helix Holdings,1000-5000,Cold Outreach,Data Analytics,Q2 2026,2026-05-09,Lost,5,2026-06-27,109000,
PROS-00719,REP-0107,Pulse Dynamics,201-1000,LinkedIn,Security Suite,Q1 2026,2026-01-18,Won,5,2026-02-24,72100,83500
PROS-00720,REP-0044,Anchor Works,1-50,Website Inquiry,Security Suite,Q2 2026,2026-04-14,Dead,0,,23200,
PROS-00721,REP-0063,Wavefront Networks,1-50,Cold Outreach,AI Platform,Q2 2026,2026-06-02,Open,0,,32700,
PROS-00722,REP-0021,Solace Industries,51-200,Paid Marketing,Data Analytics,Q4 2025,2025-12-31,Lost,2,2026-01-07,19800,
PROS-00723,REP-0036,Ember Technologies,51-200,Conference,Data Analytics,Q1 2026,2026-02-22,Won,3,2026-03-17,23400,20800
PROS-00724,REP-0017,Redshift Labs,1000-5000,Paid Marketing,AI Platform,Q2 2026,2026-05-01,Lost,3,2026-06-09,71700,
PROS-00725,REP-0047,Pulse Holdings,51-200,Paid Marketing,Security Suite,Q1 2026,2026-03-08,Lost,2,2026-04-23,57600,
PROS-00726,REP-0001,Helix Partners,201-1000,Inbound Call,Cloud Compute,Q4 2025,2025-11-26,Dead,1,,23500,
PROS-00727,REP-0046,Zenith Holdings,201-1000,Website Inquiry,Cloud Compute,Q1 2026,2026-03-07,Lost,3,2026-04-19,23200,
PROS-00728,REP-0033,Summit Networks,1000-5000,LinkedIn,Cloud Compute,Q1 2026,2026-02-08,Lost,3,2026-04-10,57100,
PROS-00729,REP-0056,Northgate Group,1-50,Paid Marketing,Security Suite,Q4 2025,2025-11-17,Dead,0,,39100,
PROS-00730,REP-0012,Ridgeline Dynamics,201-1000,LinkedIn,AI Platform,Q2 2026,2026-05-03,Dead,2,,94700,
PROS-00731,REP-0055,Nimbus Technologies,1000-5000,LinkedIn,Cloud Compute,Q1 2026,2026-02-25,Lost,3,2026-04-07,46900,
PROS-00732,REP-0046,Vertex Group,51-200,Conference,AI Platform,Q1 2026,2026-01-14,Dead,0,,89100,
PROS-00733,REP-0056,Pulse Networks,1-50,Paid Marketing,Security Suite,Q1 2026,2026-02-28,Lost,4,2026-03-24,31900,
PROS-00734,REP-0021,Granite Works,1-50,Website Inquiry,Data Analytics,Q1 2026,2026-01-02,Lost,5,2026-01-21,11000,
PROS-00735,REP-0056,Nimbus Dynamics,51-200,Inbound Call,Cloud Storage,Q4 2025,2025-12-07,Dead,0,,10800,
PROS-00736,REP-0072,Beacon Digital,51-200,LinkedIn,AI Platform,Q2 2026,2026-05-03,Lost,2,2026-06-12,50800,
PROS-00737,REP-0081,Cobalt Partners,51-200,Paid Marketing,AI Platform,Q1 2026,2026-03-07,Lost,5,2026-03-25,41900,
PROS-00738,REP-0057,Nova Networks,201-1000,Website Inquiry,Cloud Compute,Q4 2025,2025-12-07,Lost,2,2026-01-14,16900,
PROS-00739,REP-0106,Meridian Technologies,201-1000,Paid Marketing,Data Analytics,Q2 2026,2026-04-02,Dead,0,,35100,
PROS-00740,REP-0088,Ridgeline Systems,51-200,Cold Outreach,Data Analytics,Q2 2026,2026-05-10,Lost,5,2026-05-20,38900,
PROS-00741,REP-0019,Lattice Dynamics,201-1000,Inbound Call,Cloud Compute,Q4 2025,2025-10-14,Lost,2,2025-11-11,24400,
PROS-00742,REP-0069,Sterling Industries,51-200,Cold Outreach,AI Platform,Q2 2026,2026-06-20,Lost,4,2026-06-28,63600,
PROS-00743,REP-0102,Zenith Solutions,51-200,Referral,Data Analytics,Q2 2026,2026-04-21,Won,4,2026-05-15,22000,23400
PROS-00744,REP-0008,Anchor Holdings,201-1000,Inbound Call,Cloud Storage,Q2 2026,2026-04-21,Lost,5,2026-06-04,14900,
PROS-00745,REP-0030,Apex Holdings,1000-5000,Inbound Call,AI Platform,Q2 2026,2026-04-19,Won,7,2026-06-29,199700,213400
PROS-00746,REP-0070,Wavefront Solutions,51-200,Cold Outreach,Cloud Storage,Q4 2025,2025-11-04,Won,4,2025-12-19,9500,10500
PROS-00747,REP-0066,Catalyst Solutions,51-200,Website Inquiry,Security Suite,Q4 2025,2025-12-02,Won,6,2025-12-29,45900,48400
PROS-00748,REP-0059,Ironclad Networks,51-200,Paid Marketing,Security Suite,Q1 2026,2026-01-27,Lost,2,2026-02-04,63900,
PROS-00749,REP-0015,Sterling Technologies,1-50,Paid Marketing,Security Suite,Q2 2026,2026-05-05,Lost,5,2026-05-16,22900,
PROS-00750,REP-0089,Pulse Partners,1-50,Paid Marketing,Cloud Storage,Q4 2025,2025-10-31,Lost,4,2025-11-23,4500,
PROS-00751,REP-0028,Fusion Digital,51-200,Paid Marketing,Cloud Compute,Q2 2026,2026-05-04,Dead,0,,19300,
PROS-00752,REP-0006,Ridgeline Dynamics,201-1000,Website Inquiry,Cloud Storage,Q2 2026,2026-05-30,Open,2,,11600,
PROS-00753,REP-0063,Apex Labs,1-50,Conference,Cloud Storage,Q1 2026,2026-01-14,Dead,2,,3500,
PROS-00754,REP-0073,Atlas Partners,201-1000,Website Inquiry,Security Suite,Q1 2026,2026-03-21,Lost,2,2026-05-02,50200,
PROS-00755,REP-0086,Redshift Holdings,201-1000,LinkedIn,Data Analytics,Q1 2026,2026-02-01,Lost,4,2026-03-04,24800,
PROS-00756,REP-0063,Nova Holdings,1-50,Website Inquiry,Data Analytics,Q4 2025,2025-12-07,Dead,0,,9300,
PROS-00757,REP-0022,Vertex Systems,1000-5000,Paid Marketing,Cloud Compute,Q2 2026,2026-05-20,Lost,3,2026-06-12,49200,
PROS-00758,REP-0042,Quantum Solutions,1-50,Conference,Data Analytics,Q4 2025,2025-11-17,Lost,2,2025-11-26,12700,
PROS-00759,REP-0075,Granite Industries,201-1000,Cold Outreach,Cloud Compute,Q2 2026,2026-06-13,Open,2,,36400,
PROS-00760,REP-0030,Beacon Works,5000+,Paid Marketing,Data Analytics,Q2 2026,2026-04-23,Lost,5,2026-06-27,64200,
PROS-00761,REP-0076,Zenith Dynamics,1-50,Inbound Call,Cloud Storage,Q4 2025,2025-10-08,Lost,3,2025-10-29,4100,
PROS-00762,REP-0041,Sterling Labs,201-1000,Cold Outreach,AI Platform,Q4 2025,2025-10-08,Lost,2,2025-10-30,193300,
PROS-00763,REP-0023,Helix Labs,5000+,Conference,Data Analytics,Q4 2025,2025-12-22,Lost,2,2026-02-11,88300,
PROS-00764,REP-0102,Horizon Labs,201-1000,Cold Outreach,Cloud Storage,Q2 2026,2026-06-26,Open,1,,13400,
PROS-00765,REP-0040,Ridgeline Dynamics,51-200,Website Inquiry,AI Platform,Q1 2026,2026-03-03,Won,4,2026-04-02,30000,25900
PROS-00766,REP-0015,Nova Digital,1-50,Inbound Call,AI Platform,Q2 2026,2026-05-08,Dead,0,,31100,
PROS-00767,REP-0074,Ridgeline Solutions,201-1000,Paid Marketing,Data Analytics,Q1 2026,2026-02-23,Lost,4,2026-04-08,39300,
PROS-00768,REP-0028,Vantage Labs,1-50,Website Inquiry,AI Platform,Q1 2026,2026-03-02,Lost,5,2026-03-14,33600,
PROS-00769,REP-0070,Nimbus Networks,1000-5000,Cold Outreach,AI Platform,Q2 2026,2026-04-07,Lost,3,2026-05-09,146600,
PROS-00770,REP-0102,Apex Holdings,1-50,Paid Marketing,Cloud Compute,Q4 2025,2025-12-20,Lost,4,2026-01-12,12000,
PROS-00771,REP-0110,Cobalt Partners,201-1000,Paid Marketing,Cloud Storage,Q4 2025,2025-12-14,Lost,5,2026-01-27,19500,
PROS-00772,REP-0053,Cobalt Industries,1-50,Website Inquiry,AI Platform,Q2 2026,2026-05-15,Dead,0,,32200,
PROS-00773,REP-0087,Meridian Holdings,1000-5000,LinkedIn,Cloud Storage,Q4 2025,2025-11-21,Dead,0,,33700,
PROS-00774,REP-0096,Helix Works,51-200,Paid Marketing,Cloud Storage,Q4 2025,2025-10-13,Dead,0,,6200,
PROS-00775,REP-0021,Sterling Dynamics,1-50,Website Inquiry,AI Platform,Q2 2026,2026-04-15,Lost,3,2026-05-06,34200,
PROS-00776,REP-0003,Sterling Technologies,1-50,Conference,Data Analytics,Q1 2026,2026-03-17,Dead,0,,10400,
PROS-00777,REP-0094,Horizon Systems,1-50,Website Inquiry,AI Platform,Q1 2026,2026-03-16,Lost,5,2026-04-06,56300,
PROS-00778,REP-0032,Ironclad Digital,1000-5000,Paid Marketing,Cloud Compute,Q4 2025,2025-10-26,Lost,4,2025-12-16,26100,
PROS-00779,REP-0053,Helix Solutions,51-200,Paid Marketing,AI Platform,Q2 2026,2026-06-05,Open,0,,73000,
PROS-00780,REP-0101,Nova Dynamics,201-1000,Inbound Call,AI Platform,Q1 2026,2026-02-25,Lost,2,2026-04-12,97700,
PROS-00781,REP-0029,Redshift Partners,201-1000,Website Inquiry,Data Analytics,Q2 2026,2026-04-03,Lost,3,2026-05-14,35400,
PROS-00782,REP-0025,Horizon Digital,51-200,Cold Outreach,AI Platform,Q2 2026,2026-04-02,Lost,2,2026-05-03,77000,
PROS-00783,REP-0095,Beacon Partners,51-200,Cold Outreach,AI Platform,Q2 2026,2026-04-26,Lost,4,2026-05-16,112600,
PROS-00784,REP-0098,Helix Dynamics,201-1000,Website Inquiry,Cloud Storage,Q1 2026,2026-03-20,Dead,0,,25500,
PROS-00785,REP-0042,Solace Partners,51-200,Paid Marketing,Security Suite,Q1 2026,2026-02-24,Dead,0,,25100,
PROS-00786,REP-0101,Drift Networks,1000-5000,Paid Marketing,AI Platform,Q1 2026,2026-02-13,Dead,1,,90200,
PROS-00787,REP-0011,Northgate Labs,51-200,Cold Outreach,Cloud Storage,Q2 2026,2026-04-13,Lost,2,2026-05-06,12200,
PROS-00788,REP-0103,Vantage Partners,51-200,Cold Outreach,Cloud Storage,Q2 2026,2026-04-11,Lost,2,2026-04-29,5100,
PROS-00789,REP-0096,Cobalt Partners,201-1000,LinkedIn,Data Analytics,Q1 2026,2026-03-23,Dead,0,,24600,
PROS-00790,REP-0103,Redshift Partners,1-50,LinkedIn,AI Platform,Q2 2026,2026-04-16,Lost,3,2026-05-09,15000,
PROS-00791,REP-0045,Pulse Dynamics,201-1000,LinkedIn,Cloud Compute,Q4 2025,2025-12-13,Dead,0,,14700,
PROS-00792,REP-0042,Wavefront Digital,51-200,Inbound Call,AI Platform,Q2 2026,2026-04-15,Lost,2,2026-05-09,44700,
PROS-00793,REP-0050,Solace Labs,1000-5000,Referral,AI Platform,Q4 2025,2025-12-24,Won,6,2026-03-15,76100,79300
PROS-00794,REP-0011,Anchor Works,1-50,Paid Marketing,Data Analytics,Q1 2026,2026-01-17,Dead,0,,11100,
PROS-00795,REP-0044,Ironclad Technologies,51-200,Cold Outreach,Cloud Compute,Q4 2025,2025-10-10,Dead,0,,19400,
PROS-00796,REP-0010,Ironclad Labs,201-1000,Cold Outreach,Cloud Storage,Q2 2026,2026-05-01,Lost,3,2026-05-23,9200,
PROS-00797,REP-0036,Helix Partners,1000-5000,Conference,Cloud Storage,Q1 2026,2026-03-15,Lost,3,2026-04-03,34800,
PROS-00798,REP-0022,Orbit Holdings,51-200,Referral,Cloud Storage,Q4 2025,2025-12-22,Lost,4,2026-01-18,11700,
PROS-00799,REP-0051,Horizon Systems,5000+,Cold Outreach,Data Analytics,Q4 2025,2025-12-08,Lost,5,2026-01-15,44900,
PROS-00800,REP-0103,Atlas Industries,51-200,LinkedIn,Security Suite,Q1 2026,2026-02-03,Dead,1,,42800,
PROS-00801,REP-0107,Fusion Technologies,201-1000,Website Inquiry,Cloud Compute,Q4 2025,2025-10-12,Lost,3,2025-11-30,38400,
PROS-00802,REP-0016,Solace Holdings,5000+,Cold Outreach,Security Suite,Q4 2025,2025-12-31,Dead,0,,107300,
PROS-00803,REP-0066,Zenith Networks,1000-5000,Website Inquiry,Data Analytics,Q4 2025,2025-11-03,Lost,3,2025-12-22,54400,
PROS-00804,REP-0108,Drift Labs,1-50,Website Inquiry,Cloud Compute,Q1 2026,2026-02-08,Lost,5,2026-02-17,18100,
PROS-00805,REP-0102,Redshift Dynamics,51-200,Paid Marketing,Security Suite,Q1 2026,2026-03-29,Dead,0,,25900,
PROS-00806,REP-0065,Atlas Labs,201-1000,Website Inquiry,Cloud Storage,Q1 2026,2026-01-16,Dead,0,,15300,
PROS-00807,REP-0023,Zenith Labs,1000-5000,Inbound Call,Security Suite,Q4 2025,2025-11-22,Lost,4,2026-01-01,64400,
PROS-00808,REP-0066,Apex Industries,201-1000,Conference,AI Platform,Q2 2026,2026-06-20,Open,0,,134500,
PROS-00809,REP-0043,Apex Labs,201-1000,Paid Marketing,Security Suite,Q1 2026,2026-02-15,Lost,3,2026-03-12,71700,
PROS-00810,REP-0068,Lattice Solutions,201-1000,Cold Outreach,Cloud Storage,Q1 2026,2026-03-23,Lost,3,2026-04-19,8700,
PROS-00811,REP-0095,Quantum Networks,1-50,Inbound Call,AI Platform,Q4 2025,2025-11-04,Dead,0,,38700,
PROS-00812,REP-0043,Nova Digital,201-1000,Website Inquiry,Cloud Storage,Q2 2026,2026-06-01,Won,6,2026-06-20,19500,20300
PROS-00813,REP-0094,Vertex Group,1-50,Paid Marketing,Cloud Storage,Q4 2025,2025-10-11,Dead,0,,3600,
PROS-00814,REP-0054,Drift Partners,1000-5000,Paid Marketing,AI Platform,Q2 2026,2026-05-02,Lost,4,2026-05-20,145600,
PROS-00815,REP-0108,Orbit Dynamics,1-50,Inbound Call,Cloud Storage,Q1 2026,2026-02-05,Lost,4,2026-02-15,5200,
PROS-00816,REP-0065,Zenith Partners,201-1000,Paid Marketing,Cloud Storage,Q1 2026,2026-03-09,Lost,5,2026-04-12,21600,
PROS-00817,REP-0021,Apex Partners,51-200,Website Inquiry,Security Suite,Q1 2026,2026-03-26,Won,4,2026-04-12,35700,38800
PROS-00818,REP-0094,Redshift Group,201-1000,LinkedIn,Cloud Compute,Q4 2025,2025-10-03,Won,2,2025-10-15,19900,22900
PROS-00819,REP-0005,Fusion Labs,51-200,Cold Outreach,AI Platform,Q2 2026,2026-04-24,Lost,3,2026-05-09,87400,
PROS-00820,REP-0050,Quantum Partners,1000-5000,Cold Outreach,AI Platform,Q1 2026,2026-02-22,Dead,0,,211000,
PROS-00821,REP-0040,Redshift Systems,51-200,LinkedIn,Cloud Storage,Q1 2026,2026-02-16,Dead,0,,9800,
PROS-00822,REP-0012,Orbit Holdings,51-200,Cold Outreach,Security Suite,Q1 2026,2026-02-08,Lost,5,2026-02-20,50200,
PROS-00823,REP-0102,Meridian Dynamics,1-50,Paid Marketing,Cloud Storage,Q1 2026,2026-03-07,Dead,0,,6000,
PROS-00824,REP-0021,Atlas Group,51-200,LinkedIn,Cloud Compute,Q1 2026,2026-03-29,Dead,0,,12400,
PROS-00825,REP-0053,Nimbus Group,1-50,Referral,Data Analytics,Q2 2026,2026-06-13,Open,0,,10300,
PROS-00826,REP-0008,Sterling Systems,1000-5000,LinkedIn,Cloud Compute,Q2 2026,2026-04-30,Lost,2,2026-05-17,26900,
PROS-00827,REP-0062,Ironclad Industries,1-50,LinkedIn,Cloud Compute,Q1 2026,2026-02-13,Dead,0,,9400,
PROS-00828,REP-0011,Redshift Solutions,1-50,Referral,Cloud Compute,Q4 2025,2025-11-18,Dead,0,,5300,
PROS-00829,REP-0076,Sterling Works,51-200,Paid Marketing,Data Analytics,Q2 2026,2026-05-17,Dead,0,,17200,
PROS-00830,REP-0012,Helix Digital,51-200,Website Inquiry,Data Analytics,Q1 2026,2026-03-18,Won,4,2026-04-11,35800,32400
PROS-00831,REP-0034,Cobalt Partners,1000-5000,LinkedIn,Cloud Compute,Q2 2026,2026-06-06,Open,0,,43800,
PROS-00832,REP-0104,Lattice Works,1000-5000,LinkedIn,AI Platform,Q1 2026,2026-01-27,Lost,3,2026-04-20,60300,
PROS-00833,REP-0011,Ember Systems,1-50,Conference,Cloud Compute,Q1 2026,2026-02-14,Lost,5,2026-03-10,13600,
PROS-00834,REP-0003,Northgate Technologies,1-50,Cold Outreach,Cloud Storage,Q4 2025,2025-12-07,Dead,0,,4800,
PROS-00835,REP-0035,Vantage Technologies,1000-5000,Cold Outreach,AI Platform,Q2 2026,2026-06-20,Open,0,,174100,
PROS-00836,REP-0108,Ridgeline Works,1-50,Paid Marketing,AI Platform,Q2 2026,2026-05-13,Lost,2,2026-06-01,58100,
PROS-00837,REP-0077,Horizon Labs,1-50,Cold Outreach,Cloud Compute,Q2 2026,2026-05-29,Won,4,2026-06-06,14400,12600
PROS-00838,REP-0081,Nova Dynamics,1-50,Paid Marketing,Cloud Storage,Q2 2026,2026-06-26,Open,1,,5100,
PROS-00839,REP-0070,Beacon Partners,201-1000,Paid Marketing,Cloud Compute,Q2 2026,2026-06-20,Open,0,,29600,
PROS-00840,REP-0090,Apex Dynamics,5000+,Cold Outreach,Cloud Compute,Q2 2026,2026-05-21,Lost,5,2026-06-26,59200,
PROS-00841,REP-0063,Cobalt Works,1-50,Cold Outreach,AI Platform,Q4 2025,2025-12-20,Lost,4,2025-12-30,23500,
PROS-00842,REP-0010,Ironclad Technologies,201-1000,LinkedIn,Data Analytics,Q1 2026,2026-01-24,Lost,4,2026-02-28,33600,
PROS-00843,REP-0098,Fusion Partners,51-200,Website Inquiry,AI Platform,Q2 2026,2026-06-24,Lost,4,2026-06-28,118600,
PROS-00844,REP-0011,Nimbus Solutions,51-200,Inbound Call,Cloud Compute,Q4 2025,2025-10-09,Won,3,2025-10-17,11300,12200
PROS-00845,REP-0088,Quantum Networks,1-50,LinkedIn,Cloud Compute,Q1 2026,2026-02-08,Won,2,2026-03-04,12500,13800
PROS-00846,REP-0083,Orbit Digital,1000-5000,Cold Outreach,AI Platform,Q2 2026,2026-05-04,Lost,4,2026-06-15,199100,
PROS-00847,REP-0055,Orbit Digital,1000-5000,Paid Marketing,Security Suite,Q4 2025,2025-11-03,Dead,0,,82900,
PROS-00848,REP-0081,Horizon Dynamics,1-50,Paid Marketing,AI Platform,Q1 2026,2026-02-27,Lost,5,2026-03-11,26600,
PROS-00849,REP-0078,Drift Solutions,51-200,LinkedIn,Data Analytics,Q1 2026,2026-03-23,Dead,0,,18200,
PROS-00850,REP-0052,Drift Works,5000+,Paid Marketing,Data Analytics,Q2 2026,2026-05-19,Dead,1,,133300,
PROS-00851,REP-0029,Catalyst Labs,201-1000,Paid Marketing,Security Suite,Q1 2026,2026-03-02,Won,5,2026-03-28,45700,54100
PROS-00852,REP-0054,Cobalt Partners,201-1000,Cold Outreach,Data Analytics,Q2 2026,2026-06-22,Open,2,,51000,
PROS-00853,REP-0037,Drift Works,201-1000,Cold Outreach,Security Suite,Q2 2026,2026-06-12,Open,2,,59900,
PROS-00854,REP-0096,Lattice Digital,1-50,Website Inquiry,Cloud Storage,Q2 2026,2026-05-10,Dead,2,,6800,
PROS-00855,REP-0106,Ironclad Holdings,51-200,Website Inquiry,AI Platform,Q2 2026,2026-04-02,Lost,5,2026-05-18,70300,
PROS-00856,REP-0035,Wavefront Industries,1000-5000,Cold Outreach,Cloud Storage,Q4 2025,2025-10-02,Won,7,2025-12-03,22900,22100
PROS-00857,REP-0063,Granite Labs,1-50,Cold Outreach,Data Analytics,Q4 2025,2025-10-19,Lost,2,2025-11-01,20800,
PROS-00858,REP-0086,Meridian Works,201-1000,Referral,Cloud Compute,Q4 2025,2025-12-20,Lost,4,2026-01-31,26200,
PROS-00859,REP-0091,Sterling Holdings,201-1000,LinkedIn,Data Analytics,Q2 2026,2026-05-15,Lost,4,2026-06-29,28300,
PROS-00860,REP-0012,Ridgeline Networks,51-200,Website Inquiry,Security Suite,Q2 2026,2026-05-03,Dead,0,,58400,
PROS-00861,REP-0007,Lattice Dynamics,1000-5000,Cold Outreach,Cloud Storage,Q2 2026,2026-06-09,Open,3,,18900,
PROS-00862,REP-0060,Fusion Technologies,5000+,Cold Outreach,Cloud Compute,Q2 2026,2026-05-29,Lost,4,2026-06-28,121400,
PROS-00863,REP-0003,Ridgeline Technologies,1-50,Cold Outreach,Cloud Compute,Q1 2026,2026-03-22,Dead,0,,13800,
PROS-00864,REP-0011,Lattice Partners,1-50,LinkedIn,Security Suite,Q2 2026,2026-06-29,Open,0,,12700,
PROS-00865,REP-0028,Cobalt Networks,51-200,Inbound Call,Data Analytics,Q1 2026,2026-03-13,Won,3,2026-03-29,16200,14600
PROS-00866,REP-0022,Wavefront Labs,201-1000,Inbound Call,AI Platform,Q2 2026,2026-06-28,Lost,2,2026-06-27,103600,
PROS-00867,REP-0013,Redshift Group,1000-5000,Paid Marketing,AI Platform,Q1 2026,2026-03-16,Lost,2,2026-04-22,119800,
PROS-00868,REP-0091,Cobalt Partners,1000-5000,Cold Outreach,AI Platform,Q2 2026,2026-04-12,Lost,3,2026-05-06,175800,
PROS-00869,REP-0081,Ridgeline Holdings,1-50,Website Inquiry,Data Analytics,Q1 2026,2026-01-17,Lost,2,2026-01-30,8200,
PROS-00870,REP-0088,Ember Systems,51-200,Paid Marketing,AI Platform,Q2 2026,2026-06-22,Lost,3,2026-06-29,121800,
PROS-00871,REP-0108,Solace Digital,201-1000,Inbound Call,Cloud Compute,Q2 2026,2026-06-18,Open,1,,45100,
PROS-00872,REP-0049,Zenith Networks,201-1000,Paid Marketing,AI Platform,Q2 2026,2026-04-08,Dead,0,,105500,
PROS-00873,REP-0051,Summit Networks,1000-5000,Paid Marketing,Cloud Storage,Q2 2026,2026-05-27,Dead,0,,25000,
PROS-00874,REP-0036,Fusion Works,201-1000,Cold Outreach,AI Platform,Q1 2026,2026-02-16,Won,5,2026-03-04,186500,188300
PROS-00875,REP-0104,Lattice Partners,1000-5000,Conference,Security Suite,Q4 2025,2025-11-21,Lost,4,2026-01-17,56300,
PROS-00876,REP-0075,Ridgeline Industries,201-1000,Conference,Cloud Storage,Q4 2025,2025-12-11,Won,4,2025-12-26,8300,8600
PROS-00877,REP-0074,Apex Labs,201-1000,Cold Outreach,Data Analytics,Q4 2025,2025-11-30,Dead,0,,51400,
PROS-00878,REP-0051,Vertex Networks,1000-5000,Paid Marketing,AI Platform,Q2 2026,2026-05-15,Dead,0,,165600,
PROS-00879,REP-0056,Quantum Dynamics,51-200,Paid Marketing,Security Suite,Q4 2025,2025-10-18,Lost,5,2025-11-11,56000,
PROS-00880,REP-0025,Apex Group,1000-5000,Cold Outreach,Security Suite,Q4 2025,2025-10-17,Won,5,2025-11-02,63000,58100
PROS-00881,REP-0091,Atlas Technologies,51-200,Paid Marketing,AI Platform,Q1 2026,2026-01-08,Lost,5,2026-02-21,55300,
PROS-00882,REP-0076,Ironclad Labs,51-200,Cold Outreach,AI Platform,Q2 2026,2026-04-06,Lost,3,2026-04-27,93900,
PROS-00883,REP-0001,Beacon Solutions,201-1000,Website Inquiry,Cloud Compute,Q1 2026,2026-01-14,Dead,1,,53000,
PROS-00884,REP-0088,Nimbus Partners,1-50,Paid Marketing,Data Analytics,Q4 2025,2025-11-19,Lost,2,2025-11-26,22900,
PROS-00885,REP-0097,Fusion Networks,51-200,Paid Marketing,AI Platform,Q4 2025,2025-10-29,Dead,0,,87900,
PROS-00886,REP-0042,Northgate Dynamics,1-50,Conference,Cloud Compute,Q1 2026,2026-01-14,Dead,1,,6500,
PROS-00887,REP-0074,Anchor Systems,51-200,Website Inquiry,Cloud Compute,Q4 2025,2025-10-18,Dead,0,,11100,
PROS-00888,REP-0007,Pulse Dynamics,1000-5000,Cold Outreach,Data Analytics,Q2 2026,2026-06-26,Open,0,,34800,
PROS-00889,REP-0042,Apex Group,51-200,Paid Marketing,Cloud Storage,Q2 2026,2026-06-19,Open,1,,9400,
PROS-00890,REP-0063,Solace Labs,51-200,Conference,Data Analytics,Q4 2025,2025-12-28,Won,3,2026-01-19,30300,26200
PROS-00891,REP-0028,Orbit Solutions,51-200,Inbound Call,AI Platform,Q1 2026,2026-03-29,Won,2,2026-04-23,83700,73500
PROS-00892,REP-0101,Fusion Labs,51-200,LinkedIn,AI Platform,Q1 2026,2026-03-22,Lost,4,2026-04-21,95900,
PROS-00893,REP-0065,Wavefront Digital,51-200,Paid Marketing,AI Platform,Q2 2026,2026-05-21,Lost,4,2026-06-07,78700,
PROS-00894,REP-0056,Vertex Labs,1-50,Paid Marketing,AI Platform,Q2 2026,2026-05-25,Lost,3,2026-06-18,31400,
PROS-00895,REP-0059,Solace Technologies,201-1000,Referral,Security Suite,Q1 2026,2026-01-15,Lost,4,2026-02-01,45900,
PROS-00896,REP-0071,Drift Partners,201-1000,Paid Marketing,Cloud Compute,Q1 2026,2026-01-09,Lost,3,2026-02-25,15600,
PROS-00897,REP-0071,Lattice Labs,51-200,Paid Marketing,Cloud Storage,Q1 2026,2026-03-06,Dead,0,,8400,
PROS-00898,REP-0021,Pulse Industries,1-50,Paid Marketing,AI Platform,Q2 2026,2026-06-02,Open,0,,26000,
PROS-00899,REP-0055,Apex Industries,1000-5000,Conference,AI Platform,Q1 2026,2026-01-07,Lost,3,2026-02-09,159400,
PROS-00900,REP-0053,Northgate Networks,1-50,Cold Outreach,Cloud Compute,Q1 2026,2026-03-07,Lost,4,2026-04-01,15600,
PROS-00901,REP-0099,Meridian Industries,201-1000,Paid Marketing,Security Suite,Q4 2025,2025-12-05,Won,6,2026-01-07,75100,69100
PROS-00902,REP-0082,Wavefront Partners,51-200,Website Inquiry,AI Platform,Q1 2026,2026-03-09,Lost,3,2026-03-26,44800,
PROS-00903,REP-0108,Drift Systems,1-50,Website Inquiry,Data Analytics,Q4 2025,2025-12-07,Lost,3,2025-12-17,13000,
PROS-00904,REP-0108,Solace Works,1-50,Referral,Cloud Storage,Q4 2025,2025-12-28,Dead,0,,4300,
PROS-00905,REP-0037,Ridgeline Industries,201-1000,Website Inquiry,Cloud Compute,Q4 2025,2025-12-14,Lost,3,2026-01-02,38100,
PROS-00906,REP-0062,Pulse Technologies,1-50,LinkedIn,Cloud Storage,Q1 2026,2026-03-26,Lost,3,2026-04-06,7500,
PROS-00907,REP-0096,Drift Labs,1-50,Inbound Call,AI Platform,Q2 2026,2026-06-27,Open,3,,40500,
PROS-00908,REP-0103,Redshift Industries,51-200,Paid Marketing,Cloud Compute,Q4 2025,2025-10-01,Lost,3,2025-10-13,16200,
PROS-00909,REP-0108,Orbit Networks,1-50,Referral,Cloud Compute,Q2 2026,2026-04-29,Dead,0,,9600,
PROS-00910,REP-0054,Lattice Digital,51-200,Paid Marketing,AI Platform,Q4 2025,2025-11-14,Dead,2,,59000,
PROS-00911,REP-0067,Quantum Systems,1000-5000,Cold Outreach,Data Analytics,Q1 2026,2026-01-05,Dead,0,,65100,
PROS-00912,REP-0083,Fusion Works,1000-5000,Paid Marketing,Data Analytics,Q2 2026,2026-05-23,Lost,4,2026-06-29,67700,
PROS-00913,REP-0105,Atlas Partners,51-200,LinkedIn,Cloud Storage,Q2 2026,2026-05-20,Lost,2,2026-06-23,10600,
PROS-00914,REP-0075,Apex Solutions,201-1000,Paid Marketing,Security Suite,Q4 2025,2025-12-04,Lost,2,2025-12-24,38900,
PROS-00915,REP-0076,Sterling Technologies,51-200,LinkedIn,Cloud Storage,Q4 2025,2025-12-19,Dead,1,,10100,
PROS-00916,REP-0015,Quantum Holdings,1-50,Paid Marketing,Cloud Storage,Q4 2025,2025-11-16,Dead,0,,6400,
PROS-00917,REP-0027,Apex Industries,5000+,LinkedIn,Cloud Storage,Q4 2025,2025-11-25,Won,6,2026-01-07,48700,50700
PROS-00918,REP-0016,Ember Industries,1000-5000,Cold Outreach,Data Analytics,Q2 2026,2026-06-04,Open,1,,56300,
PROS-00919,REP-0063,Helix Labs,1-50,Conference,AI Platform,Q2 2026,2026-05-30,Lost,4,2026-06-15,16900,
PROS-00920,REP-0107,Redshift Partners,51-200,Paid Marketing,AI Platform,Q1 2026,2026-01-28,Won,5,2026-03-18,96000,82100
PROS-00921,REP-0096,Apex Industries,201-1000,Website Inquiry,Cloud Storage,Q1 2026,2026-01-23,Dead,0,,10800,
PROS-00922,REP-0026,Granite Works,201-1000,Inbound Call,Security Suite,Q1 2026,2026-02-14,Dead,0,,64100,
PROS-00923,REP-0076,Drift Solutions,1-50,Website Inquiry,Security Suite,Q4 2025,2025-12-30,Won,2,2026-01-23,17100,15900
PROS-00924,REP-0083,Atlas Partners,51-200,Paid Marketing,AI Platform,Q1 2026,2026-03-20,Lost,2,2026-04-09,32400,
PROS-00925,REP-0034,Solace Holdings,201-1000,Cold Outreach,Cloud Storage,Q1 2026,2026-01-15,Dead,1,,12000,
PROS-00926,REP-0088,Wavefront Technologies,51-200,Inbound Call,Cloud Compute,Q4 2025,2025-12-29,Won,3,2026-01-22,18600,18200
PROS-00927,REP-0089,Northgate Networks,201-1000,Paid Marketing,Security Suite,Q4 2025,2025-10-01,Dead,0,,48200,
PROS-00928,REP-0086,Fusion Systems,201-1000,Cold Outreach,Cloud Storage,Q1 2026,2026-02-05,Lost,2,2026-02-25,18000,
PROS-00929,REP-0094,Sterling Works,201-1000,Cold Outreach,Cloud Compute,Q1 2026,2026-03-09,Lost,2,2026-03-18,19400,
PROS-00930,REP-0075,Ember Solutions,201-1000,Referral,Cloud Compute,Q1 2026,2026-03-28,Lost,3,2026-05-14,29900,
PROS-00931,REP-0015,Atlas Holdings,1-50,Website Inquiry,Cloud Compute,Q2 2026,2026-05-28,Open,1,,5900,
PROS-00932,REP-0013,Lattice Labs,1000-5000,Conference,Cloud Storage,Q4 2025,2025-10-07,Dead,0,,16800,
PROS-00933,REP-0011,Fusion Technologies,1-50,Inbound Call,Security Suite,Q1 2026,2026-03-31,Lost,2,2026-04-08,24100,
PROS-00934,REP-0059,Lattice Holdings,51-200,Website Inquiry,Security Suite,Q4 2025,2025-10-01,Lost,2,2025-10-20,64300,
PROS-00935,REP-0065,Northgate Holdings,1000-5000,Inbound Call,AI Platform,Q1 2026,2026-02-06,Won,6,2026-03-05,121700,110200
PROS-00936,REP-0047,Meridian Systems,51-200,Website Inquiry,Data Analytics,Q4 2025,2025-10-29,Lost,4,2025-11-28,27200,
PROS-00937,REP-0068,Pulse Technologies,201-1000,Paid Marketing,Cloud Compute,Q4 2025,2025-12-04,Dead,0,,28500,
PROS-00938,REP-0103,Vantage Networks,51-200,Cold Outreach,AI Platform,Q4 2025,2025-11-26,Lost,4,2025-12-19,38400,
PROS-00939,REP-0069,Redshift Digital,1000-5000,Paid Marketing,AI Platform,Q1 2026,2026-01-20,Lost,4,2026-03-06,210800,
PROS-00940,REP-0062,Catalyst Networks,51-200,Paid Marketing,Cloud Storage,Q2 2026,2026-04-30,Dead,0,,10700,
PROS-00941,REP-0063,Fusion Labs,51-200,Conference,Cloud Compute,Q4 2025,2025-10-19,Dead,0,,20500,
PROS-00942,REP-0087,Ember Dynamics,201-1000,Paid Marketing,Cloud Compute,Q4 2025,2025-10-20,Dead,0,,36600,
PROS-00943,REP-0004,Pulse Partners,51-200,Cold Outreach,Security Suite,Q1 2026,2026-02-14,Won,2,2026-03-03,41000,36200
PROS-00944,REP-0049,Northgate Holdings,51-200,LinkedIn,Cloud Storage,Q2 2026,2026-06-01,Lost,3,2026-06-16,8500,
PROS-00945,REP-0071,Drift Solutions,201-1000,Referral,AI Platform,Q2 2026,2026-05-03,Lost,4,2026-06-11,67100,
PROS-00946,REP-0103,Helix Labs,51-200,Conference,Data Analytics,Q2 2026,2026-05-14,Lost,4,2026-06-08,27200,
PROS-00947,REP-0070,Sterling Solutions,201-1000,Referral,Cloud Compute,Q4 2025,2025-11-25,Won,4,2026-01-11,35200,40100
PROS-00948,REP-0109,Pulse Industries,51-200,LinkedIn,Cloud Storage,Q4 2025,2025-10-20,Dead,0,,13900,
PROS-00949,REP-0062,Ember Networks,201-1000,Inbound Call,Security Suite,Q4 2025,2025-12-04,Lost,2,2025-12-26,75300,
PROS-00950,REP-0080,Ridgeline Works,51-200,Paid Marketing,Cloud Storage,Q4 2025,2025-12-22,Dead,0,,12800,
PROS-00951,REP-0040,Meridian Systems,201-1000,Cold Outreach,Cloud Compute,Q4 2025,2025-12-23,Lost,5,2026-01-13,36200,
PROS-00952,REP-0015,Lattice Group,1-50,Paid Marketing,Cloud Storage,Q4 2025,2025-11-04,Lost,5,2025-11-21,7900,
PROS-00953,REP-0077,Apex Works,51-200,Paid Marketing,Security Suite,Q4 2025,2025-11-22,Lost,4,2025-12-11,61000,
PROS-00954,REP-0085,Catalyst Networks,5000+,Paid Marketing,Security Suite,Q2 2026,2026-04-30,Lost,3,2026-06-30,95100,
PROS-00955,REP-0059,Atlas Solutions,51-200,Cold Outreach,Data Analytics,Q1 2026,2026-03-19,Lost,3,2026-03-28,27400,
PROS-00956,REP-0011,Sterling Partners,1-50,Paid Marketing,Cloud Compute,Q2 2026,2026-05-24,Lost,5,2026-06-06,11000,
PROS-00957,REP-0080,Helix Holdings,201-1000,Paid Marketing,Cloud Compute,Q2 2026,2026-05-07,Lost,2,2026-06-26,22200,
PROS-00958,REP-0044,Fusion Dynamics,201-1000,Referral,Data Analytics,Q1 2026,2026-03-04,Dead,2,,45100,
PROS-00959,REP-0056,Ironclad Systems,51-200,Referral,Data Analytics,Q4 2025,2025-10-20,Won,2,2025-11-02,19700,18800
PROS-00960,REP-0074,Helix Partners,201-1000,Inbound Call,Cloud Compute,Q4 2025,2025-11-15,Dead,0,,16100,
PROS-00961,REP-0101,Drift Digital,201-1000,Paid Marketing,Cloud Compute,Q1 2026,2026-02-12,Lost,4,2026-03-26,24200,
PROS-00962,REP-0015,Lattice Solutions,1-50,Website Inquiry,Cloud Storage,Q2 2026,2026-05-16,Lost,4,2026-06-10,5000,
PROS-00963,REP-0034,Northgate Networks,201-1000,Paid Marketing,Cloud Storage,Q1 2026,2026-03-09,Dead,0,,15400,
PROS-00964,REP-0043,Ember Systems,201-1000,Conference,AI Platform,Q4 2025,2025-11-27,Lost,5,2026-01-07,140900,
PROS-00965,REP-0021,Pulse Digital,1-50,Paid Marketing,AI Platform,Q4 2025,2025-10-04,Lost,5,2025-10-22,26400,
PROS-00966,REP-0015,Nimbus Industries,51-200,Paid Marketing,Data Analytics,Q2 2026,2026-05-20,Dead,1,,29800,
PROS-00967,REP-0027,Helix Industries,1000-5000,Paid Marketing,Cloud Storage,Q4 2025,2025-10-09,Dead,1,,31700,
PROS-00968,REP-0024,Redshift Group,1-50,Cold Outreach,Cloud Storage,Q2 2026,2026-04-30,Dead,0,,4300,
PROS-00969,REP-0023,Solace Labs,5000+,Website Inquiry,Cloud Compute,Q1 2026,2026-03-13,Dead,0,,51100,
PROS-00970,REP-0063,Ember Dynamics,1-50,Cold Outreach,AI Platform,Q1 2026,2026-02-18,Lost,2,2026-03-13,33900,
PROS-00971,REP-0078,Nova Holdings,51-200,Paid Marketing,Cloud Storage,Q2 2026,2026-05-10,Dead,0,,10700,
PROS-00972,REP-0038,Cobalt Industries,1000-5000,Referral,Data Analytics,Q1 2026,2026-02-19,Won,6,2026-04-04,72800,72000
PROS-00973,REP-0052,Quantum Labs,1000-5000,Cold Outreach,Cloud Compute,Q2 2026,2026-06-30,Open,0,,69800,
PROS-00974,REP-0059,Lattice Systems,51-200,LinkedIn,Cloud Storage,Q1 2026,2026-03-15,Lost,5,2026-03-26,9400,
PROS-00975,REP-0089,Atlas Technologies,51-200,Cold Outreach,Security Suite,Q2 2026,2026-05-12,Lost,3,2026-05-27,29300,
PROS-00976,REP-0105,Nimbus Solutions,1000-5000,Paid Marketing,Cloud Storage,Q1 2026,2026-02-05,Dead,0,,24400,
PROS-00977,REP-0027,Ridgeline Digital,5000+,Paid Marketing,Data Analytics,Q1 2026,2026-03-02,Lost,3,2026-05-07,131900,
PROS-00978,REP-0047,Ironclad Works,1000-5000,LinkedIn,Cloud Compute,Q4 2025,2025-11-11,Lost,4,2025-12-20,22800,
PROS-00979,REP-0029,Redshift Solutions,201-1000,Conference,Security Suite,Q2 2026,2026-04-06,Lost,2,2026-05-10,33600,
PROS-00980,REP-0082,Cobalt Digital,201-1000,Cold Outreach,Security Suite,Q1 2026,2026-03-06,Lost,2,2026-04-09,42700,
PROS-00981,REP-0016,Quantum Works,1000-5000,Cold Outreach,Cloud Compute,Q1 2026,2026-02-10,Won,4,2026-05-10,38800,38000
PROS-00982,REP-0018,Vantage Holdings,1000-5000,LinkedIn,Cloud Compute,Q2 2026,2026-05-08,Lost,3,2026-06-28,50400,
PROS-00983,REP-0085,Ridgeline Networks,5000+,Website Inquiry,Data Analytics,Q2 2026,2026-06-05,Open,0,,62900,
PROS-00984,REP-0072,Vantage Holdings,201-1000,Paid Marketing,Cloud Storage,Q1 2026,2026-01-19,Lost,4,2026-02-16,16400,
PROS-00985,REP-0062,Redshift Holdings,51-200,Paid Marketing,Cloud Storage,Q1 2026,2026-02-05,Lost,5,2026-02-15,6200,
PROS-00986,REP-0035,Beacon Dynamics,5000+,Paid Marketing,Security Suite,Q1 2026,2026-02-15,Lost,4,2026-04-10,229900,
PROS-00987,REP-0089,Apex Technologies,201-1000,Inbound Call,Data Analytics,Q4 2025,2025-10-12,Lost,4,2025-11-03,37900,
PROS-00988,REP-0056,Pulse Labs,1-50,Paid Marketing,Cloud Storage,Q2 2026,2026-05-03,Lost,5,2026-05-13,6400,
PROS-00989,REP-0020,Vertex Solutions,5000+,Conference,Cloud Compute,Q2 2026,2026-06-18,Open,1,,46600,
PROS-00990,REP-0022,Meridian Works,51-200,LinkedIn,Cloud Storage,Q2 2026,2026-05-06,Won,5,2026-05-21,13500,15300
PROS-00991,REP-0081,Meridian Works,201-1000,Referral,AI Platform,Q2 2026,2026-04-19,Won,4,2026-05-07,118300,130500
PROS-00992,REP-0042,Orbit Technologies,1-50,Paid Marketing,Cloud Compute,Q1 2026,2026-03-08,Dead,0,,7000,
PROS-00993,REP-0096,Orbit Technologies,1-50,Cold Outreach,Data Analytics,Q4 2025,2025-12-14,Dead,1,,12400,
PROS-00994,REP-0042,Meridian Solutions,51-200,LinkedIn,Cloud Storage,Q2 2026,2026-06-10,Open,0,,11700,
PROS-00995,REP-0042,Sterling Solutions,51-200,LinkedIn,Data Analytics,Q2 2026,2026-06-01,Lost,2,2026-06-18,27700,
PROS-00996,REP-0103,Vertex Industries,51-200,LinkedIn,Security Suite,Q2 2026,2026-04-13,Dead,0,,37000,
PROS-00997,REP-0049,Sterling Partners,201-1000,LinkedIn,Data Analytics,Q4 2025,2025-10-28,Lost,5,2025-11-17,40500,
PROS-00998,REP-0060,Beacon Networks,1000-5000,Website Inquiry,Cloud Storage,Q4 2025,2025-11-19,Won,4,2026-01-11,18800,22300
PROS-00999,REP-0049,Summit Technologies,201-1000,LinkedIn,AI Platform,Q2 2026,2026-05-03,Lost,5,2026-06-02,123600,
PROS-01000,REP-0052,Granite Technologies,201-1000,LinkedIn,Security Suite,Q1 2026,2026-02-16,Lost,4,2026-04-10,27500,
PROS-01001,REP-0022,Cobalt Works,1000-5000,Website Inquiry,Security Suite,Q1 2026,2026-02-22,Dead,0,,139100,
PROS-01002,REP-0024,Anchor Industries,1-50,Paid Marketing,AI Platform,Q4 2025,2025-10-04,Lost,2,2025-10-26,41300,
PROS-01003,REP-0033,Ember Systems,1000-5000,Paid Marketing,AI Platform,Q4 2025,2025-12-14,Dead,0,,107700,
PROS-01004,REP-0020,Vantage Group,1000-5000,Website Inquiry,Cloud Storage,Q4 2025,2025-10-11,Dead,0,,16500,
PROS-01005,REP-0109,Nimbus Solutions,51-200,Inbound Call,AI Platform,Q4 2025,2025-10-26,Dead,1,,61500,
PROS-01006,REP-0097,Fusion Dynamics,201-1000,LinkedIn,Cloud Compute,Q2 2026,2026-05-15,Lost,4,2026-06-30,36800,
PROS-01007,REP-0093,Catalyst Dynamics,1-50,Website Inquiry,Cloud Storage,Q2 2026,2026-05-30,Lost,5,2026-06-10,3800,
PROS-01008,REP-0062,Orbit Networks,1-50,Paid Marketing,AI Platform,Q4 2025,2025-11-28,Lost,4,2025-12-22,22300,
PROS-01009,REP-0005,Beacon Technologies,1-50,Paid Marketing,AI Platform,Q1 2026,2026-01-11,Dead,0,,42100,
PROS-01010,REP-0010,Granite Systems,201-1000,Referral,AI Platform,Q1 2026,2026-01-08,Lost,2,2026-02-11,139500,
PROS-01011,REP-0086,Summit Networks,201-1000,Inbound Call,Cloud Compute,Q1 2026,2026-01-20,Lost,4,2026-02-15,18000,
PROS-01012,REP-0011,Sterling Partners,1-50,Conference,AI Platform,Q2 2026,2026-04-06,Dead,0,,51600,
PROS-01013,REP-0101,Ridgeline Labs,201-1000,Paid Marketing,Data Analytics,Q2 2026,2026-05-15,Lost,2,2026-06-07,47700,
PROS-01014,REP-0029,Drift Networks,201-1000,LinkedIn,Security Suite,Q4 2025,2025-10-31,Dead,0,,51200,
PROS-01015,REP-0001,Atlas Solutions,201-1000,LinkedIn,Cloud Compute,Q4 2025,2025-10-30,Dead,0,,25100,
PROS-01016,REP-0057,Northgate Solutions,5000+,Website Inquiry,Cloud Storage,Q1 2026,2026-02-08,Lost,3,2026-04-18,37800,
PROS-01017,REP-0067,Anchor Labs,1000-5000,Referral,Cloud Storage,Q4 2025,2025-10-13,Won,4,2025-12-22,20300,20600
PROS-01018,REP-0049,Granite Systems,51-200,Inbound Call,Security Suite,Q1 2026,2026-02-17,Lost,5,2026-04-08,46300,
PROS-01019,REP-0022,Apex Labs,51-200,Paid Marketing,Cloud Compute,Q2 2026,2026-04-09,Lost,5,2026-05-21,9900,
PROS-01020,REP-0105,Nova Networks,201-1000,Paid Marketing,Cloud Compute,Q1 2026,2026-02-06,Dead,0,,22900,
PROS-01021,REP-0028,Orbit Industries,1-50,LinkedIn,Data Analytics,Q1 2026,2026-03-30,Lost,2,2026-04-17,10500,
PROS-01022,REP-0056,Atlas Works,1-50,Paid Marketing,Cloud Storage,Q4 2025,2025-10-28,Lost,3,2025-11-12,4000,
PROS-01023,REP-0012,Vertex Group,201-1000,Cold Outreach,Data Analytics,Q2 2026,2026-06-01,Open,0,,66200,
PROS-01024,REP-0076,Lattice Group,51-200,Paid Marketing,Security Suite,Q4 2025,2025-10-08,Lost,5,2025-11-01,40000,
PROS-01025,REP-0024,Orbit Dynamics,201-1000,LinkedIn,Cloud Storage,Q2 2026,2026-04-26,Dead,0,,10800,
PROS-01026,REP-0108,Pulse Systems,201-1000,LinkedIn,Cloud Storage,Q1 2026,2026-02-28,Dead,0,,21700,
PROS-01027,REP-0108,Fusion Digital,1-50,Cold Outreach,Cloud Compute,Q2 2026,2026-05-01,Dead,1,,8500,
PROS-01028,REP-0015,Atlas Systems,1-50,Cold Outreach,Cloud Compute,Q2 2026,2026-06-14,Open,0,,17700,
PROS-01029,REP-0009,Pulse Dynamics,5000+,LinkedIn,Cloud Storage,Q4 2025,2025-10-10,Lost,3,2026-01-05,30400,
PROS-01030,REP-0023,Orbit Holdings,5000+,Inbound Call,Cloud Compute,Q1 2026,2026-03-10,Lost,5,2026-04-09,60600,
PROS-01031,REP-0009,Horizon Solutions,5000+,Website Inquiry,AI Platform,Q2 2026,2026-04-17,Lost,2,2026-05-21,245900,
PROS-01032,REP-0049,Northgate Holdings,201-1000,LinkedIn,Cloud Storage,Q2 2026,2026-04-03,Won,5,2026-05-17,15700,14600
PROS-01033,REP-0066,Granite Holdings,201-1000,Cold Outreach,Cloud Storage,Q2 2026,2026-05-12,Won,5,2026-06-16,8600,7500
PROS-01034,REP-0062,Helix Systems,1-50,Paid Marketing,Cloud Compute,Q1 2026,2026-01-17,Lost,3,2026-02-03,5500,
PROS-01035,REP-0042,Meridian Holdings,51-200,Website Inquiry,Cloud Compute,Q1 2026,2026-02-17,Lost,2,2026-02-26,18700,
PROS-01036,REP-0024,Helix Labs,51-200,Inbound Call,Security Suite,Q1 2026,2026-01-25,Lost,5,2026-02-07,59300,
PROS-01037,REP-0107,Catalyst Labs,201-1000,Cold Outreach,Cloud Compute,Q4 2025,2025-12-29,Dead,0,,40100,
PROS-01038,REP-0084,Horizon Solutions,201-1000,Paid Marketing,AI Platform,Q2 2026,2026-06-29,Lost,4,2026-06-27,93400,
PROS-01039,REP-0108,Meridian Technologies,51-200,Website Inquiry,Security Suite,Q1 2026,2026-01-04,Lost,2,2026-01-27,27500,
PROS-01040,REP-0088,Ember Systems,201-1000,Paid Marketing,AI Platform,Q2 2026,2026-06-25,Open,1,,69400,
PROS-01041,REP-0067,Beacon Technologies,5000+,LinkedIn,AI Platform,Q2 2026,2026-06-14,Open,0,,197900,
PROS-01042,REP-0097,Meridian Dynamics,201-1000,Cold Outreach,Data Analytics,Q1 2026,2026-02-23,Lost,4,2026-03-17,61100,
PROS-01043,REP-0011,Catalyst Holdings,1-50,Referral,Cloud Compute,Q2 2026,2026-04-17,Dead,0,,6100,
PROS-01044,REP-0028,Vertex Partners,201-1000,Conference,Cloud Storage,Q1 2026,2026-01-16,Dead,0,,16500,
PROS-01045,REP-0010,Vantage Technologies,1000-5000,Website Inquiry,AI Platform,Q2 2026,2026-04-22,Lost,2,2026-05-13,88600,
PROS-01046,REP-0046,Granite Partners,201-1000,Conference,AI Platform,Q2 2026,2026-05-22,Dead,0,,84500,
PROS-01047,REP-0013,Nova Technologies,5000+,Conference,Security Suite,Q2 2026,2026-04-27,Lost,4,2026-06-09,63200,
PROS-01048,REP-0101,Anchor Dynamics,51-200,Conference,Data Analytics,Q4 2025,2025-10-29,Dead,0,,35100,
PROS-01049,REP-0038,Vertex Solutions,51-200,Paid Marketing,Security Suite,Q4 2025,2025-12-15,Dead,0,,46000,
PROS-01050,REP-0039,Redshift Digital,1000-5000,LinkedIn,Security Suite,Q1 2026,2026-01-20,Won,8,2026-03-10,127200,114400
PROS-01051,REP-0062,Cobalt Labs,51-200,Inbound Call,Security Suite,Q4 2025,2025-11-11,Dead,0,,21500,
PROS-01052,REP-0064,Ember Partners,51-200,Website Inquiry,Cloud Storage,Q1 2026,2026-01-17,Lost,3,2026-02-18,5900,
PROS-01053,REP-0011,Apex Partners,1-50,LinkedIn,Data Analytics,Q2 2026,2026-06-03,Open,1,,16000,
PROS-01054,REP-0089,Wavefront Works,201-1000,Inbound Call,AI Platform,Q2 2026,2026-06-16,Open,0,,121500,
PROS-01055,REP-0068,Zenith Group,1000-5000,LinkedIn,Data Analytics,Q4 2025,2025-12-27,Dead,0,,39300,
PROS-01056,REP-0101,Cobalt Systems,201-1000,Cold Outreach,Cloud Compute,Q4 2025,2025-10-02,Lost,5,2025-10-29,23000,
PROS-01057,REP-0050,Redshift Dynamics,1000-5000,Inbound Call,Cloud Storage,Q1 2026,2026-03-18,Won,8,2026-05-22,24800,26800
PROS-01058,REP-0015,Wavefront Holdings,1-50,Inbound Call,Cloud Storage,Q2 2026,2026-04-25,Lost,2,2026-05-17,7700,
PROS-01059,REP-0081,Solace Digital,51-200,Conference,Cloud Compute,Q1 2026,2026-02-26,Won,4,2026-03-10,25900,30300
PROS-01060,REP-0081,Ridgeline Holdings,51-200,Inbound Call,Security Suite,Q1 2026,2026-02-02,Lost,2,2026-02-17,51500,
PROS-01061,REP-0036,Solace Dynamics,201-1000,Referral,Cloud Storage,Q2 2026,2026-04-10,Dead,1,,26200,
PROS-01062,REP-0076,Beacon Partners,51-200,Inbound Call,Cloud Compute,Q4 2025,2025-10-22,Dead,0,,25800,
PROS-01063,REP-0107,Pulse Labs,1000-5000,Paid Marketing,Cloud Storage,Q1 2026,2026-03-08,Won,5,2026-03-30,24800,24600
PROS-01064,REP-0088,Cobalt Digital,51-200,LinkedIn,Security Suite,Q1 2026,2026-03-23,Won,4,2026-04-04,34500,32000
PROS-01065,REP-0045,Cobalt Industries,1000-5000,Inbound Call,Cloud Storage,Q1 2026,2026-02-02,Dead,0,,16600,
PROS-01066,REP-0109,Ember Labs,1-50,Inbound Call,AI Platform,Q2 2026,2026-06-15,Lost,5,2026-06-22,24900,
PROS-01067,REP-0016,Lattice Group,1000-5000,Conference,Cloud Compute,Q1 2026,2026-01-29,Won,7,2026-04-01,28700,33300
PROS-01068,REP-0050,Anchor Networks,5000+,Paid Marketing,Cloud Storage,Q4 2025,2025-10-09,Won,6,2026-01-02,33400,32200
PROS-01069,REP-0089,Beacon Group,1-50,Cold Outreach,Cloud Storage,Q1 2026,2026-01-05,Dead,0,,6500,
PROS-01070,REP-0097,Orbit Partners,201-1000,Paid Marketing,Cloud Storage,Q1 2026,2026-03-15,Dead,0,,21700,
PROS-01071,REP-0054,Sterling Group,51-200,Inbound Call,Cloud Storage,Q4 2025,2025-12-01,Dead,0,,7600,
PROS-01072,REP-0075,Catalyst Holdings,1000-5000,Cold Outreach,Security Suite,Q2 2026,2026-06-16,Open,0,,149800,
PROS-01073,REP-0021,Orbit Partners,51-200,LinkedIn,Cloud Compute,Q4 2025,2025-12-22,Lost,2,2025-12-31,19900,
PROS-01074,REP-0033,Meridian Labs,201-1000,Paid Marketing,Data Analytics,Q2 2026,2026-05-18,Lost,4,2026-06-23,47000,
PROS-01075,REP-0012,Ridgeline Holdings,1-50,Cold Outreach,Security Suite,Q2 2026,2026-05-27,Open,2,,41600,
PROS-01076,REP-0044,Zenith Systems,1-50,Paid Marketing,Cloud Compute,Q2 2026,2026-05-15,Dead,0,,11800,
PROS-01077,REP-0004,Quantum Solutions,1-50,Paid Marketing,Cloud Storage,Q2 2026,2026-04-14,Dead,0,,6900,
PROS-01078,REP-0028,Sterling Solutions,1-50,Website Inquiry,Data Analytics,Q2 2026,2026-05-04,Dead,2,,14200,
PROS-01079,REP-0077,Cobalt Holdings,51-200,Conference,AI Platform,Q2 2026,2026-04-15,Won,2,2026-04-24,39000,35500
PROS-01080,REP-0008,Drift Dynamics,201-1000,Website Inquiry,Security Suite,Q4 2025,2025-12-09,Dead,0,,72700,
PROS-01081,REP-0023,Helix Industries,1000-5000,Cold Outreach,Cloud Storage,Q1 2026,2026-01-05,Dead,0,,16000,
PROS-01082,REP-0028,Solace Dynamics,1-50,Cold Outreach,Cloud Compute,Q4 2025,2025-11-04,Lost,2,2025-11-24,13500,
PROS-01083,REP-0036,Anchor Labs,201-1000,Paid Marketing,Cloud Storage,Q2 2026,2026-05-08,Lost,3,2026-05-30,9700,
PROS-01084,REP-0059,Sterling Dynamics,1-50,Paid Marketing,Security Suite,Q4 2025,2025-12-28,Lost,4,2026-01-22,15300,
PROS-01085,REP-0091,Sterling Solutions,201-1000,LinkedIn,AI Platform,Q1 2026,2026-02-09,Dead,1,,86500,
PROS-01086,REP-0101,Cobalt Labs,201-1000,Conference,AI Platform,Q2 2026,2026-04-30,Lost,4,2026-05-19,183000,
PROS-01087,REP-0037,Ridgeline Systems,201-1000,Paid Marketing,Cloud Compute,Q4 2025,2025-11-17,Dead,1,,51900,
PROS-01088,REP-0005,Sterling Works,51-200,Paid Marketing,Cloud Compute,Q4 2025,2025-11-29,Dead,0,,20900,
PROS-01089,REP-0008,Northgate Technologies,1000-5000,Paid Marketing,Security Suite,Q1 2026,2026-02-27,Lost,4,2026-03-15,93200,
PROS-01090,REP-0081,Fusion Group,201-1000,Website Inquiry,Cloud Compute,Q2 2026,2026-04-15,Dead,0,,30500,
PROS-01091,REP-0015,Catalyst Partners,1-50,Cold Outreach,Cloud Compute,Q4 2025,2025-11-23,Lost,3,2025-12-18,7300,
PROS-01092,REP-0009,Helix Dynamics,5000+,LinkedIn,Cloud Storage,Q2 2026,2026-05-03,Lost,5,2026-06-29,39200,
PROS-01093,REP-0031,Helix Works,201-1000,LinkedIn,Security Suite,Q2 2026,2026-04-25,Dead,0,,72100,
PROS-01094,REP-0029,Quantum Industries,1000-5000,Cold Outreach,Cloud Compute,Q4 2025,2025-11-03,Lost,3,2025-12-10,25300,
PROS-01095,REP-0049,Orbit Group,201-1000,Referral,AI Platform,Q1 2026,2026-03-29,Lost,3,2026-05-13,77300,
PROS-01096,REP-0069,Quantum Digital,51-200,Inbound Call,AI Platform,Q2 2026,2026-06-03,Open,0,,38100,
PROS-01097,REP-0010,Ember Systems,1000-5000,Cold Outreach,Cloud Storage,Q1 2026,2026-02-21,Lost,2,2026-04-05,15000,
PROS-01098,REP-0044,Drift Partners,201-1000,Conference,Cloud Storage,Q1 2026,2026-01-16,Dead,0,,11800,
PROS-01099,REP-0074,Horizon Works,201-1000,Cold Outreach,AI Platform,Q2 2026,2026-05-31,Open,0,,105000,
PROS-01100,REP-0038,Helix Group,1000-5000,Cold Outreach,Data Analytics,Q1 2026,2026-03-17,Dead,0,,72900,
PROS-01101,REP-0076,Atlas Industries,1-50,LinkedIn,Security Suite,Q2 2026,2026-05-04,Lost,2,2026-05-21,31600,
PROS-01102,REP-0004,Apex Solutions,51-200,Website Inquiry,Cloud Compute,Q4 2025,2025-10-17,Dead,1,,19400,
PROS-01103,REP-0042,Summit Digital,51-200,Website Inquiry,Data Analytics,Q2 2026,2026-06-15,Lost,4,2026-06-29,29400,
PROS-01104,REP-0051,Anchor Holdings,1000-5000,Website Inquiry,AI Platform,Q1 2026,2026-01-29,Lost,2,2026-03-26,128500,
PROS-01105,REP-0056,Apex Group,51-200,Cold Outreach,Cloud Storage,Q1 2026,2026-01-26,Lost,3,2026-02-16,14400,
PROS-01106,REP-0059,Beacon Digital,51-200,Cold Outreach,Cloud Storage,Q2 2026,2026-06-21,Open,1,,10300,
PROS-01107,REP-0010,Quantum Networks,1000-5000,Cold Outreach,AI Platform,Q2 2026,2026-06-22,Open,1,,138300,
PROS-01108,REP-0053,Beacon Digital,51-200,Inbound Call,Cloud Compute,Q2 2026,2026-06-10,Open,0,,26700,
PROS-01109,REP-0001,Horizon Systems,51-200,Website Inquiry,Cloud Storage,Q1 2026,2026-03-31,Lost,4,2026-05-18,19400,
PROS-01110,REP-0086,Sterling Industries,201-1000,LinkedIn,Cloud Storage,Q2 2026,2026-05-01,Dead,2,,18000,
PROS-01111,REP-0104,Vertex Partners,1000-5000,Paid Marketing,Cloud Compute,Q2 2026,2026-05-15,Lost,5,2026-06-14,32400,
PROS-01112,REP-0105,Ironclad Group,51-200,Paid Marketing,AI Platform,Q2 2026,2026-06-18,Dead,1,,70100,
PROS-01113,REP-0008,Granite Dynamics,201-1000,Inbound Call,AI Platform,Q2 2026,2026-05-27,Dead,0,,133300,
PROS-01114,REP-0003,Fusion Labs,1-50,Website Inquiry,AI Platform,Q2 2026,2026-06-17,Open,1,,38500,
PROS-01115,REP-0013,Apex Works,1000-5000,Paid Marketing,AI Platform,Q2 2026,2026-06-08,Open,0,,63600,
PROS-01116,REP-0063,Granite Works,201-1000,Cold Outreach,AI Platform,Q2 2026,2026-04-05,Won,4,2026-04-27,35100,39500
PROS-01117,REP-0063,Redshift Solutions,201-1000,Paid Marketing,AI Platform,Q2 2026,2026-05-27,Open,2,,74700,
PROS-01118,REP-0023,Granite Dynamics,1000-5000,Paid Marketing,Cloud Storage,Q4 2025,2025-11-24,Lost,4,2026-02-17,12500,
PROS-01119,REP-0103,Ridgeline Digital,51-200,Cold Outreach,Cloud Compute,Q2 2026,2026-04-06,Lost,5,2026-04-16,18200,
PROS-01120,REP-0021,Northgate Networks,1-50,LinkedIn,Data Analytics,Q2 2026,2026-05-21,Dead,0,,9400,
PROS-01121,REP-0059,Summit Works,1-50,Inbound Call,Cloud Storage,Q2 2026,2026-05-25,Dead,0,,4400,
PROS-01122,REP-0010,Anchor Labs,51-200,Inbound Call,Cloud Storage,Q4 2025,2025-12-09,Dead,0,,6700,
PROS-01123,REP-0003,Solace Digital,1-50,Paid Marketing,Cloud Compute,Q2 2026,2026-05-08,Lost,3,2026-05-30,17400,
PROS-01124,REP-0033,Ember Technologies,5000+,LinkedIn,Data Analytics,Q4 2025,2025-12-15,Dead,0,,63900,
PROS-01125,REP-0056,Meridian Dynamics,1-50,Cold Outreach,Data Analytics,Q1 2026,2026-02-10,Lost,4,2026-03-03,18000,
PROS-01126,REP-0043,Fusion Industries,201-1000,Website Inquiry,AI Platform,Q2 2026,2026-04-09,Lost,3,2026-05-23,144400,
PROS-01127,REP-0072,Ember Works,201-1000,LinkedIn,Security Suite,Q1 2026,2026-02-14,Lost,2,2026-03-27,53800,
PROS-01128,REP-0054,Vantage Holdings,201-1000,Paid Marketing,Security Suite,Q2 2026,2026-04-23,Dead,0,,109700,
PROS-01129,REP-0100,Ember Holdings,1000-5000,Website Inquiry,Cloud Compute,Q4 2025,2025-10-16,Dead,1,,43100,
PROS-01130,REP-0080,Horizon Holdings,51-200,Conference,AI Platform,Q1 2026,2026-01-15,Dead,0,,38700,
PROS-01131,REP-0042,Cobalt Digital,51-200,Cold Outreach,Security Suite,Q1 2026,2026-03-24,Dead,0,,21500,
PROS-01132,REP-0088,Vertex Works,51-200,Website Inquiry,Security Suite,Q2 2026,2026-05-27,Open,2,,27900,
PROS-01133,REP-0017,Catalyst Holdings,51-200,Cold Outreach,Data Analytics,Q1 2026,2026-02-23,Lost,5,2026-03-29,28900,
PROS-01134,REP-0027,Ironclad Industries,1000-5000,Paid Marketing,AI Platform,Q1 2026,2026-02-16,Won,7,2026-04-03,80400,75700
PROS-01135,REP-0040,Fusion Systems,1000-5000,Paid Marketing,Security Suite,Q2 2026,2026-04-30,Lost,5,2026-06-15,99700,
PROS-01136,REP-0108,Drift Solutions,1-50,Paid Marketing,Cloud Compute,Q1 2026,2026-02-02,Lost,2,2026-02-09,12800,
PROS-01137,REP-0011,Catalyst Works,51-200,LinkedIn,AI Platform,Q1 2026,2026-02-07,Lost,2,2026-02-19,76600,
PROS-01138,REP-0062,Lattice Digital,51-200,Cold Outreach,AI Platform,Q2 2026,2026-05-19,Lost,2,2026-06-08,47600,
PROS-01139,REP-0086,Anchor Partners,1000-5000,Website Inquiry,Cloud Storage,Q1 2026,2026-02-02,Dead,0,,23900,
PROS-01140,REP-0056,Summit Group,1-50,Conference,Data Analytics,Q1 2026,2026-01-08,Lost,4,2026-01-26,15900,
PROS-01141,REP-0066,Nimbus Solutions,201-1000,Paid Marketing,Data Analytics,Q4 2025,2025-10-22,Dead,0,,29900,
PROS-01142,REP-0007,Anchor Networks,201-1000,Conference,Security Suite,Q2 2026,2026-05-07,Lost,5,2026-06-07,57200,
PROS-01143,REP-0085,Ember Labs,5000+,Paid Marketing,Data Analytics,Q1 2026,2026-01-02,Lost,5,2026-03-04,86000,
PROS-01144,REP-0089,Cobalt Labs,201-1000,Paid Marketing,AI Platform,Q2 2026,2026-05-11,Lost,3,2026-06-04,97500,
PROS-01145,REP-0052,Solace Labs,1000-5000,Paid Marketing,Cloud Compute,Q2 2026,2026-04-25,Dead,1,,48100,
PROS-01146,REP-0042,Nimbus Industries,1-50,Paid Marketing,Security Suite,Q4 2025,2025-11-12,Dead,0,,14700,
PROS-01147,REP-0084,Pulse Technologies,201-1000,Cold Outreach,AI Platform,Q2 2026,2026-05-18,Lost,2,2026-06-20,43300,
PROS-01148,REP-0064,Beacon Digital,1000-5000,LinkedIn,Data Analytics,Q4 2025,2025-11-19,Lost,5,2025-12-31,84900,
PROS-01149,REP-0042,Vertex Networks,1-50,Cold Outreach,AI Platform,Q2 2026,2026-06-18,Lost,5,2026-06-27,28800,
PROS-01150,REP-0092,Ridgeline Dynamics,5000+,Inbound Call,Cloud Storage,Q2 2026,2026-05-16,Lost,4,2026-06-28,27900,
PROS-01151,REP-0025,Orbit Partners,201-1000,Referral,AI Platform,Q1 2026,2026-02-12,Dead,0,,75400,
PROS-01152,REP-0047,Solace Technologies,1000-5000,LinkedIn,Cloud Compute,Q4 2025,2025-10-02,Lost,3,2025-10-17,33100,
PROS-01153,REP-0072,Atlas Digital,201-1000,Conference,Cloud Storage,Q2 2026,2026-04-08,Lost,4,2026-05-27,9200,
PROS-01154,REP-0095,Nimbus Labs,1-50,Paid Marketing,Cloud Storage,Q1 2026,2026-03-01,Dead,0,,6100,
PROS-01155,REP-0094,Fusion Partners,1-50,LinkedIn,Data Analytics,Q2 2026,2026-06-11,Open,0,,17400,
PROS-01156,REP-0012,Ember Group,1-50,Paid Marketing,Cloud Compute,Q1 2026,2026-03-06,Dead,0,,14000,
PROS-01157,REP-0083,Lattice Technologies,201-1000,Inbound Call,Security Suite,Q1 2026,2026-01-12,Lost,2,2026-02-07,45300,
PROS-01158,REP-0102,Summit Digital,51-200,Conference,Data Analytics,Q1 2026,2026-01-20,Lost,5,2026-02-12,19400,
PROS-01159,REP-0080,Atlas Digital,1000-5000,Cold Outreach,Security Suite,Q4 2025,2025-11-04,Dead,2,,76400,
PROS-01160,REP-0015,Ember Systems,1-50,Paid Marketing,AI Platform,Q2 2026,2026-06-24,Open,3,,56900,
PROS-01161,REP-0097,Vantage Solutions,201-1000,LinkedIn,Data Analytics,Q4 2025,2025-12-25,Dead,0,,28800,
PROS-01162,REP-0025,Meridian Group,201-1000,LinkedIn,Cloud Storage,Q2 2026,2026-06-26,Open,0,,14300,
PROS-01163,REP-0107,Pulse Works,201-1000,Website Inquiry,Cloud Compute,Q4 2025,2025-12-31,Dead,0,,35300,
PROS-01164,REP-0102,Solace Technologies,1-50,LinkedIn,Security Suite,Q2 2026,2026-04-12,Lost,3,2026-05-01,17100,
PROS-01165,REP-0015,Atlas Industries,51-200,Website Inquiry,Cloud Compute,Q1 2026,2026-01-05,Lost,3,2026-01-23,30000,
PROS-01166,REP-0085,Granite Industries,1000-5000,LinkedIn,Security Suite,Q4 2025,2025-12-18,Dead,0,,132400,
PROS-01167,REP-0018,Lattice Partners,1000-5000,Paid Marketing,Data Analytics,Q2 2026,2026-06-08,Open,1,,63800,
PROS-01168,REP-0034,Cobalt Solutions,1000-5000,Inbound Call,Cloud Storage,Q2 2026,2026-06-02,Open,0,,33000,
PROS-01169,REP-0101,Ember Works,51-200,Inbound Call,Cloud Compute,Q2 2026,2026-05-30,Won,6,2026-06-18,25200,30100
PROS-01170,REP-0021,Catalyst Digital,1-50,Cold Outreach,Security Suite,Q4 2025,2025-11-01,Lost,5,2025-11-15,26600,
PROS-01171,REP-0024,Helix Labs,201-1000,Paid Marketing,AI Platform,Q2 2026,2026-04-08,Lost,4,2026-04-29,53700,
PROS-01172,REP-0056,Lattice Partners,51-200,Inbound Call,Data Analytics,Q2 2026,2026-04-18,Lost,3,2026-05-13,19000,
PROS-01173,REP-0064,Horizon Holdings,51-200,Conference,Cloud Compute,Q2 2026,2026-04-30,Lost,4,2026-06-07,14400,
PROS-01174,REP-0088,Anchor Industries,1-50,Inbound Call,Data Analytics,Q2 2026,2026-05-08,Lost,2,2026-05-18,21300,
PROS-01175,REP-0109,Meridian Group,51-200,Cold Outreach,Data Analytics,Q4 2025,2025-10-12,Dead,1,,21400,
PROS-01176,REP-0095,Catalyst Technologies,51-200,LinkedIn,Cloud Compute,Q2 2026,2026-04-12,Lost,5,2026-04-25,18500,
PROS-01177,REP-0081,Pulse Group,51-200,Cold Outreach,Cloud Compute,Q4 2025,2025-10-06,Lost,5,2025-10-24,24000,
PROS-01178,REP-0078,Cobalt Digital,201-1000,Conference,AI Platform,Q2 2026,2026-04-27,Dead,0,,105300,
PROS-01179,REP-0008,Apex Labs,201-1000,Cold Outreach,Cloud Storage,Q1 2026,2026-01-22,Lost,3,2026-02-22,11300,
PROS-01180,REP-0095,Redshift Labs,1-50,Website Inquiry,Data Analytics,Q4 2025,2025-12-18,Lost,5,2025-12-26,17900,
PROS-01181,REP-0090,Ironclad Industries,5000+,Referral,AI Platform,Q1 2026,2026-01-03,Lost,5,2026-03-30,224900,
PROS-01182,REP-0021,Drift Industries,1-50,LinkedIn,Cloud Compute,Q2 2026,2026-05-28,Open,1,,8200,
PROS-01183,REP-0009,Redshift Holdings,1000-5000,Cold Outreach,Cloud Storage,Q2 2026,2026-05-20,Won,8,2026-06-30,20900,19100
PROS-01184,REP-0008,Meridian Digital,201-1000,Cold Outreach,Cloud Compute,Q4 2025,2025-12-13,Dead,0,,15900,
PROS-01185,REP-0081,Sterling Partners,1-50,Paid Marketing,Cloud Compute,Q4 2025,2025-12-03,Lost,2,2025-12-25,5900,
PROS-01186,REP-0083,Northgate Networks,201-1000,Website Inquiry,Data Analytics,Q4 2025,2025-12-22,Lost,4,2026-01-18,49800,
PROS-01187,REP-0078,Catalyst Industries,201-1000,Paid Marketing,Data Analytics,Q1 2026,2026-03-22,Dead,0,,38100,
PROS-01188,REP-0072,Apex Dynamics,201-1000,Referral,AI Platform,Q4 2025,2025-10-02,Dead,0,,127800,
PROS-01189,REP-0028,Quantum Systems,201-1000,Inbound Call,AI Platform,Q2 2026,2026-06-09,Open,0,,43200,
PROS-01190,REP-0004,Wavefront Systems,1-50,LinkedIn,AI Platform,Q1 2026,2026-01-13,Dead,0,,22500,
PROS-01191,REP-0081,Redshift Dynamics,201-1000,Website Inquiry,Cloud Compute,Q4 2025,2025-11-27,Dead,0,,22800,
PROS-01192,REP-0052,Fusion Partners,201-1000,Inbound Call,Data Analytics,Q2 2026,2026-05-23,Lost,3,2026-06-30,55400,
PROS-01193,REP-0086,Quantum Technologies,201-1000,Cold Outreach,AI Platform,Q1 2026,2026-01-10,Lost,3,2026-02-26,52700,
PROS-01194,REP-0065,Orbit Digital,51-200,Website Inquiry,Security Suite,Q1 2026,2026-03-01,Lost,3,2026-03-27,20700,
PROS-01195,REP-0092,Apex Industries,1000-5000,Paid Marketing,Cloud Storage,Q1 2026,2026-03-20,Lost,2,2026-06-11,21300,
PROS-01196,REP-0005,Redshift Partners,1-50,LinkedIn,Security Suite,Q4 2025,2025-10-11,Lost,2,2025-11-04,10300,
PROS-01197,REP-0081,Horizon Partners,1-50,Paid Marketing,AI Platform,Q4 2025,2025-12-18,Lost,3,2026-01-04,14300,
PROS-01198,REP-0089,Granite Partners,1-50,Inbound Call,AI Platform,Q2 2026,2026-06-30,Open,1,,25000,
PROS-01199,REP-0102,Beacon Systems,51-200,LinkedIn,AI Platform,Q2 2026,2026-05-30,Open,3,,38500,
PROS-01200,REP-0038,Ironclad Networks,1000-5000,Website Inquiry,Data Analytics,Q2 2026,2026-06-15,Dead,0,,78300,
PROS-01201,REP-0027,Sterling Networks,1000-5000,Website Inquiry,AI Platform,Q1 2026,2026-03-31,Lost,2,2026-06-07,96200,
PROS-01202,REP-0101,Drift Holdings,1000-5000,Paid Marketing,Data Analytics,Q4 2025,2025-10-02,Lost,4,2025-11-04,37700,
PROS-01203,REP-0035,Anchor Solutions,1000-5000,Cold Outreach,Cloud Compute,Q4 2025,2025-11-23,Won,7,2026-01-19,60600,66800
PROS-01204,REP-0047,Fusion Technologies,51-200,Cold Outreach,AI Platform,Q4 2025,2025-12-29,Lost,4,2026-01-30,47300,
PROS-01205,REP-0010,Quantum Industries,201-1000,Cold Outreach,Security Suite,Q4 2025,2025-12-05,Won,3,2026-01-07,69100,64700
PROS-01206,REP-0102,Northgate Technologies,1-50,LinkedIn,Cloud Compute,Q4 2025,2025-11-23,Lost,2,2025-12-01,6400,
PROS-01207,REP-0030,Zenith Partners,1000-5000,Inbound Call,Data Analytics,Q1 2026,2026-02-25,Lost,4,2026-05-15,92800,
PROS-01208,REP-0077,Wavefront Systems,1-50,Website Inquiry,Security Suite,Q2 2026,2026-05-31,Open,0,,20100,
PROS-01209,REP-0036,Northgate Technologies,201-1000,Referral,AI Platform,Q2 2026,2026-06-21,Open,1,,74400,
PROS-01210,REP-0037,Pulse Solutions,201-1000,Cold Outreach,AI Platform,Q2 2026,2026-04-14,Lost,2,2026-05-29,99500,
PROS-01211,REP-0044,Nimbus Labs,1-50,Inbound Call,Data Analytics,Q4 2025,2025-11-17,Won,2,2025-12-11,16700,19800
PROS-01212,REP-0102,Ember Networks,51-200,LinkedIn,Security Suite,Q1 2026,2026-02-10,Lost,5,2026-02-17,32900,
PROS-01213,REP-0095,Vertex Holdings,1-50,Paid Marketing,Cloud Compute,Q2 2026,2026-04-14,Won,4,2026-04-21,12400,12200
PROS-01214,REP-0029,Pulse Solutions,1000-5000,Paid Marketing,Cloud Storage,Q1 2026,2026-03-24,Won,4,2026-04-15,19500,22400
PROS-01215,REP-0010,Ironclad Holdings,201-1000,Paid Marketing,Cloud Storage,Q4 2025,2025-12-01,Dead,1,,9800,
PROS-01216,REP-0037,Fusion Technologies,201-1000,Paid Marketing,Security Suite,Q1 2026,2026-01-26,Lost,3,2026-03-03,52800,
PROS-01217,REP-0038,Ridgeline Systems,201-1000,Cold Outreach,AI Platform,Q2 2026,2026-06-06,Open,0,,45800,
PROS-01218,REP-0089,Solace Networks,1-50,Website Inquiry,Cloud Storage,Q4 2025,2025-10-01,Lost,5,2025-10-16,5700,
PROS-01219,REP-0072,Lattice Group,201-1000,Referral,Security Suite,Q4 2025,2025-10-27,Dead,0,,76800,
PROS-01220,REP-0014,Pulse Solutions,51-200,Paid Marketing,AI Platform,Q2 2026,2026-06-14,Open,1,,59600,
PROS-01221,REP-0005,Nimbus Industries,51-200,Paid Marketing,AI Platform,Q2 2026,2026-05-09,Lost,4,2026-06-02,53300,
PROS-01222,REP-0033,Fusion Industries,5000+,Cold Outreach,Cloud Compute,Q1 2026,2026-01-12,Lost,2,2026-03-22,92500,
PROS-01223,REP-0075,Ironclad Labs,51-200,Website Inquiry,AI Platform,Q4 2025,2025-12-26,Lost,2,2026-01-19,62800,
PROS-01224,REP-0057,Catalyst Partners,1000-5000,Paid Marketing,Cloud Compute,Q1 2026,2026-01-29,Lost,4,2026-03-30,45800,
PROS-01225,REP-0017,Northgate Solutions,201-1000,Cold Outreach,Security Suite,Q4 2025,2025-10-13,Lost,3,2025-11-03,55400,
PROS-01226,REP-0024,Beacon Systems,1-50,Cold Outreach,Security Suite,Q4 2025,2025-11-27,Lost,4,2025-12-22,19900,
PROS-01227,REP-0108,Orbit Dynamics,51-200,LinkedIn,AI Platform,Q1 2026,2026-03-12,Lost,5,2026-03-19,77600,
PROS-01228,REP-0003,Pulse Group,1-50,Inbound Call,Cloud Compute,Q1 2026,2026-03-06,Lost,2,2026-03-30,14900,
PROS-01229,REP-0050,Quantum Systems,1000-5000,Cold Outreach,Data Analytics,Q1 2026,2026-03-17,Won,7,2026-06-14,90700,108400
PROS-01230,REP-0109,Solace Networks,51-200,Paid Marketing,Cloud Storage,Q1 2026,2026-01-16,Dead,0,,15300,
PROS-01231,REP-0015,Orbit Technologies,201-1000,LinkedIn,AI Platform,Q1 2026,2026-02-11,Lost,2,2026-02-25,131100,
PROS-01232,REP-0069,Horizon Partners,201-1000,Cold Outreach,Cloud Compute,Q2 2026,2026-04-16,Lost,3,2026-05-21,37600,
PROS-01233,REP-0097,Ridgeline Holdings,201-1000,LinkedIn,Data Analytics,Q4 2025,2025-11-14,Won,3,2025-12-24,33100,35100
PROS-01234,REP-0057,Quantum Partners,1000-5000,Inbound Call,AI Platform,Q2 2026,2026-05-29,Open,0,,77000,
PROS-01235,REP-0001,Ember Group,201-1000,Conference,Cloud Storage,Q4 2025,2025-10-27,Won,3,2025-12-07,10500,9300
PROS-01236,REP-0106,Lattice Works,51-200,Inbound Call,Cloud Storage,Q1 2026,2026-01-30,Lost,4,2026-03-10,11900,
PROS-01237,REP-0095,Meridian Works,1-50,Conference,Data Analytics,Q4 2025,2025-12-12,Dead,1,,23800,
PROS-01238,REP-0091,Nimbus Networks,51-200,Cold Outreach,Data Analytics,Q2 2026,2026-04-07,Won,3,2026-05-11,35900,35500
PROS-01239,REP-0103,Nimbus Digital,51-200,LinkedIn,Cloud Compute,Q2 2026,2026-06-25,Dead,0,,20200,
PROS-01240,REP-0058,Quantum Technologies,1000-5000,Cold Outreach,Cloud Compute,Q4 2025,2025-11-29,Lost,5,2026-02-11,44700,
PROS-01241,REP-0004,Vertex Digital,51-200,Referral,Security Suite,Q4 2025,2025-12-04,Won,4,2025-12-29,61500,55900
PROS-01242,REP-0077,Wavefront Dynamics,1-50,Referral,Security Suite,Q2 2026,2026-04-15,Dead,2,,36900,
PROS-01243,REP-0091,Northgate Industries,201-1000,LinkedIn,AI Platform,Q2 2026,2026-06-04,Open,1,,91000,
PROS-01244,REP-0095,Sterling Holdings,1-50,Paid Marketing,Cloud Compute,Q2 2026,2026-04-23,Dead,1,,15700,
PROS-01245,REP-0079,Horizon Systems,51-200,Paid Marketing,AI Platform,Q2 2026,2026-04-12,Lost,2,2026-05-03,81500,
PROS-01246,REP-0047,Drift Group,201-1000,Cold Outreach,Data Analytics,Q1 2026,2026-01-07,Lost,4,2026-02-26,44300,
PROS-01247,REP-0103,Anchor Networks,1-50,Cold Outreach,Data Analytics,Q4 2025,2025-10-11,Lost,2,2025-10-29,8900,
PROS-01248,REP-0096,Solace Dynamics,1-50,Conference,Cloud Compute,Q4 2025,2025-11-10,Won,3,2025-12-03,13100,11600
PROS-01249,REP-0097,Catalyst Systems,1000-5000,Conference,Cloud Compute,Q2 2026,2026-06-06,Lost,2,2026-06-28,66700,
PROS-01250,REP-0047,Drift Works,201-1000,Paid Marketing,Cloud Compute,Q2 2026,2026-05-12,Lost,2,2026-06-01,24100,
PROS-01251,REP-0072,Nova Labs,1000-5000,Inbound Call,Cloud Compute,Q4 2025,2025-11-06,Dead,0,,37400,
PROS-01252,REP-0101,Northgate Industries,201-1000,Cold Outreach,Cloud Storage,Q4 2025,2025-10-20,Dead,0,,12500,
PROS-01253,REP-0036,Nova Solutions,51-200,Website Inquiry,Data Analytics,Q2 2026,2026-04-03,Won,5,2026-05-16,37500,35800
PROS-01254,REP-0100,Pulse Holdings,1000-5000,Website Inquiry,Cloud Storage,Q1 2026,2026-02-26,Dead,0,,16400,
PROS-01255,REP-0091,Wavefront Digital,51-200,Cold Outreach,Cloud Compute,Q1 2026,2026-03-07,Lost,3,2026-04-16,20100,
PROS-01256,REP-0102,Atlas Holdings,1-50,Cold Outreach,Cloud Storage,Q1 2026,2026-03-04,Lost,3,2026-03-24,5900,
PROS-01257,REP-0095,Apex Networks,51-200,Paid Marketing,Cloud Storage,Q4 2025,2025-12-26,Won,2,2026-01-09,14800,13600
PROS-01258,REP-0080,Wavefront Solutions,1000-5000,Website Inquiry,Cloud Compute,Q1 2026,2026-02-15,Lost,3,2026-03-25,56300,
PROS-01259,REP-0089,Wavefront Solutions,1-50,Paid Marketing,AI Platform,Q1 2026,2026-03-20,Dead,0,,26900,
PROS-01260,REP-0069,Solace Digital,201-1000,Conference,Cloud Compute,Q2 2026,2026-06-09,Lost,2,2026-06-26,35900,
PROS-01261,REP-0091,Horizon Group,1000-5000,LinkedIn,Cloud Storage,Q1 2026,2026-03-02,Lost,4,2026-03-27,16700,
PROS-01262,REP-0083,Northgate Networks,1000-5000,Paid Marketing,Cloud Compute,Q4 2025,2025-11-16,Dead,0,,41000,
PROS-01263,REP-0050,Anchor Holdings,201-1000,Website Inquiry,Data Analytics,Q1 2026,2026-02-02,Dead,0,,19900,
PROS-01264,REP-0043,Ridgeline Digital,1000-5000,Cold Outreach,AI Platform,Q2 2026,2026-06-01,Open,0,,227600,
PROS-01265,REP-0110,Zenith Industries,1000-5000,Website Inquiry,Data Analytics,Q1 2026,2026-01-11,Lost,3,2026-02-10,38300,
PROS-01266,REP-0063,Quantum Systems,51-200,Conference,Data Analytics,Q2 2026,2026-04-26,Lost,4,2026-05-09,28200,
PROS-01267,REP-0013,Ember Solutions,1000-5000,LinkedIn,Security Suite,Q2 2026,2026-05-09,Dead,1,,101500,
PROS-01268,REP-0008,Zenith Systems,51-200,Cold Outreach,Cloud Compute,Q1 2026,2026-03-04,Dead,0,,24100,
PROS-01269,REP-0003,Vertex Technologies,51-200,LinkedIn,Cloud Storage,Q1 2026,2026-01-25,Dead,0,,11900,
PROS-01270,REP-0042,Ridgeline Holdings,51-200,LinkedIn,AI Platform,Q2 2026,2026-04-24,Lost,4,2026-05-15,74100,
PROS-01271,REP-0102,Summit Industries,51-200,Paid Marketing,Cloud Compute,Q4 2025,2025-11-06,Lost,4,2025-11-25,24900,
PROS-01272,REP-0086,Northgate Industries,201-1000,Website Inquiry,Data Analytics,Q4 2025,2025-10-16,Dead,0,,20300,
PROS-01273,REP-0044,Cobalt Digital,1-50,Paid Marketing,Cloud Storage,Q1 2026,2026-03-28,Won,3,2026-04-06,3600,3100
PROS-01274,REP-0036,Solace Group,51-200,Paid Marketing,Cloud Compute,Q2 2026,2026-04-19,Lost,3,2026-05-19,26200,
PROS-01275,REP-0056,Helix Technologies,51-200,Website Inquiry,AI Platform,Q2 2026,2026-06-03,Open,0,,74500,
PROS-01276,REP-0076,Drift Dynamics,201-1000,Paid Marketing,Data Analytics,Q2 2026,2026-06-08,Open,3,,61200,
PROS-01277,REP-0024,Nova Partners,201-1000,Website Inquiry,Data Analytics,Q1 2026,2026-03-31,Lost,4,2026-04-22,47800,
PROS-01278,REP-0053,Summit Works,51-200,Cold Outreach,Cloud Compute,Q2 2026,2026-05-17,Lost,5,2026-05-29,23500,
PROS-01279,REP-0015,Vertex Industries,1-50,Cold Outreach,Cloud Compute,Q4 2025,2025-11-08,Won,4,2025-12-01,9900,11300
PROS-01280,REP-0011,Vertex Dynamics,1-50,Paid Marketing,Cloud Compute,Q2 2026,2026-04-19,Lost,3,2026-05-04,11800,
PROS-01281,REP-0021,Anchor Systems,201-1000,LinkedIn,Security Suite,Q4 2025,2025-10-15,Lost,3,2025-11-05,60600,
PROS-01282,REP-0059,Horizon Solutions,1-50,LinkedIn,Cloud Compute,Q4 2025,2025-12-12,Lost,4,2025-12-30,14700,
PROS-01283,REP-0087,Ember Works,51-200,Inbound Call,Security Suite,Q4 2025,2025-12-19,Dead,1,,47400,
PROS-01284,REP-0017,Vertex Partners,51-200,Website Inquiry,AI Platform,Q2 2026,2026-05-16,Lost,5,2026-06-28,63900,
PROS-01285,REP-0021,Anchor Partners,201-1000,LinkedIn,Cloud Compute,Q2 2026,2026-05-07,Lost,5,2026-05-18,29300,
PROS-01286,REP-0004,Orbit Holdings,51-200,Paid Marketing,AI Platform,Q4 2025,2025-10-06,Lost,5,2025-10-13,58900,
PROS-01287,REP-0005,Helix Solutions,51-200,Paid Marketing,Cloud Compute,Q2 2026,2026-06-17,Open,1,,12600,
PROS-01288,REP-0036,Nova Partners,201-1000,Paid Marketing,Security Suite,Q2 2026,2026-06-29,Open,1,,64000,
PROS-01289,REP-0070,Vantage Technologies,201-1000,LinkedIn,Data Analytics,Q2 2026,2026-05-03,Dead,0,,47600,
PROS-01290,REP-0077,Fusion Works,51-200,Paid Marketing,Security Suite,Q2 2026,2026-05-14,Lost,3,2026-05-23,42800,
PROS-01291,REP-0077,Summit Industries,1-50,Website Inquiry,AI Platform,Q4 2025,2025-11-25,Lost,2,2025-12-06,55600,
PROS-01292,REP-0005,Cobalt Dynamics,1-50,Website Inquiry,Cloud Compute,Q2 2026,2026-05-03,Lost,4,2026-05-28,9400,
PROS-01293,REP-0023,Fusion Labs,5000+,Paid Marketing,Cloud Storage,Q1 2026,2026-03-10,Dead,0,,40500,
PROS-01294,REP-0109,Northgate Dynamics,1-50,Conference,Cloud Compute,Q1 2026,2026-03-26,Won,3,2026-04-13,11500,13200
PROS-01295,REP-0032,Anchor Digital,1000-5000,Website Inquiry,Cloud Storage,Q4 2025,2025-10-12,Lost,2,2025-12-16,26400,
PROS-01296,REP-0004,Zenith Digital,1-50,Paid Marketing,Security Suite,Q1 2026,2026-03-22,Dead,0,,21800,
PROS-01297,REP-0017,Ironclad Digital,201-1000,Conference,Cloud Compute,Q2 2026,2026-06-23,Lost,3,2026-06-28,31800,
PROS-01298,REP-0047,Ironclad Industries,201-1000,Conference,Security Suite,Q1 2026,2026-02-16,Won,4,2026-03-15,86700,74400
PROS-01299,REP-0004,Vertex Systems,51-200,Paid Marketing,Data Analytics,Q1 2026,2026-03-02,Dead,0,,40500,
PROS-01300,REP-0053,Zenith Holdings,1-50,Paid Marketing,Security Suite,Q2 2026,2026-04-14,Lost,4,2026-04-28,18600,
PROS-01301,REP-0005,Summit Works,1-50,Inbound Call,Cloud Compute,Q2 2026,2026-04-14,Lost,3,2026-05-09,11400,
PROS-01302,REP-0073,Redshift Works,201-1000,LinkedIn,AI Platform,Q2 2026,2026-05-22,Lost,2,2026-06-15,81500,
PROS-01303,REP-0094,Atlas Partners,1-50,Paid Marketing,Cloud Storage,Q1 2026,2026-03-02,Lost,3,2026-03-27,7600,
PROS-01304,REP-0004,Northgate Systems,1-50,Website Inquiry,Security Suite,Q1 2026,2026-01-27,Dead,0,,15300,
PROS-01305,REP-0002,Atlas Dynamics,1000-5000,Paid Marketing,AI Platform,Q2 2026,2026-06-06,Open,1,,167900,
PROS-01306,REP-0059,Anchor Dynamics,1-50,Paid Marketing,Security Suite,Q4 2025,2025-12-27,Dead,0,,30300,
PROS-01307,REP-0102,Pulse Partners,1-50,Paid Marketing,Data Analytics,Q4 2025,2025-10-10,Dead,0,,9600,
PROS-01308,REP-0071,Beacon Solutions,201-1000,Paid Marketing,Security Suite,Q4 2025,2025-10-07,Dead,1,,53200,
PROS-01309,REP-0071,Anchor Networks,201-1000,LinkedIn,Data Analytics,Q4 2025,2025-10-23,Lost,5,2025-12-03,26600,
PROS-01310,REP-0069,Northgate Partners,201-1000,LinkedIn,AI Platform,Q2 2026,2026-05-01,Lost,4,2026-05-25,50900,
PROS-01311,REP-0089,Ember Dynamics,1-50,Paid Marketing,AI Platform,Q2 2026,2026-05-11,Lost,3,2026-06-01,24000,
PROS-01312,REP-0069,Vantage Works,1000-5000,Paid Marketing,Cloud Storage,Q4 2025,2025-10-18,Lost,3,2025-11-05,29500,
PROS-01313,REP-0080,Vertex Labs,201-1000,Conference,Cloud Compute,Q2 2026,2026-06-06,Open,1,,19300,
PROS-01314,REP-0063,Beacon Works,51-200,Website Inquiry,Cloud Storage,Q2 2026,2026-04-19,Lost,5,2026-04-29,5600,
PROS-01315,REP-0108,Nova Networks,51-200,Inbound Call,Security Suite,Q4 2025,2025-11-09,Won,4,2025-11-16,56200,51400
PROS-01316,REP-0004,Drift Networks,1-50,Paid Marketing,Cloud Compute,Q2 2026,2026-05-20,Dead,0,,15400,
PROS-01317,REP-0107,Solace Systems,1000-5000,Paid Marketing,Cloud Storage,Q1 2026,2026-01-11,Lost,3,2026-03-02,20000,
PROS-01318,REP-0012,Fusion Solutions,1-50,Cold Outreach,Cloud Compute,Q1 2026,2026-03-16,Lost,2,2026-04-09,13600,
PROS-01319,REP-0004,Solace Works,1-50,LinkedIn,Cloud Compute,Q4 2025,2025-11-10,Lost,5,2025-11-28,15800,
PROS-01320,REP-0043,Orbit Labs,1000-5000,Cold Outreach,Cloud Storage,Q1 2026,2026-03-03,Dead,0,,18400,
PROS-01321,REP-0110,Drift Holdings,201-1000,LinkedIn,AI Platform,Q4 2025,2025-11-09,Lost,2,2025-12-19,107000,
PROS-01322,REP-0032,Quantum Systems,1000-5000,Cold Outreach,Cloud Compute,Q4 2025,2025-11-11,Lost,2,2025-12-11,42100,
PROS-01323,REP-0072,Redshift Holdings,1000-5000,Website Inquiry,AI Platform,Q2 2026,2026-06-13,Open,2,,55800,
PROS-01324,REP-0076,Quantum Labs,1-50,Website Inquiry,Cloud Storage,Q4 2025,2025-11-18,Lost,2,2025-11-26,5900,
PROS-01325,REP-0008,Vantage Labs,51-200,LinkedIn,AI Platform,Q2 2026,2026-04-13,Lost,3,2026-05-20,109900,
PROS-01326,REP-0004,Pulse Networks,1-50,Conference,Cloud Compute,Q1 2026,2026-02-06,Dead,0,,16500,
PROS-01327,REP-0019,Cobalt Technologies,201-1000,Cold Outreach,Cloud Compute,Q1 2026,2026-02-20,Lost,5,2026-03-29,35400,
PROS-01328,REP-0074,Zenith Holdings,201-1000,Cold Outreach,Cloud Storage,Q2 2026,2026-06-03,Open,2,,10800,
PROS-01329,REP-0076,Beacon Systems,1-50,Inbound Call,Cloud Compute,Q1 2026,2026-01-24,Dead,2,,14800,
PROS-01330,REP-0003,Wavefront Solutions,1-50,Conference,Cloud Compute,Q2 2026,2026-04-01,Dead,2,,14400,
PROS-01331,REP-0055,Sterling Works,201-1000,LinkedIn,Cloud Storage,Q4 2025,2025-10-09,Lost,3,2025-11-11,13200,
PROS-01332,REP-0064,Orbit Dynamics,1000-5000,LinkedIn,Data Analytics,Q2 2026,2026-05-14,Lost,5,2026-06-22,54300,
PROS-01333,REP-0038,Granite Digital,201-1000,Paid Marketing,Cloud Storage,Q2 2026,2026-05-08,Lost,3,2026-06-03,13100,
PROS-01334,REP-0063,Horizon Technologies,51-200,Paid Marketing,Cloud Compute,Q1 2026,2026-02-26,Dead,0,,19400,
PROS-01335,REP-0089,Wavefront Partners,201-1000,Website Inquiry,Cloud Compute,Q1 2026,2026-02-01,Lost,2,2026-02-09,31700,
PROS-01336,REP-0005,Wavefront Systems,1-50,Inbound Call,Security Suite,Q2 2026,2026-05-03,Lost,5,2026-05-19,25000,
PROS-01337,REP-0005,Quantum Dynamics,201-1000,LinkedIn,Cloud Compute,Q4 2025,2025-12-10,Lost,5,2026-01-03,35600,
PROS-01338,REP-0021,Quantum Dynamics,1-50,LinkedIn,Cloud Compute,Q2 2026,2026-06-26,Open,0,,11900,
PROS-01339,REP-0081,Cobalt Partners,1-50,LinkedIn,Data Analytics,Q2 2026,2026-05-11,Dead,0,,9400,
PROS-01340,REP-0091,Northgate Dynamics,1000-5000,Website Inquiry,Security Suite,Q1 2026,2026-01-21,Lost,5,2026-02-24,59900,
PROS-01341,REP-0016,Sterling Partners,5000+,Referral,Data Analytics,Q4 2025,2025-11-05,Dead,0,,96500,
PROS-01342,REP-0016,Orbit Labs,1000-5000,Website Inquiry,Cloud Storage,Q1 2026,2026-02-18,Lost,5,2026-05-17,17000,
PROS-01343,REP-0035,Beacon Systems,1000-5000,Website Inquiry,Cloud Compute,Q1 2026,2026-01-02,Lost,2,2026-03-09,47800,
PROS-01344,REP-0023,Pulse Dynamics,1000-5000,Paid Marketing,Data Analytics,Q1 2026,2026-01-04,Lost,4,2026-02-18,59900,
PROS-01345,REP-0025,Apex Dynamics,201-1000,LinkedIn,Cloud Compute,Q4 2025,2025-10-16,Lost,3,2025-11-07,18900,
PROS-01346,REP-0108,Helix Networks,1-50,Referral,AI Platform,Q2 2026,2026-06-27,Open,0,,59100,
PROS-01347,REP-0027,Drift Technologies,1000-5000,Inbound Call,AI Platform,Q1 2026,2026-01-23,Lost,4,2026-03-14,96800,
PROS-01348,REP-0016,Anchor Group,5000+,Paid Marketing,AI Platform,Q1 2026,2026-01-04,Won,7,2026-02-10,181900,164300
PROS-01349,REP-0095,Vertex Holdings,51-200,Paid Marketing,Cloud Compute,Q4 2025,2025-12-21,Lost,4,2026-01-05,17200,
PROS-01350,REP-0097,Drift Industries,51-200,Paid Marketing,Cloud Compute,Q4 2025,2025-11-06,Dead,0,,26400,
PROS-01351,REP-0039,Ember Partners,201-1000,LinkedIn,Cloud Storage,Q4 2025,2025-11-11,Dead,0,,18800,
PROS-01352,REP-0106,Meridian Partners,201-1000,Paid Marketing,Cloud Storage,Q2 2026,2026-05-27,Open,1,,15900,
PROS-01353,REP-0001,Quantum Digital,51-200,Conference,Cloud Storage,Q1 2026,2026-01-08,Dead,1,,12100,
PROS-01354,REP-0058,Beacon Partners,5000+,Website Inquiry,Security Suite,Q2 2026,2026-04-15,Won,7,2026-06-27,248600,222600
PROS-01355,REP-0080,Northgate Holdings,201-1000,LinkedIn,AI Platform,Q4 2025,2025-11-29,Dead,1,,76700,
PROS-01356,REP-0074,Summit Partners,51-200,Website Inquiry,Cloud Compute,Q2 2026,2026-04-20,Lost,5,2026-06-06,16800,
PROS-01357,REP-0021,Fusion Solutions,51-200,Website Inquiry,Cloud Storage,Q2 2026,2026-04-23,Dead,1,,5800,
PROS-01358,REP-0041,Horizon Dynamics,1000-5000,Conference,Cloud Compute,Q2 2026,2026-05-07,Lost,2,2026-06-01,55900,
PROS-01359,REP-0098,Ironclad Works,51-200,LinkedIn,Data Analytics,Q1 2026,2026-02-07,Won,5,2026-02-27,26900,29500
PROS-01360,REP-0001,Redshift Dynamics,1000-5000,Paid Marketing,Cloud Storage,Q1 2026,2026-03-02,Won,6,2026-04-12,41600,47300
PROS-01361,REP-0047,Nimbus Technologies,201-1000,Website Inquiry,AI Platform,Q2 2026,2026-04-05,Dead,0,,98700,
PROS-01362,REP-0038,Apex Solutions,1000-5000,Paid Marketing,Cloud Storage,Q1 2026,2026-01-24,Lost,4,2026-03-14,18400,
PROS-01363,REP-0069,Zenith Technologies,51-200,Paid Marketing,Cloud Compute,Q4 2025,2025-12-28,Lost,4,2026-01-20,20800,
PROS-01364,REP-0026,Lattice Technologies,1000-5000,Referral,AI Platform,Q2 2026,2026-05-12,Dead,0,,117300,
PROS-01365,REP-0022,Fusion Digital,201-1000,Paid Marketing,Security Suite,Q2 2026,2026-04-07,Lost,5,2026-05-23,53700,
PROS-01366,REP-0081,Anchor Holdings,51-200,Referral,Cloud Storage,Q1 2026,2026-02-27,Lost,3,2026-03-07,13200,
PROS-01367,REP-0036,Horizon Partners,201-1000,Paid Marketing,Data Analytics,Q2 2026,2026-05-17,Won,6,2026-06-15,55700,54300
PROS-01368,REP-0101,Wavefront Group,201-1000,LinkedIn,Security Suite,Q4 2025,2025-10-10,Dead,0,,117400,
PROS-01369,REP-0089,Ironclad Works,51-200,Paid Marketing,Data Analytics,Q1 2026,2026-03-24,Won,2,2026-04-07,25900,27100
PROS-01370,REP-0076,Granite Labs,1-50,Cold Outreach,Data Analytics,Q4 2025,2025-12-21,Dead,0,,22400,
PROS-01371,REP-0022,Beacon Labs,201-1000,Inbound Call,Security Suite,Q4 2025,2025-10-21,Dead,1,,56700,
PROS-01372,REP-0088,Nova Systems,1-50,Paid Marketing,Security Suite,Q4 2025,2025-10-27,Dead,1,,25700,
PROS-01373,REP-0023,Solace Technologies,5000+,Paid Marketing,Cloud Storage,Q2 2026,2026-06-24,Open,2,,19500,
PROS-01374,REP-0029,Granite Partners,1000-5000,Conference,Cloud Compute,Q2 2026,2026-06-17,Open,0,,44200,
PROS-01375,REP-0068,Redshift Systems,51-200,Referral,AI Platform,Q2 2026,2026-05-29,Dead,1,,63100,
PROS-01376,REP-0109,Granite Holdings,201-1000,Inbound Call,Data Analytics,Q4 2025,2025-12-15,Dead,0,,74200,
PROS-01377,REP-0012,Ironclad Group,1-50,Paid Marketing,AI Platform,Q1 2026,2026-02-24,Dead,0,,57500,
PROS-01378,REP-0049,Northgate Industries,51-200,Cold Outreach,Cloud Compute,Q4 2025,2025-12-04,Lost,5,2025-12-30,24700,
PROS-01379,REP-0101,Catalyst Networks,201-1000,Conference,Cloud Compute,Q4 2025,2025-10-24,Won,6,2025-11-17,48100,57500
PROS-01380,REP-0031,Orbit Group,201-1000,Inbound Call,Cloud Storage,Q1 2026,2026-03-04,Dead,0,,8000,
PROS-01381,REP-0044,Pulse Dynamics,201-1000,LinkedIn,Cloud Compute,Q4 2025,2025-10-19,Won,3,2025-11-05,40400,39400
PROS-01382,REP-0009,Beacon Networks,1000-5000,LinkedIn,AI Platform,Q2 2026,2026-04-10,Dead,0,,148700,
PROS-01383,REP-0058,Ridgeline Systems,1000-5000,Website Inquiry,Cloud Storage,Q2 2026,2026-05-21,Dead,0,,15100,
PROS-01384,REP-0098,Ember Technologies,201-1000,Cold Outreach,AI Platform,Q2 2026,2026-04-20,Lost,2,2026-06-03,77100,
PROS-01385,REP-0051,Vertex Group,1000-5000,Paid Marketing,Data Analytics,Q2 2026,2026-06-08,Open,3,,70700,
PROS-01386,REP-0071,Pulse Labs,1000-5000,Website Inquiry,Cloud Storage,Q2 2026,2026-04-02,Lost,3,2026-04-24,25700,
PROS-01387,REP-0006,Cobalt Dynamics,5000+,Paid Marketing,AI Platform,Q2 2026,2026-04-10,Dead,1,,265300,
PROS-01388,REP-0012,Sterling Industries,51-200,Website Inquiry,Data Analytics,Q2 2026,2026-05-07,Dead,0,,29700,
PROS-01389,REP-0106,Sterling Solutions,201-1000,Conference,Cloud Compute,Q2 2026,2026-06-04,Dead,2,,21500,
PROS-01390,REP-0010,Wavefront Solutions,51-200,Paid Marketing,Cloud Storage,Q4 2025,2025-12-13,Dead,0,,5100,
PROS-01391,REP-0041,Vantage Technologies,1000-5000,Website Inquiry,AI Platform,Q4 2025,2025-10-02,Dead,0,,194600,
PROS-01392,REP-0108,Nova Digital,201-1000,LinkedIn,Cloud Storage,Q4 2025,2025-11-26,Won,4,2025-12-03,23400,23000
PROS-01393,REP-0077,Vertex Group,1-50,Conference,Data Analytics,Q1 2026,2026-01-18,Won,3,2026-01-26,18700,19100
PROS-01394,REP-0034,Ember Works,1000-5000,Referral,Data Analytics,Q1 2026,2026-02-11,Lost,4,2026-03-21,56100,
PROS-01395,REP-0108,Ember Partners,1-50,Referral,AI Platform,Q1 2026,2026-02-24,Lost,2,2026-03-16,20100,
PROS-01396,REP-0026,Fusion Holdings,51-200,Paid Marketing,Cloud Storage,Q2 2026,2026-05-07,Dead,0,,9400,
PROS-01397,REP-0060,Nimbus Group,1000-5000,Cold Outreach,Security Suite,Q4 2025,2025-12-12,Lost,5,2026-02-07,93000,
PROS-01398,REP-0042,Northgate Group,201-1000,Paid Marketing,Security Suite,Q2 2026,2026-04-20,Lost,2,2026-04-30,75400,
PROS-01399,REP-0108,Pulse Networks,51-200,Cold Outreach,Cloud Compute,Q2 2026,2026-06-24,Won,3,2026-06-27,24800,24400
PROS-01400,REP-0068,Wavefront Digital,1000-5000,Referral,Security Suite,Q1 2026,2026-03-23,Lost,3,2026-05-04,76400,
PROS-01401,REP-0021,Ridgeline Industries,201-1000,Inbound Call,Security Suite,Q1 2026,2026-02-15,Lost,4,2026-02-25,68800,
PROS-01402,REP-0077,Meridian Digital,51-200,Paid Marketing,AI Platform,Q2 2026,2026-04-13,Dead,1,,39300,
PROS-01403,REP-0042,Fusion Partners,1-50,Paid Marketing,Cloud Compute,Q4 2025,2025-11-03,Dead,0,,9300,
PROS-01404,REP-0077,Summit Labs,51-200,Website Inquiry,Cloud Storage,Q4 2025,2025-12-29,Dead,0,,17200,
PROS-01405,REP-0096,Meridian Dynamics,1-50,Inbound Call,Data Analytics,Q1 2026,2026-03-05,Dead,1,,9700,
PROS-01406,REP-0076,Sterling Labs,1-50,Inbound Call,Security Suite,Q4 2025,2025-11-15,Dead,0,,33300,
PROS-01407,REP-0021,Ember Industries,1-50,Inbound Call,Cloud Compute,Q2 2026,2026-05-05,Lost,5,2026-05-22,6800,
PROS-01408,REP-0071,Quantum Digital,1000-5000,Referral,Data Analytics,Q2 2026,2026-04-06,Lost,4,2026-05-22,41100,
PROS-01409,REP-0026,Ironclad Industries,51-200,Paid Marketing,Data Analytics,Q1 2026,2026-02-28,Lost,5,2026-03-27,18200,
PROS-01410,REP-0075,Nimbus Industries,201-1000,Conference,Security Suite,Q1 2026,2026-03-25,Dead,0,,69400,
PROS-01411,REP-0037,Lattice Industries,201-1000,Website Inquiry,Cloud Compute,Q4 2025,2025-11-21,Dead,0,,47700,
PROS-01412,REP-0082,Meridian Networks,201-1000,Inbound Call,AI Platform,Q2 2026,2026-04-12,Lost,5,2026-05-28,62100,
PROS-01413,REP-0026,Atlas Systems,201-1000,LinkedIn,Data Analytics,Q2 2026,2026-05-08,Dead,0,,42300,
PROS-01414,REP-0089,Lattice Holdings,51-200,Website Inquiry,AI Platform,Q4 2025,2025-10-24,Lost,2,2025-11-03,74900,
PROS-01415,REP-0071,Ironclad Partners,51-200,LinkedIn,Cloud Compute,Q2 2026,2026-04-29,Won,6,2026-06-02,10900,9500
PROS-01416,REP-0103,Apex Group,51-200,Inbound Call,Cloud Storage,Q1 2026,2026-01-07,Lost,3,2026-01-20,7500,
PROS-01417,REP-0059,Quantum Solutions,1-50,Website Inquiry,Cloud Compute,Q4 2025,2025-11-25,Lost,5,2025-12-10,7000,
PROS-01418,REP-0098,Anchor Systems,201-1000,Website Inquiry,AI Platform,Q2 2026,2026-04-28,Won,4,2026-06-03,140500,128800
PROS-01419,REP-0070,Northgate Group,51-200,Paid Marketing,Cloud Compute,Q4 2025,2025-10-28,Lost,2,2025-12-07,18300,
PROS-01420,REP-0022,Nova Works,201-1000,Cold Outreach,Cloud Storage,Q2 2026,2026-04-23,Dead,0,,9900,
PROS-01421,REP-0008,Granite Networks,201-1000,Cold Outreach,Cloud Compute,Q1 2026,2026-03-30,Lost,2,2026-04-24,36600,
PROS-01422,REP-0008,Ridgeline Holdings,1000-5000,Referral,AI Platform,Q2 2026,2026-05-09,Won,3,2026-06-08,208500,198500
PROS-01423,REP-0026,Vantage Solutions,201-1000,Paid Marketing,Security Suite,Q2 2026,2026-06-26,Open,2,,46500,
PROS-01424,REP-0071,Horizon Labs,201-1000,Website Inquiry,Cloud Compute,Q1 2026,2026-01-24,Dead,0,,32400,
PROS-01425,REP-0088,Vertex Solutions,1-50,Cold Outreach,AI Platform,Q1 2026,2026-03-02,Lost,5,2026-03-22,25600,
PROS-01426,REP-0045,Quantum Holdings,1000-5000,Referral,Cloud Storage,Q2 2026,2026-06-11,Open,2,,12800,
PROS-01427,REP-0051,Ironclad Labs,1000-5000,Paid Marketing,Security Suite,Q2 2026,2026-04-27,Dead,0,,76300,
PROS-01428,REP-0041,Wavefront Works,1000-5000,Paid Marketing,Data Analytics,Q2 2026,2026-06-29,Dead,1,,75400,
PROS-01429,REP-0086,Ridgeline Dynamics,51-200,Referral,Cloud Storage,Q2 2026,2026-04-24,Dead,0,,7800,
PROS-01430,REP-0032,Horizon Industries,1000-5000,LinkedIn,Cloud Compute,Q2 2026,2026-04-19,Lost,5,2026-05-25,53000,
PROS-01431,REP-0073,Nimbus Systems,51-200,Paid Marketing,Cloud Compute,Q2 2026,2026-05-21,Lost,5,2026-06-20,24800,
PROS-01432,REP-0055,Beacon Technologies,201-1000,Website Inquiry,Cloud Storage,Q2 2026,2026-04-09,Lost,3,2026-06-16,8300,
PROS-01433,REP-0009,Nova Networks,1000-5000,Referral,AI Platform,Q1 2026,2026-02-01,Lost,4,2026-04-03,76300,
PROS-01434,REP-0088,Vantage Partners,1-50,Paid Marketing,Cloud Storage,Q4 2025,2025-10-26,Lost,2,2025-11-16,5400,
PROS-01435,REP-0065,Quantum Partners,201-1000,LinkedIn,AI Platform,Q1 2026,2026-01-26,Dead,0,,138000,
PROS-01436,REP-0064,Nova Dynamics,51-200,Website Inquiry,Data Analytics,Q1 2026,2026-02-21,Dead,0,,31100,
PROS-01437,REP-0008,Quantum Partners,51-200,Paid Marketing,AI Platform,Q4 2025,2025-11-08,Lost,2,2025-12-16,60600,
PROS-01438,REP-0110,Ironclad Digital,1000-5000,Website Inquiry,AI Platform,Q2 2026,2026-05-16,Dead,0,,126500,
PROS-01439,REP-0011,Ember Partners,51-200,Website Inquiry,Cloud Storage,Q1 2026,2026-01-16,Lost,5,2026-01-31,13700,
PROS-01440,REP-0042,Wavefront Partners,1-50,LinkedIn,Cloud Compute,Q1 2026,2026-01-31,Won,2,2026-02-22,13900,13700
PROS-01441,REP-0035,Vertex Group,1000-5000,Cold Outreach,Cloud Storage,Q2 2026,2026-06-15,Lost,2,2026-06-30,35900,
PROS-01442,REP-0021,Apex Partners,1-50,Conference,Security Suite,Q2 2026,2026-06-09,Open,0,,28500,
PROS-01443,REP-0069,Horizon Technologies,201-1000,LinkedIn,Cloud Compute,Q1 2026,2026-02-10,Dead,0,,28200,
PROS-01444,REP-0009,Vantage Works,1000-5000,Paid Marketing,Cloud Compute,Q1 2026,2026-02-13,Lost,2,2026-04-19,52100,
PROS-01445,REP-0044,Nova Dynamics,51-200,Cold Outreach,Cloud Storage,Q4 2025,2025-11-15,Lost,2,2025-11-23,7800,
PROS-01446,REP-0066,Ridgeline Networks,51-200,Website Inquiry,Cloud Compute,Q2 2026,2026-05-28,Open,0,,26200,
PROS-01447,REP-0072,Ironclad Technologies,51-200,Inbound Call,Cloud Storage,Q1 2026,2026-02-27,Lost,2,2026-04-17,8300,
PROS-01448,REP-0038,Solace Digital,201-1000,Inbound Call,Cloud Compute,Q1 2026,2026-03-27,Won,6,2026-05-07,28100,32600
PROS-01449,REP-0012,Vertex Solutions,1-50,LinkedIn,Cloud Compute,Q2 2026,2026-05-12,Won,4,2026-06-05,13600,13900
PROS-01450,REP-0109,Lattice Partners,1-50,Paid Marketing,Cloud Compute,Q4 2025,2025-11-24,Lost,4,2025-12-18,11900,
PROS-01451,REP-0072,Redshift Labs,201-1000,Referral,Security Suite,Q4 2025,2025-11-07,Won,5,2025-12-19,84100,83900
PROS-01452,REP-0087,Lattice Partners,201-1000,LinkedIn,Cloud Storage,Q2 2026,2026-04-24,Lost,2,2026-05-30,12300,
PROS-01453,REP-0053,Ember Labs,1-50,Conference,AI Platform,Q2 2026,2026-04-11,Dead,0,,26200,
PROS-01454,REP-0109,Drift Digital,51-200,Inbound Call,AI Platform,Q2 2026,2026-04-05,Lost,4,2026-04-17,94900,
PROS-01455,REP-0027,Meridian Networks,5000+,Inbound Call,Cloud Storage,Q4 2025,2025-12-27,Dead,0,,28500,
PROS-01456,REP-0103,Lattice Networks,1-50,LinkedIn,Cloud Storage,Q4 2025,2025-10-14,Dead,1,,6100,
PROS-01457,REP-0011,Helix Works,1-50,Paid Marketing,Security Suite,Q1 2026,2026-02-15,Dead,0,,21800,
PROS-01458,REP-0038,Redshift Labs,51-200,Inbound Call,Data Analytics,Q2 2026,2026-05-22,Won,4,2026-06-13,14900,12800
PROS-01459,REP-0038,Helix Partners,1000-5000,LinkedIn,Security Suite,Q2 2026,2026-04-17,Dead,0,,100000,
PROS-01460,REP-0102,Granite Holdings,1-50,Website Inquiry,Data Analytics,Q1 2026,2026-01-23,Lost,4,2026-02-01,8700,
PROS-01461,REP-0063,Lattice Digital,1-50,Inbound Call,Cloud Compute,Q1 2026,2026-03-01,Lost,5,2026-03-25,8900,
PROS-01462,REP-0010,Ridgeline Networks,51-200,Referral,Cloud Storage,Q1 2026,2026-02-14,Won,6,2026-03-16,7600,6600
PROS-01463,REP-0007,Atlas Partners,201-1000,LinkedIn,Data Analytics,Q2 2026,2026-06-20,Open,3,,51700,
PROS-01464,REP-0089,Fusion Works,1-50,Paid Marketing,Data Analytics,Q1 2026,2026-03-17,Dead,0,,10200,
PROS-01465,REP-0107,Atlas Dynamics,201-1000,Cold Outreach,Data Analytics,Q4 2025,2025-10-25,Dead,0,,44600,
PROS-01466,REP-0007,Solace Holdings,51-200,Paid Marketing,Cloud Compute,Q4 2025,2025-12-02,Dead,2,,20600,
PROS-01467,REP-0064,Ember Group,201-1000,Inbound Call,Cloud Compute,Q4 2025,2025-11-20,Won,5,2025-12-15,35100,34300
PROS-01468,REP-0068,Helix Partners,201-1000,Paid Marketing,Cloud Compute,Q4 2025,2025-10-15,Dead,1,,38000,
PROS-01469,REP-0088,Wavefront Technologies,1-50,Referral,AI Platform,Q1 2026,2026-03-19,Lost,2,2026-03-30,56500,
PROS-01470,REP-0074,Vertex Partners,201-1000,Website Inquiry,Cloud Compute,Q2 2026,2026-06-29,Open,0,,17700,
PROS-01471,REP-0089,Horizon Technologies,201-1000,Inbound Call,Cloud Storage,Q1 2026,2026-02-07,Lost,3,2026-03-03,10800,
PROS-01472,REP-0042,Anchor Works,1-50,Conference,Cloud Compute,Q4 2025,2025-10-09,Won,2,2025-10-27,8000,7200
PROS-01473,REP-0071,Horizon Dynamics,1000-5000,Inbound Call,AI Platform,Q2 2026,2026-06-30,Open,1,,91900,
PROS-01474,REP-0102,Summit Solutions,1-50,Website Inquiry,AI Platform,Q4 2025,2025-10-23,Lost,4,2025-11-05,44700,
PROS-01475,REP-0089,Nova Partners,201-1000,Website Inquiry,Cloud Storage,Q4 2025,2025-10-13,Lost,3,2025-10-22,11800,
PROS-01476,REP-0021,Pulse Systems,1-50,Website Inquiry,Data Analytics,Q2 2026,2026-05-08,Won,4,2026-05-15,12800,14600
PROS-01477,REP-0014,Granite Systems,201-1000,Conference,AI Platform,Q2 2026,2026-04-17,Dead,0,,98500,
PROS-01478,REP-0035,Ridgeline Networks,1000-5000,Paid Marketing,Security Suite,Q2 2026,2026-05-22,Lost,4,2026-06-29,82200,
PROS-01479,REP-0064,Ridgeline Digital,51-200,Conference,Cloud Compute,Q1 2026,2026-01-20,Dead,0,,26300,
PROS-01480,REP-0081,Summit Labs,1-50,LinkedIn,Cloud Compute,Q4 2025,2025-11-05,Dead,1,,7000,
PROS-01481,REP-0081,Meridian Networks,1-50,Paid Marketing,AI Platform,Q1 2026,2026-02-16,Lost,3,2026-02-23,17400,
PROS-01482,REP-0042,Wavefront Solutions,51-200,LinkedIn,Security Suite,Q1 2026,2026-01-06,Lost,5,2026-01-30,45100,
PROS-01483,REP-0087,Ridgeline Partners,201-1000,Inbound Call,AI Platform,Q1 2026,2026-02-16,Won,4,2026-03-29,102100,95600
PROS-01484,REP-0059,Nova Partners,1-50,Paid Marketing,Data Analytics,Q2 2026,2026-05-20,Lost,2,2026-05-27,23400,
PROS-01485,REP-0010,Pulse Industries,201-1000,Cold Outreach,Cloud Storage,Q2 2026,2026-04-24,Won,3,2026-05-11,15200,16300
PROS-01486,REP-0024,Anchor Systems,51-200,Website Inquiry,Cloud Compute,Q4 2025,2025-12-23,Lost,5,2026-01-15,20400,
PROS-01487,REP-0090,Northgate Group,201-1000,Paid Marketing,Security Suite,Q4 2025,2025-10-01,Lost,3,2025-12-15,65400,
PROS-01488,REP-0053,Redshift Technologies,51-200,Referral,AI Platform,Q1 2026,2026-03-06,Dead,1,,29100,
PROS-01489,REP-0037,Pulse Partners,201-1000,Inbound Call,AI Platform,Q4 2025,2025-11-11,Won,4,2025-12-02,192800,214500
PROS-01490,REP-0102,Nimbus Holdings,201-1000,Cold Outreach,AI Platform,Q4 2025,2025-11-10,Lost,4,2025-11-20,138500,
PROS-01491,REP-0078,Granite Digital,201-1000,Referral,Cloud Storage,Q2 2026,2026-06-15,Open,1,,15300,
PROS-01492,REP-0016,Drift Solutions,5000+,Website Inquiry,AI Platform,Q2 2026,2026-06-24,Open,0,,191400,
PROS-01493,REP-0010,Nimbus Labs,201-1000,Conference,Data Analytics,Q2 2026,2026-06-01,Open,0,,49500,
PROS-01494,REP-0090,Northgate Networks,5000+,Referral,Data Analytics,Q2 2026,2026-06-24,Open,1,,88400,
PROS-01495,REP-0040,Atlas Technologies,51-200,Website Inquiry,Data Analytics,Q2 2026,2026-05-02,Dead,0,,37000,
PROS-01496,REP-0109,Horizon Group,1-50,Website Inquiry,Cloud Storage,Q2 2026,2026-04-05,Lost,4,2026-04-17,7400,
PROS-01497,REP-0075,Beacon Networks,51-200,Inbound Call,Cloud Storage,Q1 2026,2026-01-06,Lost,2,2026-02-09,10000,
PROS-01498,REP-0001,Sterling Systems,201-1000,Cold Outreach,Cloud Compute,Q2 2026,2026-05-13,Won,5,2026-06-14,53700,62100
PROS-01499,REP-0110,Orbit Labs,51-200,Inbound Call,Cloud Storage,Q1 2026,2026-01-21,Lost,2,2026-02-07,7400,
PROS-01500,REP-0096,Wavefront Industries,201-1000,Paid Marketing,Data Analytics,Q1 2026,2026-02-27,Dead,1,,31400,
PROS-01501,REP-0001,Ridgeline Labs,51-200,Referral,Data Analytics,Q2 2026,2026-04-28,Won,3,2026-06-12,52800,54700
PROS-01502,REP-0103,Wavefront Technologies,1-50,Website Inquiry,Cloud Compute,Q1 2026,2026-03-25,Lost,2,2026-04-12,8900,
PROS-01503,REP-0088,Anchor Holdings,51-200,Paid Marketing,Cloud Storage,Q1 2026,2026-01-18,Lost,3,2026-02-03,5800,
PROS-01504,REP-0099,Drift Dynamics,201-1000,Website Inquiry,Cloud Compute,Q1 2026,2026-03-21,Won,3,2026-04-20,28600,32000
PROS-01505,REP-0082,Beacon Networks,51-200,Referral,Cloud Compute,Q2 2026,2026-06-03,Open,3,,17000,
PROS-01506,REP-0036,Nimbus Holdings,51-200,Paid Marketing,AI Platform,Q2 2026,2026-04-06,Lost,5,2026-05-02,118100,
PROS-01507,REP-0109,Beacon Digital,201-1000,Cold Outreach,Cloud Compute,Q4 2025,2025-11-06,Dead,0,,36300,
PROS-01508,REP-0079,Wavefront Technologies,51-200,Paid Marketing,Cloud Storage,Q2 2026,2026-04-03,Dead,0,,11500,
PROS-01509,REP-0058,Ironclad Digital,1000-5000,LinkedIn,Security Suite,Q2 2026,2026-04-02,Lost,3,2026-05-27,149300,
PROS-01510,REP-0024,Helix Group,201-1000,Inbound Call,Data Analytics,Q2 2026,2026-04-29,Lost,4,2026-05-13,33200,
PROS-01511,REP-0012,Horizon Industries,51-200,Paid Marketing,Data Analytics,Q2 2026,2026-05-20,Lost,4,2026-06-07,22500,
PROS-01512,REP-0005,Vertex Holdings,1-50,Paid Marketing,AI Platform,Q2 2026,2026-04-09,Lost,5,2026-04-24,27600,
PROS-01513,REP-0039,Redshift Networks,5000+,Paid Marketing,Cloud Storage,Q4 2025,2025-12-06,Lost,2,2026-01-27,58000,
PROS-01514,REP-0099,Lattice Industries,201-1000,Website Inquiry,Cloud Compute,Q1 2026,2026-01-16,Lost,3,2026-02-04,22100,
PROS-01515,REP-0037,Drift Solutions,201-1000,Paid Marketing,Cloud Storage,Q1 2026,2026-01-29,Dead,0,,24800,
PROS-01516,REP-0005,Ridgeline Group,1-50,Paid Marketing,Cloud Compute,Q1 2026,2026-01-22,Lost,4,2026-01-30,10300,
PROS-01517,REP-0103,Solace Partners,51-200,Cold Outreach,Cloud Compute,Q4 2025,2025-10-06,Lost,5,2025-10-24,19700,
PROS-01518,REP-0019,Ember Partners,51-200,LinkedIn,Cloud Compute,Q1 2026,2026-01-12,Won,4,2026-02-14,28400,32100
PROS-01519,REP-0095,Pulse Networks,51-200,LinkedIn,Cloud Compute,Q1 2026,2026-02-13,Lost,5,2026-02-25,26300,
PROS-01520,REP-0102,Drift Works,1-50,Website Inquiry,Data Analytics,Q1 2026,2026-02-23,Won,2,2026-03-18,18400,17700
PROS-01521,REP-0094,Fusion Solutions,1-50,Website Inquiry,Cloud Compute,Q4 2025,2025-12-05,Lost,5,2025-12-28,16400,
PROS-01522,REP-0041,Orbit Digital,201-1000,Referral,AI Platform,Q2 2026,2026-05-09,Won,6,2026-06-13,152100,140600
PROS-01523,REP-0035,Anchor Dynamics,1000-5000,Paid Marketing,Cloud Storage,Q2 2026,2026-06-20,Open,0,,25700,
PROS-01524,REP-0073,Meridian Digital,201-1000,Referral,Data Analytics,Q2 2026,2026-06-05,Open,0,,49300,
PROS-01525,REP-0064,Zenith Group,201-1000,Inbound Call,AI Platform,Q2 2026,2026-06-12,Open,0,,72700,
PROS-01526,REP-0042,Zenith Systems,1-50,Website Inquiry,Cloud Storage,Q2 2026,2026-06-30,Open,3,,7400,
PROS-01527,REP-0039,Meridian Group,1000-5000,Inbound Call,Data Analytics,Q4 2025,2025-11-25,Won,5,2026-02-19,101600,101200
PROS-01528,REP-0108,Nimbus Technologies,51-200,Conference,Security Suite,Q1 2026,2026-03-27,Dead,0,,67700,
PROS-01529,REP-0050,Granite Partners,1000-5000,Referral,Security Suite,Q4 2025,2025-12-30,Lost,4,2026-03-27,102400,
PROS-01530,REP-0046,Anchor Technologies,201-1000,Referral,Cloud Compute,Q2 2026,2026-05-11,Won,4,2026-06-02,44900,45800
PROS-01531,REP-0015,Helix Partners,51-200,Inbound Call,Data Analytics,Q1 2026,2026-03-06,Lost,2,2026-03-28,34400,
PROS-01532,REP-0097,Lattice Technologies,201-1000,Cold Outreach,Security Suite,Q1 2026,2026-03-15,Dead,1,,49300,
PROS-01533,REP-0081,Catalyst Group,1-50,Cold Outreach,Cloud Storage,Q2 2026,2026-05-31,Open,0,,4900,
PROS-01534,REP-0029,Helix Partners,51-200,Website Inquiry,Cloud Storage,Q2 2026,2026-06-30,Open,2,,10700,
PROS-01535,REP-0102,Wavefront Systems,51-200,Referral,Security Suite,Q2 2026,2026-05-29,Open,0,,36700,
PROS-01536,REP-0074,Redshift Dynamics,201-1000,LinkedIn,Security Suite,Q1 2026,2026-01-05,Won,6,2026-02-01,41800,41200
PROS-01537,REP-0088,Wavefront Networks,1-50,Paid Marketing,Cloud Compute,Q2 2026,2026-04-19,Won,4,2026-05-01,10400,9100
PROS-01538,REP-0068,Apex Works,201-1000,Inbound Call,Data Analytics,Q1 2026,2026-01-31,Lost,4,2026-03-11,26000,
PROS-01539,REP-0044,Atlas Labs,1-50,Website Inquiry,Security Suite,Q4 2025,2025-10-22,Lost,4,2025-11-15,14100,
PROS-01540,REP-0062,Ember Partners,1-50,LinkedIn,AI Platform,Q2 2026,2026-05-20,Won,2,2026-05-31,17600,18800
PROS-01541,REP-0041,Nova Digital,201-1000,Website Inquiry,Data Analytics,Q4 2025,2025-10-18,Lost,3,2025-12-07,38000,
PROS-01542,REP-0044,Beacon Technologies,51-200,Paid Marketing,Data Analytics,Q2 2026,2026-06-08,Open,0,,40200,
PROS-01543,REP-0031,Beacon Works,201-1000,Inbound Call,AI Platform,Q2 2026,2026-04-13,Lost,5,2026-04-30,43800,
PROS-01544,REP-0037,Vertex Works,201-1000,Paid Marketing,AI Platform,Q2 2026,2026-04-19,Dead,0,,88600,
PROS-01545,REP-0028,Ember Labs,51-200,Conference,AI Platform,Q2 2026,2026-06-08,Dead,1,,46600,
PROS-01546,REP-0011,Nova Technologies,51-200,Conference,AI Platform,Q2 2026,2026-06-06,Open,0,,33600,
PROS-01547,REP-0076,Redshift Labs,1-50,Cold Outreach,Cloud Compute,Q4 2025,2025-10-26,Dead,1,,10000,
PROS-01548,REP-0022,Sterling Dynamics,201-1000,Website Inquiry,Security Suite,Q2 2026,2026-04-12,Lost,4,2026-05-31,85800,
PROS-01549,REP-0088,Orbit Holdings,1-50,Paid Marketing,Data Analytics,Q4 2025,2025-12-13,Lost,2,2026-01-01,12500,
PROS-01550,REP-0098,Helix Labs,51-200,Cold Outreach,AI Platform,Q4 2025,2025-12-14,Dead,0,,54300,
PROS-01551,REP-0062,Solace Partners,1-50,Referral,Cloud Storage,Q4 2025,2025-11-09,Dead,1,,6200,
PROS-01552,REP-0032,Atlas Dynamics,5000+,Cold Outreach,Security Suite,Q1 2026,2026-01-17,Lost,3,2026-03-12,116500,
PROS-01553,REP-0055,Anchor Solutions,5000+,LinkedIn,Cloud Compute,Q4 2025,2025-12-26,Lost,3,2026-03-03,72700,
PROS-01554,REP-0101,Summit Partners,201-1000,Inbound Call,AI Platform,Q1 2026,2026-03-28,Won,3,2026-05-11,165100,141800
PROS-01555,REP-0020,Ember Holdings,1000-5000,Inbound Call,AI Platform,Q4 2025,2025-10-30,Lost,4,2026-01-19,157900,
PROS-01556,REP-0085,Apex Labs,5000+,Paid Marketing,Cloud Compute,Q1 2026,2026-02-14,Dead,1,,70400,
PROS-01557,REP-0036,Helix Works,201-1000,Paid Marketing,Cloud Storage,Q2 2026,2026-05-31,Lost,4,2026-06-27,24000,
PROS-01558,REP-0014,Nova Systems,201-1000,Paid Marketing,Cloud Compute,Q1 2026,2026-03-24,Dead,1,,46500,
PROS-01559,REP-0043,Fusion Industries,51-200,Cold Outreach,Data Analytics,Q2 2026,2026-04-06,Lost,3,2026-05-04,38100,
PROS-01560,REP-0059,Sterling Networks,1-50,Inbound Call,Security Suite,Q2 2026,2026-06-17,Open,0,,26200,
PROS-01561,REP-0056,Vantage Dynamics,51-200,Paid Marketing,Data Analytics,Q2 2026,2026-05-18,Lost,5,2026-06-05,26600,
PROS-01562,REP-0035,Nova Holdings,1000-5000,Paid Marketing,AI Platform,Q1 2026,2026-01-27,Dead,0,,235800,
PROS-01563,REP-0026,Horizon Partners,201-1000,Website Inquiry,Cloud Compute,Q2 2026,2026-05-10,Dead,0,,28800,
PROS-01564,REP-0071,Cobalt Digital,51-200,Inbound Call,Cloud Compute,Q4 2025,2025-12-13,Lost,3,2025-12-29,11800,
PROS-01565,REP-0004,Redshift Group,1-50,Paid Marketing,Cloud Storage,Q1 2026,2026-02-20,Dead,0,,6100,
PROS-01566,REP-0021,Quantum Group,1-50,Website Inquiry,AI Platform,Q2 2026,2026-05-18,Lost,4,2026-06-07,35800,
PROS-01567,REP-0044,Beacon Partners,51-200,Website Inquiry,Security Suite,Q4 2025,2025-11-03,Won,2,2025-11-26,30400,30200
PROS-01568,REP-0102,Atlas Solutions,1-50,Inbound Call,Data Analytics,Q1 2026,2026-02-23,Dead,0,,18100,
PROS-01569,REP-0066,Solace Partners,201-1000,Website Inquiry,Cloud Compute,Q4 2025,2025-11-27,Lost,5,2025-12-15,28200,
PROS-01570,REP-0075,Sterling Technologies,201-1000,Website Inquiry,Security Suite,Q2 2026,2026-05-18,Lost,4,2026-06-27,79200,
PROS-01571,REP-0040,Vertex Industries,1000-5000,Referral,Cloud Compute,Q1 2026,2026-01-06,Dead,0,,65600,
PROS-01572,REP-0074,Summit Industries,201-1000,Website Inquiry,Security Suite,Q4 2025,2025-12-23,Lost,2,2026-01-13,36200,
PROS-01573,REP-0040,Cobalt Holdings,201-1000,Paid Marketing,Cloud Compute,Q1 2026,2026-03-10,Lost,3,2026-03-25,31300,
PROS-01574,REP-0035,Ironclad Digital,1000-5000,Website Inquiry,Security Suite,Q1 2026,2026-02-10,Won,8,2026-04-14,119800,112200
PROS-01575,REP-0047,Redshift Holdings,51-200,Conference,Security Suite,Q2 2026,2026-06-06,Lost,2,2026-06-28,39400,
PROS-01576,REP-0042,Nova Systems,1-50,Website Inquiry,Cloud Compute,Q4 2025,2025-10-22,Lost,4,2025-11-08,15700,
PROS-01577,REP-0070,Vertex Digital,201-1000,Cold Outreach,Security Suite,Q4 2025,2025-10-22,Dead,1,,82400,
PROS-01578,REP-0074,Apex Dynamics,201-1000,Paid Marketing,AI Platform,Q4 2025,2025-11-30,Dead,0,,72000,
PROS-01579,REP-0047,Ridgeline Holdings,201-1000,Conference,AI Platform,Q2 2026,2026-06-13,Open,1,,124200,
PROS-01580,REP-0004,Cobalt Group,51-200,Conference,AI Platform,Q2 2026,2026-06-05,Open,2,,112900,
PROS-01581,REP-0019,Orbit Industries,201-1000,Website Inquiry,Cloud Compute,Q2 2026,2026-05-23,Lost,3,2026-06-29,39600,
PROS-01582,REP-0004,Vertex Partners,1-50,Cold Outreach,Data Analytics,Q4 2025,2025-10-22,Lost,3,2025-11-11,14900,
PROS-01583,REP-0055,Nova Technologies,1000-5000,Cold Outreach,Security Suite,Q1 2026,2026-02-23,Lost,3,2026-04-20,95200,
PROS-01584,REP-0007,Pulse Digital,201-1000,Website Inquiry,Cloud Storage,Q1 2026,2026-03-05,Lost,4,2026-03-21,13900,
PROS-01585,REP-0064,Quantum Group,201-1000,Referral,Cloud Compute,Q4 2025,2025-10-12,Dead,0,,16000,
PROS-01586,REP-0090,Apex Partners,1000-5000,Cold Outreach,AI Platform,Q4 2025,2025-12-13,Lost,4,2026-03-13,133600,
PROS-01587,REP-0104,Lattice Solutions,5000+,LinkedIn,Cloud Storage,Q1 2026,2026-01-20,Dead,0,,40600,
PROS-01588,REP-0109,Atlas Partners,51-200,Paid Marketing,AI Platform,Q1 2026,2026-03-16,Lost,2,2026-04-03,95100,
PROS-01589,REP-0011,Summit Digital,1-50,Website Inquiry,Cloud Storage,Q4 2025,2025-12-14,Lost,2,2026-01-03,6000,
PROS-01590,REP-0095,Pulse Technologies,51-200,Website Inquiry,Cloud Storage,Q4 2025,2025-10-22,Won,3,2025-11-11,10900,11500
PROS-01591,REP-0091,Nimbus Networks,1000-5000,Paid Marketing,AI Platform,Q1 2026,2026-02-05,Dead,1,,68600,
PROS-01592,REP-0077,Nova Technologies,1-50,Cold Outreach,Data Analytics,Q2 2026,2026-04-03,Lost,2,2026-04-24,12200,
PROS-01593,REP-0076,Quantum Systems,1-50,Paid Marketing,AI Platform,Q2 2026,2026-05-27,Dead,0,,54400,
PROS-01594,REP-0013,Vertex Dynamics,5000+,Paid Marketing,Data Analytics,Q2 2026,2026-04-08,Lost,2,2026-06-04,116100,
PROS-01595,REP-0025,Ridgeline Partners,201-1000,Website Inquiry,Cloud Compute,Q1 2026,2026-01-30,Lost,4,2026-02-26,37200,
PROS-01596,REP-0062,Apex Technologies,1-50,Paid Marketing,Cloud Storage,Q4 2025,2025-11-22,Lost,4,2025-11-30,5400,
PROS-01597,REP-0098,Summit Group,1000-5000,Paid Marketing,Security Suite,Q4 2025,2025-12-28,Lost,2,2026-02-06,135500,
PROS-01598,REP-0098,Horizon Works,201-1000,Website Inquiry,Data Analytics,Q1 2026,2026-01-30,Lost,4,2026-02-15,25300,
PROS-01599,REP-0011,Vertex Technologies,201-1000,Inbound Call,Cloud Compute,Q4 2025,2025-11-14,Dead,1,,21600,
PROS-01600,REP-0080,Vantage Group,51-200,LinkedIn,Security Suite,Q4 2025,2025-10-27,Lost,2,2025-12-05,21300,
PROS-01601,REP-0081,Cobalt Dynamics,51-200,Paid Marketing,Security Suite,Q2 2026,2026-05-28,Open,2,,22300,
PROS-01602,REP-0078,Atlas Labs,51-200,LinkedIn,Cloud Compute,Q2 2026,2026-05-08,Dead,0,,20700,
PROS-01603,REP-0088,Lattice Holdings,1-50,Inbound Call,AI Platform,Q2 2026,2026-05-17,Dead,0,,24700,
PROS-01604,REP-0066,Wavefront Networks,201-1000,Paid Marketing,Security Suite,Q4 2025,2025-11-16,Lost,3,2025-12-04,83500,
PROS-01605,REP-0099,Atlas Labs,201-1000,Conference,Cloud Compute,Q4 2025,2025-11-26,Lost,5,2026-01-14,53200,
PROS-01606,REP-0108,Ironclad Labs,51-200,Paid Marketing,Cloud Compute,Q1 2026,2026-01-28,Lost,2,2026-02-04,12800,
PROS-01607,REP-0051,Horizon Industries,1000-5000,Paid Marketing,Cloud Compute,Q4 2025,2025-11-03,Lost,3,2026-01-13,35000,
PROS-01608,REP-0005,Vantage Technologies,51-200,Cold Outreach,Security Suite,Q4 2025,2025-11-16,Dead,1,,52600,
PROS-01609,REP-0016,Sterling Partners,5000+,LinkedIn,Cloud Compute,Q4 2025,2025-10-12,Lost,3,2026-01-06,83700,
PROS-01610,REP-0073,Granite Systems,201-1000,LinkedIn,Data Analytics,Q2 2026,2026-06-09,Lost,2,2026-06-28,28900,
PROS-01611,REP-0005,Summit Dynamics,1-50,Cold Outreach,Cloud Compute,Q1 2026,2026-03-03,Dead,0,,15800,
PROS-01612,REP-0043,Ember Holdings,51-200,Website Inquiry,Cloud Storage,Q1 2026,2026-01-02,Dead,0,,13800,
PROS-01613,REP-0054,Catalyst Partners,201-1000,Cold Outreach,Cloud Compute,Q4 2025,2025-12-11,Dead,0,,37900,
PROS-01614,REP-0022,Sterling Systems,1000-5000,Paid Marketing,Cloud Storage,Q2 2026,2026-04-18,Lost,5,2026-05-23,15800,
PROS-01615,REP-0029,Granite Solutions,51-200,LinkedIn,Cloud Storage,Q2 2026,2026-05-18,Lost,3,2026-06-28,5900,
PROS-01616,REP-0014,Ember Labs,201-1000,Conference,AI Platform,Q2 2026,2026-06-19,Dead,0,,97500,
PROS-01617,REP-0086,Beacon Group,1000-5000,LinkedIn,Cloud Compute,Q4 2025,2025-12-29,Lost,4,2026-02-16,32200,
PROS-01618,REP-0033,Ridgeline Industries,5000+,LinkedIn,AI Platform,Q1 2026,2026-03-14,Won,6,2026-04-15,156200,187200
PROS-01619,REP-0094,Nimbus Networks,1-50,Inbound Call,Security Suite,Q2 2026,2026-06-16,Open,1,,17600,
PROS-01620,REP-0043,Anchor Systems,201-1000,LinkedIn,Security Suite,Q2 2026,2026-05-19,Dead,0,,80800,
PROS-01621,REP-0046,Vantage Networks,201-1000,Cold Outreach,Cloud Storage,Q4 2025,2025-11-23,Won,5,2026-01-09,20200,23000
PROS-01622,REP-0021,Solace Digital,1-50,Inbound Call,Cloud Compute,Q4 2025,2025-11-04,Lost,5,2025-11-12,7400,
PROS-01623,REP-0012,Cobalt Solutions,1-50,Paid Marketing,Security Suite,Q4 2025,2025-12-02,Won,3,2025-12-23,41600,45300
PROS-01624,REP-0007,Orbit Dynamics,201-1000,Website Inquiry,AI Platform,Q1 2026,2026-01-31,Lost,4,2026-02-27,128700,
PROS-01625,REP-0103,Fusion Technologies,1-50,Paid Marketing,Data Analytics,Q4 2025,2025-11-29,Lost,4,2025-12-20,12300,
PROS-01626,REP-0108,Helix Digital,51-200,Cold Outreach,Data Analytics,Q1 2026,2026-03-03,Lost,2,2026-03-14,38200,
PROS-01627,REP-0003,Solace Technologies,1-50,LinkedIn,AI Platform,Q1 2026,2026-02-04,Lost,4,2026-02-22,34700,
PROS-01628,REP-0036,Horizon Labs,1000-5000,LinkedIn,Cloud Compute,Q2 2026,2026-05-20,Lost,3,2026-06-28,43200,
PROS-01629,REP-0003,Wavefront Works,1-50,Paid Marketing,Data Analytics,Q2 2026,2026-04-06,Lost,3,2026-04-15,22500,
PROS-01630,REP-0015,Helix Networks,1-50,Paid Marketing,AI Platform,Q1 2026,2026-02-03,Lost,5,2026-02-14,29400,
PROS-01631,REP-0021,Granite Group,51-200,Website Inquiry,Security Suite,Q1 2026,2026-01-01,Dead,0,,33700,
PROS-01632,REP-0015,Atlas Digital,1-50,Referral,Cloud Storage,Q2 2026,2026-04-12,Won,3,2026-04-30,8500,10000
PROS-01633,REP-0057,Solace Systems,1000-5000,Website Inquiry,AI Platform,Q1 2026,2026-03-13,Lost,5,2026-06-11,91200,
PROS-01634,REP-0076,Vantage Partners,1-50,Paid Marketing,Cloud Compute,Q4 2025,2025-11-06,Dead,0,,13100,
PROS-01635,REP-0094,Vertex Holdings,51-200,Conference,Cloud Compute,Q4 2025,2025-12-12,Won,4,2025-12-30,13300,14300
PROS-01636,REP-0069,Ridgeline Industries,1000-5000,Referral,Cloud Compute,Q2 2026,2026-06-03,Open,1,,38900,
PROS-01637,REP-0011,Beacon Solutions,1-50,Paid Marketing,AI Platform,Q1 2026,2026-01-22,Lost,2,2026-02-12,34300,
PROS-01638,REP-0003,Summit Solutions,1-50,Paid Marketing,Cloud Compute,Q4 2025,2025-11-02,Lost,2,2025-11-23,16000,
PROS-01639,REP-0023,Nova Technologies,1000-5000,Cold Outreach,Cloud Storage,Q2 2026,2026-05-27,Open,0,,11900,
PROS-01640,REP-0082,Helix Works,51-200,LinkedIn,Cloud Compute,Q2 2026,2026-06-20,Open,2,,17000,
PROS-01641,REP-0074,Granite Networks,51-200,LinkedIn,Data Analytics,Q1 2026,2026-03-17,Lost,4,2026-05-05,29000,
PROS-01642,REP-0086,Pulse Systems,51-200,Referral,Cloud Storage,Q1 2026,2026-01-19,Won,4,2026-02-18,6700,7500
PROS-01643,REP-0044,Apex Group,1-50,Website Inquiry,Security Suite,Q1 2026,2026-02-24,Lost,5,2026-03-07,35000,
PROS-01644,REP-0013,Solace Solutions,5000+,Website Inquiry,Data Analytics,Q4 2025,2025-10-10,Lost,4,2025-12-10,79500,
PROS-01645,REP-0107,Vertex Technologies,201-1000,Cold Outreach,Cloud Compute,Q4 2025,2025-11-21,Dead,1,,37500,
PROS-01646,REP-0081,Wavefront Networks,1-50,Conference,Cloud Storage,Q1 2026,2026-01-05,Dead,0,,6100,
PROS-01647,REP-0094,Vertex Networks,51-200,Inbound Call,Cloud Compute,Q4 2025,2025-12-19,Dead,0,,20400,
PROS-01648,REP-0037,Horizon Digital,1000-5000,Inbound Call,Cloud Storage,Q4 2025,2025-11-22,Dead,1,,39600,
PROS-01649,REP-0072,Zenith Technologies,1000-5000,Paid Marketing,Cloud Compute,Q1 2026,2026-02-17,Lost,5,2026-03-24,34500,
PROS-01650,REP-0054,Ridgeline Systems,201-1000,LinkedIn,AI Platform,Q4 2025,2025-12-05,Won,6,2026-01-18,86900,80700
PROS-01651,REP-0037,Beacon Holdings,201-1000,Cold Outreach,Cloud Compute,Q1 2026,2026-03-29,Lost,5,2026-04-28,20200,
PROS-01652,REP-0053,Summit Systems,1-50,Inbound Call,Security Suite,Q2 2026,2026-05-15,Lost,5,2026-06-03,17400,
PROS-01653,REP-0042,Solace Labs,201-1000,Website Inquiry,Data Analytics,Q2 2026,2026-04-12,Lost,5,2026-04-30,38200,
PROS-01654,REP-0015,Catalyst Labs,51-200,Conference,AI Platform,Q2 2026,2026-04-21,Won,2,2026-05-12,45600,46700
PROS-01655,REP-0024,Vertex Industries,201-1000,Conference,Security Suite,Q4 2025,2025-11-30,Dead,0,,43600,
PROS-01656,REP-0003,Redshift Systems,51-200,Cold Outreach,AI Platform,Q1 2026,2026-01-24,Lost,4,2026-02-11,56800,
PROS-01657,REP-0090,Horizon Digital,1000-5000,Referral,Cloud Compute,Q4 2025,2025-12-10,Lost,2,2026-01-28,33100,
PROS-01658,REP-0024,Helix Works,1-50,Inbound Call,Cloud Storage,Q4 2025,2025-10-15,Lost,5,2025-10-22,5600,
PROS-01659,REP-0042,Drift Technologies,51-200,LinkedIn,AI Platform,Q1 2026,2026-02-07,Lost,2,2026-02-27,91100,
PROS-01660,REP-0077,Apex Digital,201-1000,LinkedIn,Data Analytics,Q1 2026,2026-01-23,Lost,3,2026-02-09,33200,
PROS-01661,REP-0042,Orbit Partners,1-50,LinkedIn,Cloud Compute,Q2 2026,2026-06-18,Open,0,,15200,
PROS-01662,REP-0069,Ember Partners,1000-5000,Paid Marketing,Cloud Compute,Q2 2026,2026-06-21,Lost,2,2026-06-27,56000,
PROS-01663,REP-0028,Meridian Solutions,201-1000,Paid Marketing,Data Analytics,Q2 2026,2026-05-08,Lost,3,2026-05-28,25700,
PROS-01664,REP-0044,Catalyst Networks,51-200,Paid Marketing,Cloud Storage,Q1 2026,2026-02-23,Lost,3,2026-03-12,12300,
PROS-01665,REP-0032,Lattice Labs,1000-5000,LinkedIn,AI Platform,Q4 2025,2025-10-18,Won,6,2025-12-22,158200,158700
PROS-01666,REP-0032,Cobalt Works,1000-5000,Website Inquiry,AI Platform,Q1 2026,2026-03-01,Lost,5,2026-04-23,123700,
PROS-01667,REP-0093,Drift Systems,51-200,Website Inquiry,Cloud Compute,Q2 2026,2026-05-09,Dead,0,,18500,
PROS-01668,REP-0096,Sterling Systems,1-50,LinkedIn,Data Analytics,Q1 2026,2026-02-19,Dead,0,,17800,
PROS-01669,REP-0006,Nimbus Digital,5000+,Paid Marketing,Cloud Storage,Q2 2026,2026-05-25,Lost,3,2026-06-30,33500,
PROS-01670,REP-0067,Meridian Solutions,1000-5000,Paid Marketing,Cloud Storage,Q4 2025,2025-10-31,Lost,4,2025-12-09,21000,
PROS-01671,REP-0073,Orbit Dynamics,201-1000,LinkedIn,AI Platform,Q2 2026,2026-06-04,Open,3,,39500,
PROS-01672,REP-0017,Horizon Group,201-1000,Conference,Cloud Compute,Q2 2026,2026-06-14,Open,0,,24600,
PROS-01673,REP-0081,Solace Technologies,201-1000,LinkedIn,Cloud Compute,Q4 2025,2025-10-28,Won,2,2025-11-18,16900,15900
PROS-01674,REP-0001,Ironclad Technologies,1000-5000,Cold Outreach,AI Platform,Q2 2026,2026-06-26,Open,0,,278500,
PROS-01675,REP-0040,Zenith Partners,201-1000,Cold Outreach,Data Analytics,Q4 2025,2025-10-20,Lost,5,2025-11-16,32300,
PROS-01676,REP-0081,Ironclad Systems,51-200,Cold Outreach,AI Platform,Q2 2026,2026-04-30,Dead,0,,31500,
PROS-01677,REP-0066,Atlas Industries,201-1000,Inbound Call,AI Platform,Q2 2026,2026-06-20,Lost,5,2026-06-27,42400,
PROS-01678,REP-0011,Orbit Solutions,1-50,Inbound Call,Data Analytics,Q2 2026,2026-05-30,Dead,1,,18000,
PROS-01679,REP-0051,Granite Holdings,1000-5000,Website Inquiry,AI Platform,Q4 2025,2025-11-04,Dead,0,,148800,
PROS-01680,REP-0025,Ridgeline Holdings,201-1000,Referral,Cloud Compute,Q4 2025,2025-12-07,Dead,1,,35000,
PROS-01681,REP-0039,Wavefront Technologies,5000+,LinkedIn,AI Platform,Q2 2026,2026-05-25,Dead,1,,172900,
PROS-01682,REP-0106,Ironclad Works,51-200,Paid Marketing,Security Suite,Q4 2025,2025-11-14,Lost,5,2025-12-31,31900,
PROS-01683,REP-0075,Summit Technologies,201-1000,Cold Outreach,Cloud Storage,Q2 2026,2026-06-23,Lost,5,2026-06-28,19900,
PROS-01684,REP-0049,Anchor Partners,201-1000,Paid Marketing,Cloud Storage,Q1 2026,2026-02-10,Dead,0,,16400,
PROS-01685,REP-0086,Ridgeline Dynamics,201-1000,Cold Outreach,Data Analytics,Q4 2025,2025-10-02,Lost,2,2025-11-14,57300,
PROS-01686,REP-0019,Lattice Group,201-1000,Referral,Security Suite,Q2 2026,2026-04-18,Dead,0,,54900,
PROS-01687,REP-0029,Atlas Holdings,1000-5000,Inbound Call,Cloud Storage,Q1 2026,2026-03-20,Dead,0,,15100,
PROS-01688,REP-0065,Pulse Works,201-1000,Cold Outreach,AI Platform,Q2 2026,2026-05-16,Dead,0,,140400,
PROS-01689,REP-0019,Ridgeline Networks,1000-5000,Paid Marketing,Data Analytics,Q1 2026,2026-03-28,Lost,4,2026-05-15,64200,
PROS-01690,REP-0014,Drift Digital,1000-5000,Paid Marketing,Data Analytics,Q2 2026,2026-05-06,Dead,0,,65100,
PROS-01691,REP-0068,Wavefront Technologies,201-1000,Paid Marketing,Cloud Compute,Q4 2025,2025-10-29,Dead,0,,33500,
PROS-01692,REP-0105,Orbit Works,51-200,Inbound Call,Data Analytics,Q2 2026,2026-06-12,Open,2,,37500,
PROS-01693,REP-0040,Wavefront Group,201-1000,Cold Outreach,Data Analytics,Q1 2026,2026-02-11,Dead,0,,20700,
PROS-01694,REP-0005,Granite Systems,1-50,Paid Marketing,Cloud Compute,Q4 2025,2025-12-24,Dead,0,,13900,
PROS-01695,REP-0005,Nimbus Networks,1-50,LinkedIn,Security Suite,Q1 2026,2026-03-09,Lost,4,2026-03-30,16000,
PROS-01696,REP-0102,Northgate Group,51-200,LinkedIn,Cloud Compute,Q1 2026,2026-03-05,Dead,1,,18700,
PROS-01697,REP-0092,Meridian Group,1000-5000,Inbound Call,Cloud Compute,Q4 2025,2025-10-05,Lost,3,2025-12-25,41500,
PROS-01698,REP-0106,Fusion Partners,1000-5000,LinkedIn,Cloud Storage,Q4 2025,2025-10-22,Dead,0,,23700,
PROS-01699,REP-0107,Summit Digital,201-1000,LinkedIn,Cloud Storage,Q1 2026,2026-03-19,Dead,1,,11500,
PROS-01700,REP-0076,Wavefront Dynamics,51-200,Cold Outreach,AI Platform,Q4 2025,2025-10-09,Dead,2,,85000,
PROS-01701,REP-0069,Sterling Partners,201-1000,LinkedIn,Cloud Storage,Q4 2025,2025-12-18,Dead,1,,14300,
PROS-01702,REP-0081,Lattice Labs,51-200,Website Inquiry,Cloud Storage,Q4 2025,2025-10-12,Dead,0,,11200,
PROS-01703,REP-0080,Apex Holdings,201-1000,Inbound Call,Cloud Storage,Q4 2025,2025-10-20,Dead,2,,10200,
PROS-01704,REP-0042,Pulse Digital,201-1000,Cold Outreach,Cloud Storage,Q4 2025,2025-11-05,Dead,0,,14300,
PROS-01705,REP-0102,Cobalt Labs,51-200,Paid Marketing,Cloud Storage,Q1 2026,2026-02-07,Dead,0,,5600,
PROS-01706,REP-0045,Redshift Systems,201-1000,Website Inquiry,Security Suite,Q4 2025,2025-12-18,Lost,4,2026-02-21,87000,
PROS-01707,REP-0089,Fusion Works,51-200,Inbound Call,Cloud Storage,Q2 2026,2026-05-11,Lost,2,2026-06-03,8100,
PROS-01708,REP-0084,Northgate Group,201-1000,Cold Outreach,Cloud Storage,Q2 2026,2026-04-19,Dead,0,,13800,
PROS-01709,REP-0040,Pulse Systems,1000-5000,Conference,Data Analytics,Q4 2025,2025-11-03,Dead,0,,85000,
PROS-01710,REP-0029,Pulse Group,51-200,Cold Outreach,Cloud Compute,Q1 2026,2026-01-02,Lost,3,2026-01-20,23400,
PROS-01711,REP-0056,Zenith Networks,1-50,LinkedIn,Cloud Compute,Q4 2025,2025-11-17,Dead,0,,6300,
PROS-01712,REP-0055,Vertex Systems,1000-5000,LinkedIn,Security Suite,Q1 2026,2026-02-02,Lost,4,2026-03-19,40900,
PROS-01713,REP-0085,Anchor Group,5000+,LinkedIn,Security Suite,Q2 2026,2026-06-12,Open,1,,107200,
PROS-01714,REP-0103,Helix Group,1-50,Website Inquiry,Security Suite,Q2 2026,2026-06-08,Open,1,,14900,
PROS-01715,REP-0034,Summit Networks,51-200,Cold Outreach,Cloud Storage,Q4 2025,2025-12-17,Dead,0,,6200,
PROS-01716,REP-0046,Lattice Digital,1000-5000,Paid Marketing,AI Platform,Q2 2026,2026-06-06,Open,1,,197800,
PROS-01717,REP-0011,Vantage Group,1-50,Conference,Security Suite,Q2 2026,2026-05-28,Open,1,,34200,
PROS-01718,REP-0069,Quantum Group,201-1000,Conference,Cloud Compute,Q2 2026,2026-04-05,Dead,2,,33800,
PROS-01719,REP-0074,Pulse Group,201-1000,Website Inquiry,Cloud Compute,Q4 2025,2025-10-01,Lost,4,2025-10-20,27900,
PROS-01720,REP-0015,Apex Systems,51-200,Paid Marketing,Security Suite,Q4 2025,2025-10-12,Dead,1,,38200,
PROS-01721,REP-0062,Orbit Technologies,201-1000,Conference,Cloud Compute,Q2 2026,2026-04-23,Lost,4,2026-05-15,24400,
PROS-01722,REP-0062,Wavefront Systems,1-50,Website Inquiry,Cloud Compute,Q2 2026,2026-05-29,Open,2,,13400,
PROS-01723,REP-0064,Ridgeline Networks,51-200,Conference,AI Platform,Q4 2025,2025-12-11,Dead,0,,45900,
PROS-01724,REP-0024,Lattice Works,201-1000,Paid Marketing,AI Platform,Q1 2026,2026-01-14,Dead,0,,100400,
PROS-01725,REP-0049,Horizon Partners,201-1000,LinkedIn,Security Suite,Q4 2025,2025-11-10,Dead,0,,48400,
PROS-01726,REP-0088,Sterling Digital,1-50,LinkedIn,Cloud Compute,Q4 2025,2025-11-30,Lost,5,2025-12-09,14300,
PROS-01727,REP-0082,Ridgeline Industries,201-1000,Website Inquiry,Cloud Storage,Q2 2026,2026-05-16,Dead,0,,15600,
PROS-01728,REP-0109,Quantum Digital,51-200,Cold Outreach,Security Suite,Q2 2026,2026-05-04,Lost,4,2026-05-25,76800,
PROS-01729,REP-0021,Ember Technologies,1-50,Paid Marketing,Data Analytics,Q4 2025,2025-11-01,Won,2,2025-11-15,6600,6800
PROS-01730,REP-0088,Summit Networks,1-50,Paid Marketing,Cloud Compute,Q2 2026,2026-04-01,Lost,3,2026-04-22,15000,
PROS-01731,REP-0002,Sterling Dynamics,1000-5000,Website Inquiry,Security Suite,Q2 2026,2026-06-25,Open,0,,87000,
PROS-01732,REP-0089,Nimbus Works,1-50,Inbound Call,Cloud Storage,Q1 2026,2026-01-24,Lost,3,2026-01-31,5900,
PROS-01733,REP-0029,Orbit Partners,1000-5000,LinkedIn,Security Suite,Q1 2026,2026-01-09,Won,6,2026-01-29,54400,61700
PROS-01734,REP-0012,Summit Labs,201-1000,Paid Marketing,Cloud Compute,Q4 2025,2025-12-04,Lost,4,2025-12-25,41200,
PROS-01735,REP-0023,Northgate Solutions,1000-5000,Cold Outreach,Security Suite,Q2 2026,2026-04-11,Won,7,2026-06-27,99800,87500
PROS-01736,REP-0004,Zenith Partners,1-50,LinkedIn,Data Analytics,Q2 2026,2026-05-03,Won,4,2026-05-19,24100,20600
PROS-01737,REP-0075,Atlas Group,1000-5000,Cold Outreach,AI Platform,Q2 2026,2026-04-07,Dead,1,,90100,
PROS-01738,REP-0072,Helix Holdings,201-1000,Cold Outreach,AI Platform,Q2 2026,2026-05-31,Open,1,,51000,
PROS-01739,REP-0102,Quantum Industries,51-200,Paid Marketing,Cloud Storage,Q1 2026,2026-01-12,Lost,4,2026-01-31,11600,
PROS-01740,REP-0025,Vertex Works,201-1000,Paid Marketing,Data Analytics,Q1 2026,2026-02-03,Lost,5,2026-03-24,42300,
PROS-01741,REP-0001,Ridgeline Partners,201-1000,Website Inquiry,Cloud Storage,Q1 2026,2026-01-11,Lost,2,2026-02-18,16800,
PROS-01742,REP-0106,Vertex Industries,201-1000,Website Inquiry,AI Platform,Q2 2026,2026-05-14,Dead,0,,108300,
PROS-01743,REP-0096,Granite Technologies,51-200,Cold Outreach,Cloud Compute,Q2 2026,2026-04-29,Dead,0,,16000,
PROS-01744,REP-0042,Northgate Digital,51-200,Paid Marketing,Cloud Storage,Q4 2025,2025-12-18,Won,2,2026-01-12,8300,7500
PROS-01745,REP-0034,Zenith Holdings,201-1000,Referral,AI Platform,Q2 2026,2026-06-08,Open,1,,79700,
PROS-01746,REP-0062,Ember Digital,1-50,Paid Marketing,AI Platform,Q2 2026,2026-04-11,Lost,5,2026-05-01,26800,
PROS-01747,REP-0096,Nimbus Labs,1-50,Paid Marketing,AI Platform,Q2 2026,2026-04-24,Dead,0,,52500,
PROS-01748,REP-0106,Nimbus Systems,1000-5000,Paid Marketing,Cloud Compute,Q1 2026,2026-03-09,Lost,3,2026-03-26,31800,
PROS-01749,REP-0004,Atlas Networks,1-50,Paid Marketing,Security Suite,Q1 2026,2026-01-18,Lost,3,2026-02-05,22900,
PROS-01750,REP-0102,Granite Partners,1-50,Website Inquiry,Cloud Compute,Q4 2025,2025-11-29,Dead,0,,11000,
PROS-01751,REP-0096,Northgate Dynamics,1-50,Website Inquiry,Cloud Storage,Q2 2026,2026-05-30,Open,1,,4000,
PROS-01752,REP-0021,Solace Holdings,201-1000,LinkedIn,Data Analytics,Q4 2025,2025-11-06,Dead,1,,43900,
PROS-01753,REP-0020,Catalyst Systems,1000-5000,Website Inquiry,AI Platform,Q2 2026,2026-06-20,Won,6,2026-06-30,196400,169300
PROS-01754,REP-0091,Northgate Group,201-1000,Cold Outreach,Security Suite,Q4 2025,2025-12-02,Dead,0,,32400,
PROS-01755,REP-0044,Quantum Technologies,51-200,Paid Marketing,Data Analytics,Q4 2025,2025-10-27,Lost,3,2025-11-15,15600,
PROS-01756,REP-0092,Nova Holdings,1000-5000,Cold Outreach,AI Platform,Q2 2026,2026-05-30,Open,0,,123300,
PROS-01757,REP-0068,Anchor Systems,1000-5000,Conference,Data Analytics,Q2 2026,2026-05-22,Lost,3,2026-06-30,69300,
PROS-01758,REP-0024,Meridian Systems,201-1000,Paid Marketing,Data Analytics,Q1 2026,2026-02-05,Lost,4,2026-02-12,47700,
PROS-01759,REP-0044,Atlas Dynamics,51-200,Conference,Cloud Storage,Q2 2026,2026-06-25,Open,1,,10300,
PROS-01760,REP-0035,Orbit Dynamics,1000-5000,Conference,Cloud Compute,Q1 2026,2026-03-16,Won,6,2026-05-04,42900,38500
PROS-01761,REP-0038,Ember Networks,201-1000,Inbound Call,Cloud Storage,Q4 2025,2025-10-30,Won,4,2025-12-16,9900,8900
PROS-01762,REP-0034,Meridian Systems,1000-5000,Cold Outreach,Security Suite,Q1 2026,2026-01-02,Lost,5,2026-02-06,51300,
PROS-01763,REP-0004,Summit Partners,1-50,LinkedIn,Data Analytics,Q1 2026,2026-03-25,Won,2,2026-04-03,9400,8200
PROS-01764,REP-0062,Atlas Holdings,1-50,Paid Marketing,Cloud Compute,Q4 2025,2025-11-24,Lost,5,2025-12-10,14000,
PROS-01765,REP-0087,Pulse Partners,201-1000,Paid Marketing,Data Analytics,Q2 2026,2026-05-07,Lost,5,2026-06-24,34400,
PROS-01766,REP-0019,Anchor Systems,1000-5000,Inbound Call,Security Suite,Q4 2025,2025-12-27,Lost,2,2026-01-24,141700,
PROS-01767,REP-0070,Solace Systems,201-1000,Cold Outreach,Cloud Compute,Q4 2025,2025-10-27,Won,5,2025-11-29,36800,43600
PROS-01768,REP-0023,Vertex Group,1000-5000,Paid Marketing,Cloud Storage,Q1 2026,2026-01-10,Lost,2,2026-02-17,27300,
PROS-01769,REP-0022,Sterling Digital,201-1000,Inbound Call,Data Analytics,Q4 2025,2025-10-14,Dead,0,,47800,
PROS-01770,REP-0035,Nimbus Group,201-1000,Website Inquiry,Cloud Storage,Q2 2026,2026-04-25,Lost,4,2026-06-16,15300,
PROS-01771,REP-0062,Redshift Networks,1-50,Inbound Call,Cloud Compute,Q2 2026,2026-06-01,Lost,4,2026-06-10,14400,
PROS-01772,REP-0034,Catalyst Dynamics,51-200,Paid Marketing,Data Analytics,Q2 2026,2026-06-21,Lost,5,2026-06-28,20000,
PROS-01773,REP-0106,Helix Networks,51-200,LinkedIn,Cloud Compute,Q2 2026,2026-04-06,Lost,4,2026-05-26,13900,
PROS-01774,REP-0068,Ironclad Networks,201-1000,Inbound Call,Cloud Compute,Q4 2025,2025-11-07,Lost,4,2025-12-14,30400,
PROS-01775,REP-0024,Drift Works,51-200,Website Inquiry,AI Platform,Q1 2026,2026-03-27,Lost,3,2026-04-13,73800,
PROS-01776,REP-0005,Ember Technologies,1-50,Paid Marketing,AI Platform,Q4 2025,2025-11-21,Dead,0,,33900,
PROS-01777,REP-0028,Summit Digital,51-200,Inbound Call,Cloud Compute,Q4 2025,2025-11-06,Won,3,2025-11-29,20200,19700
PROS-01778,REP-0029,Lattice Partners,1000-5000,Conference,Cloud Storage,Q4 2025,2025-11-10,Won,6,2025-12-18,9900,10500
PROS-01779,REP-0056,Nimbus Dynamics,201-1000,Paid Marketing,Cloud Storage,Q2 2026,2026-06-20,Dead,0,,11400,
PROS-01780,REP-0037,Pulse Dynamics,201-1000,Conference,AI Platform,Q2 2026,2026-05-15,Won,3,2026-06-11,141300,156700
PROS-01781,REP-0066,Anchor Solutions,201-1000,Paid Marketing,Cloud Compute,Q2 2026,2026-05-18,Lost,5,2026-06-10,33700,
PROS-01782,REP-0044,Summit Partners,1-50,Paid Marketing,Data Analytics,Q4 2025,2025-10-17,Lost,3,2025-11-08,21300,
PROS-01783,REP-0005,Summit Networks,51-200,Paid Marketing,Data Analytics,Q4 2025,2025-12-21,Won,2,2026-01-14,33000,35300
PROS-01784,REP-0066,Summit Systems,201-1000,Website Inquiry,Cloud Storage,Q4 2025,2025-10-24,Dead,0,,16200,
PROS-01785,REP-0051,Granite Group,1000-5000,Website Inquiry,Cloud Storage,Q2 2026,2026-04-01,Dead,0,,12200,
PROS-01786,REP-0076,Nimbus Works,1-50,Referral,Cloud Compute,Q1 2026,2026-03-14,Won,3,2026-04-01,9700,10600
PROS-01787,REP-0048,Atlas Group,1000-5000,LinkedIn,AI Platform,Q2 2026,2026-05-05,Lost,5,2026-06-27,193000,
PROS-01788,REP-0069,Apex Works,201-1000,Website Inquiry,Security Suite,Q4 2025,2025-11-30,Won,6,2025-12-31,64300,71700
PROS-01789,REP-0085,Pulse Group,5000+,Paid Marketing,Cloud Compute,Q4 2025,2025-10-16,Lost,2,2025-12-10,74200,
PROS-01790,REP-0096,Northgate Holdings,1-50,Inbound Call,Cloud Compute,Q4 2025,2025-12-08,Lost,5,2025-12-23,13500,
PROS-01791,REP-0012,Cobalt Partners,1-50,Inbound Call,AI Platform,Q1 2026,2026-01-15,Dead,0,,47000,
PROS-01792,REP-0031,Vertex Solutions,1000-5000,Cold Outreach,Security Suite,Q1 2026,2026-03-26,Dead,0,,46700,
PROS-01793,REP-0076,Nimbus Works,1-50,Cold Outreach,Cloud Compute,Q2 2026,2026-04-01,Lost,3,2026-04-08,15500,
PROS-01794,REP-0001,Ridgeline Works,1000-5000,Website Inquiry,AI Platform,Q2 2026,2026-05-31,Open,0,,164900,
PROS-01795,REP-0026,Summit Networks,201-1000,Website Inquiry,AI Platform,Q2 2026,2026-06-08,Dead,1,,114700,
PROS-01796,REP-0057,Atlas Systems,1000-5000,Website Inquiry,Security Suite,Q4 2025,2025-10-30,Lost,4,2025-12-28,104400,
PROS-01797,REP-0009,Sterling Works,1000-5000,Cold Outreach,AI Platform,Q2 2026,2026-04-18,Dead,0,,110900,
PROS-01798,REP-0086,Meridian Digital,51-200,Website Inquiry,Data Analytics,Q2 2026,2026-05-06,Lost,5,2026-06-03,22000,
PROS-01799,REP-0096,Sterling Networks,51-200,Inbound Call,AI Platform,Q2 2026,2026-06-20,Open,1,,62900,
PROS-01800,REP-0083,Summit Solutions,201-1000,Website Inquiry,Data Analytics,Q1 2026,2026-01-11,Dead,1,,49100,
PROS-01801,REP-0041,Ironclad Works,51-200,Paid Marketing,Cloud Compute,Q1 2026,2026-03-09,Dead,0,,34300,
PROS-01802,REP-0013,Sterling Labs,1000-5000,Paid Marketing,Cloud Storage,Q4 2025,2025-11-29,Lost,5,2026-01-30,20100,
PROS-01803,REP-0029,Nova Industries,1000-5000,Paid Marketing,Security Suite,Q2 2026,2026-04-13,Lost,2,2026-05-19,72500,
PROS-01804,REP-0076,Atlas Works,1-50,Cold Outreach,Cloud Storage,Q1 2026,2026-03-29,Lost,3,2026-04-16,7100,
PROS-01805,REP-0023,Ironclad Industries,1000-5000,Cold Outreach,Cloud Compute,Q2 2026,2026-06-20,Open,1,,35000,
PROS-01806,REP-0016,Horizon Works,5000+,Paid Marketing,AI Platform,Q2 2026,2026-05-14,Lost,5,2026-06-21,374200,
PROS-01807,REP-0019,Horizon Solutions,51-200,Cold Outreach,Data Analytics,Q2 2026,2026-04-18,Lost,4,2026-05-16,39700,
PROS-01808,REP-0088,Zenith Labs,1-50,Conference,Security Suite,Q2 2026,2026-05-19,Won,4,2026-06-05,25600,22900
PROS-01809,REP-0028,Fusion Dynamics,51-200,Cold Outreach,AI Platform,Q4 2025,2025-12-21,Won,3,2025-12-30,68600,67600
PROS-01810,REP-0043,Orbit Industries,201-1000,Cold Outreach,AI Platform,Q2 2026,2026-06-03,Open,0,,92000,
PROS-01811,REP-0103,Orbit Works,1-50,Website Inquiry,Data Analytics,Q2 2026,2026-05-24,Lost,5,2026-06-09,22200,
PROS-01812,REP-0069,Nimbus Labs,201-1000,Website Inquiry,Cloud Compute,Q4 2025,2025-12-09,Dead,0,,19700,
PROS-01813,REP-0037,Wavefront Partners,51-200,Inbound Call,AI Platform,Q4 2025,2025-12-11,Dead,0,,49000,
PROS-01814,REP-0007,Ember Technologies,201-1000,LinkedIn,Cloud Storage,Q4 2025,2025-12-07,Lost,4,2025-12-25,19200,
PROS-01815,REP-0065,Anchor Digital,201-1000,Cold Outreach,Data Analytics,Q1 2026,2026-01-14,Lost,3,2026-03-04,27900,
PROS-01816,REP-0027,Apex Industries,5000+,Paid Marketing,Cloud Compute,Q4 2025,2025-12-25,Lost,5,2026-02-18,56900,
PROS-01817,REP-0100,Catalyst Labs,201-1000,LinkedIn,AI Platform,Q4 2025,2025-10-16,Dead,0,,41600,
PROS-01818,REP-0085,Nimbus Partners,1000-5000,Website Inquiry,Cloud Compute,Q2 2026,2026-04-08,Lost,4,2026-06-18,48900,
PROS-01819,REP-0052,Ironclad Solutions,201-1000,Cold Outreach,Cloud Storage,Q1 2026,2026-01-14,Dead,1,,15800,
PROS-01820,REP-0040,Granite Works,201-1000,Inbound Call,AI Platform,Q2 2026,2026-05-11,Won,4,2026-05-29,114300,109800
PROS-01821,REP-0088,Redshift Technologies,51-200,Cold Outreach,AI Platform,Q1 2026,2026-03-10,Dead,0,,48600,
PROS-01822,REP-0089,Anchor Group,201-1000,LinkedIn,AI Platform,Q1 2026,2026-02-01,Lost,3,2026-02-21,51000,
PROS-01823,REP-0060,Meridian Holdings,5000+,Website Inquiry,Security Suite,Q2 2026,2026-05-23,Won,6,2026-06-28,155900,160200
PROS-01824,REP-0058,Wavefront Dynamics,5000+,Paid Marketing,Security Suite,Q4 2025,2025-12-23,Lost,3,2026-02-02,248800,
PROS-01825,REP-0066,Anchor Industries,201-1000,Cold Outreach,Security Suite,Q1 2026,2026-02-26,Lost,3,2026-04-09,57100,
PROS-01826,REP-0063,Atlas Works,51-200,Inbound Call,Data Analytics,Q2 2026,2026-05-23,Lost,4,2026-06-05,25300,
PROS-01827,REP-0052,Zenith Group,5000+,LinkedIn,Cloud Compute,Q4 2025,2025-11-10,Dead,0,,78500,
PROS-01828,REP-0058,Ember Technologies,5000+,Inbound Call,Cloud Compute,Q1 2026,2026-02-02,Lost,4,2026-03-25,74200,
PROS-01829,REP-0050,Fusion Systems,1000-5000,LinkedIn,AI Platform,Q1 2026,2026-01-02,Won,5,2026-02-24,74300,82200
PROS-01830,REP-0090,Fusion Systems,5000+,Conference,Data Analytics,Q1 2026,2026-03-24,Lost,3,2026-05-21,148000,
PROS-01831,REP-0005,Solace Works,1-50,Conference,Data Analytics,Q4 2025,2025-11-08,Lost,4,2025-11-16,16100,
PROS-01832,REP-0076,Meridian Solutions,1-50,Cold Outreach,AI Platform,Q2 2026,2026-05-05,Lost,4,2026-05-26,43000,
PROS-01833,REP-0019,Anchor Dynamics,1000-5000,Paid Marketing,AI Platform,Q2 2026,2026-04-26,Lost,3,2026-06-09,123000,
PROS-01834,REP-0026,Nimbus Systems,201-1000,Website Inquiry,Cloud Compute,Q2 2026,2026-06-23,Open,1,,44200,
PROS-01835,REP-0083,Atlas Works,201-1000,Inbound Call,AI Platform,Q4 2025,2025-12-18,Lost,3,2026-01-22,107700,
PROS-01836,REP-0032,Northgate Solutions,1000-5000,Website Inquiry,Cloud Storage,Q1 2026,2026-03-20,Dead,0,,28100,
PROS-01837,REP-0004,Ironclad Dynamics,201-1000,Paid Marketing,AI Platform,Q1 2026,2026-03-14,Lost,4,2026-03-29,143600,
PROS-01838,REP-0094,Cobalt Labs,1-50,LinkedIn,AI Platform,Q2 2026,2026-05-24,Won,2,2026-06-03,22300,24300
PROS-01839,REP-0106,Ember Holdings,201-1000,Cold Outreach,Cloud Storage,Q4 2025,2025-10-07,Lost,4,2025-11-22,11300,
PROS-01840,REP-0055,Ridgeline Systems,1000-5000,Cold Outreach,AI Platform,Q1 2026,2026-01-17,Lost,2,2026-04-14,97500,
PROS-01841,REP-0025,Horizon Labs,201-1000,Inbound Call,Cloud Compute,Q2 2026,2026-06-01,Open,0,,26300,
PROS-01842,REP-0049,Atlas Dynamics,51-200,LinkedIn,Data Analytics,Q1 2026,2026-03-25,Dead,0,,14400,
PROS-01843,REP-0065,Vertex Holdings,201-1000,Cold Outreach,AI Platform,Q1 2026,2026-02-03,Dead,0,,113900,
PROS-01844,REP-0060,Wavefront Labs,1000-5000,Website Inquiry,Data Analytics,Q4 2025,2025-10-17,Dead,0,,96100,
PROS-01845,REP-0039,Redshift Digital,5000+,Cold Outreach,Data Analytics,Q2 2026,2026-05-08,Won,8,2026-06-08,158500,151900
PROS-01846,REP-0049,Catalyst Digital,201-1000,Website Inquiry,Data Analytics,Q2 2026,2026-04-04,Won,3,2026-05-21,23500,22100
PROS-01847,REP-0057,Redshift Dynamics,201-1000,Paid Marketing,Cloud Storage,Q1 2026,2026-02-10,Won,7,2026-04-22,8100,7700
PROS-01848,REP-0073,Summit Solutions,201-1000,Paid Marketing,Data Analytics,Q2 2026,2026-06-01,Open,1,,17600,
PROS-01849,REP-0011,Granite Digital,201-1000,Conference,Security Suite,Q4 2025,2025-12-15,Lost,2,2025-12-24,37200,
PROS-01850,REP-0089,Meridian Dynamics,1-50,LinkedIn,Security Suite,Q4 2025,2025-12-19,Lost,2,2026-01-06,15500,
PROS-01851,REP-0046,Summit Holdings,201-1000,Inbound Call,Cloud Storage,Q4 2025,2025-12-18,Won,6,2026-01-03,22300,24400
PROS-01852,REP-0040,Drift Networks,1000-5000,Website Inquiry,AI Platform,Q2 2026,2026-04-16,Dead,2,,60600,
PROS-01853,REP-0082,Apex Dynamics,201-1000,Website Inquiry,Security Suite,Q2 2026,2026-05-22,Lost,5,2026-06-24,94900,
PROS-01854,REP-0049,Northgate Technologies,51-200,LinkedIn,Cloud Compute,Q4 2025,2025-10-22,Dead,0,,10700,
PROS-01855,REP-0001,Nova Digital,1000-5000,Inbound Call,Cloud Compute,Q4 2025,2025-11-22,Dead,0,,49500,
PROS-01856,REP-0022,Apex Networks,51-200,LinkedIn,Cloud Storage,Q1 2026,2026-02-12,Dead,0,,8100,
PROS-01857,REP-0104,Horizon Networks,1000-5000,Inbound Call,Cloud Compute,Q4 2025,2025-11-27,Dead,1,,31200,
PROS-01858,REP-0096,Redshift Holdings,51-200,Paid Marketing,Cloud Storage,Q4 2025,2025-10-27,Won,3,2025-11-09,10000,9500
PROS-01859,REP-0078,Zenith Holdings,51-200,LinkedIn,Cloud Storage,Q1 2026,2026-03-29,Dead,0,,10100,
PROS-01860,REP-0081,Lattice Systems,51-200,Paid Marketing,AI Platform,Q2 2026,2026-04-22,Lost,2,2026-04-29,74600,
PROS-01861,REP-0041,Beacon Holdings,201-1000,Paid Marketing,Cloud Storage,Q2 2026,2026-06-27,Open,0,,12900,
PROS-01862,REP-0053,Orbit Digital,201-1000,Paid Marketing,Cloud Compute,Q2 2026,2026-05-07,Lost,2,2026-05-17,27600,
PROS-01863,REP-0059,Drift Networks,1-50,Cold Outreach,Cloud Storage,Q1 2026,2026-02-17,Lost,5,2026-03-14,4200,
PROS-01864,REP-0108,Cobalt Industries,201-1000,Conference,Cloud Storage,Q1 2026,2026-01-30,Won,2,2026-02-21,16800,17200
PROS-01865,REP-0077,Meridian Solutions,1-50,Cold Outreach,Data Analytics,Q1 2026,2026-02-13,Dead,1,,29100,
PROS-01866,REP-0063,Orbit Labs,201-1000,Website Inquiry,Cloud Storage,Q1 2026,2026-03-18,Lost,2,2026-04-10,10100,
PROS-01867,REP-0102,Helix Systems,1-50,Inbound Call,Data Analytics,Q4 2025,2025-11-18,Lost,5,2025-12-11,13800,
PROS-01868,REP-0108,Meridian Labs,1-50,Paid Marketing,AI Platform,Q1 2026,2026-03-02,Lost,2,2026-03-24,49200,
PROS-01869,REP-0026,Horizon Systems,201-1000,Cold Outreach,Security Suite,Q2 2026,2026-04-24,Lost,2,2026-05-19,52500,
PROS-01870,REP-0042,Catalyst Partners,51-200,Cold Outreach,Cloud Compute,Q2 2026,2026-06-22,Open,3,,24100,
PROS-01871,REP-0088,Ridgeline Dynamics,1-50,Paid Marketing,Security Suite,Q1 2026,2026-01-04,Lost,2,2026-01-25,43200,
PROS-01872,REP-0011,Northgate Partners,51-200,Paid Marketing,Security Suite,Q2 2026,2026-05-09,Dead,0,,40500,
PROS-01873,REP-0025,Nimbus Technologies,51-200,Paid Marketing,Cloud Compute,Q4 2025,2025-11-22,Dead,0,,12200,
PROS-01874,REP-0005,Ironclad Dynamics,51-200,Cold Outreach,Security Suite,Q4 2025,2025-11-25,Dead,1,,27800,
PROS-01875,REP-0027,Beacon Dynamics,201-1000,Conference,Data Analytics,Q1 2026,2026-02-18,Lost,5,2026-03-24,30800,
PROS-01876,REP-0056,Lattice Partners,51-200,Paid Marketing,AI Platform,Q1 2026,2026-03-01,Dead,1,,46400,
PROS-01877,REP-0083,Ridgeline Holdings,201-1000,Paid Marketing,Cloud Compute,Q4 2025,2025-10-15,Lost,2,2025-10-30,35100,
PROS-01878,REP-0043,Atlas Technologies,51-200,Cold Outreach,Cloud Compute,Q2 2026,2026-06-10,Open,0,,19300,
PROS-01879,REP-0004,Redshift Digital,51-200,Cold Outreach,Data Analytics,Q1 2026,2026-01-09,Lost,4,2026-02-03,48000,
PROS-01880,REP-0073,Granite Solutions,51-200,Cold Outreach,Cloud Compute,Q1 2026,2026-02-09,Dead,0,,15800,
PROS-01881,REP-0077,Solace Works,1-50,Website Inquiry,Data Analytics,Q1 2026,2026-02-23,Lost,3,2026-03-19,12600,
PROS-01882,REP-0098,Pulse Group,201-1000,Conference,Cloud Compute,Q2 2026,2026-04-18,Lost,5,2026-06-02,38400,
PROS-01883,REP-0017,Cobalt Industries,201-1000,Paid Marketing,AI Platform,Q1 2026,2026-03-07,Dead,0,,74700,
PROS-01884,REP-0007,Anchor Group,201-1000,LinkedIn,Cloud Compute,Q2 2026,2026-06-20,Open,2,,36000,
PROS-01885,REP-0081,Northgate Group,1-50,Paid Marketing,AI Platform,Q2 2026,2026-06-02,Lost,4,2026-06-22,19200,
PROS-01886,REP-0054,Horizon Labs,51-200,Cold Outreach,Cloud Storage,Q2 2026,2026-04-22,Lost,2,2026-05-23,13700,
PROS-01887,REP-0034,Quantum Solutions,51-200,Referral,Cloud Storage,Q1 2026,2026-02-07,Lost,3,2026-02-23,11400,
PROS-01888,REP-0069,Northgate Group,1000-5000,Paid Marketing,Data Analytics,Q4 2025,2025-11-14,Lost,4,2025-12-11,80800,
PROS-01889,REP-0066,Cobalt Partners,51-200,Website Inquiry,Cloud Storage,Q4 2025,2025-10-15,Lost,2,2025-11-30,7800,
PROS-01890,REP-0042,Granite Technologies,51-200,Conference,Cloud Storage,Q1 2026,2026-03-27,Lost,2,2026-04-07,9300,
PROS-01891,REP-0074,Ridgeline Partners,1000-5000,Website Inquiry,Cloud Storage,Q4 2025,2025-12-14,Dead,0,,21400,
PROS-01892,REP-0027,Meridian Systems,5000+,Cold Outreach,Security Suite,Q2 2026,2026-05-07,Lost,3,2026-06-30,166600,
PROS-01893,REP-0004,Quantum Solutions,51-200,Cold Outreach,Cloud Compute,Q4 2025,2025-12-10,Dead,0,,26100,
PROS-01894,REP-0080,Ember Networks,1000-5000,Paid Marketing,Security Suite,Q4 2025,2025-11-02,Lost,3,2025-11-19,90900,
PROS-01895,REP-0087,Anchor Labs,201-1000,Paid Marketing,Data Analytics,Q2 2026,2026-05-29,Lost,2,2026-06-30,22500,
PROS-01896,REP-0029,Drift Dynamics,201-1000,Paid Marketing,Data Analytics,Q2 2026,2026-04-01,Lost,3,2026-04-29,22600,
PROS-01897,REP-0104,Ironclad Partners,1000-5000,LinkedIn,Data Analytics,Q1 2026,2026-03-23,Won,8,2026-06-04,53100,51600
PROS-01898,REP-0094,Wavefront Industries,201-1000,Website Inquiry,Cloud Compute,Q1 2026,2026-01-11,Won,2,2026-02-03,30200,26500
PROS-01899,REP-0091,Lattice Networks,201-1000,Referral,Security Suite,Q4 2025,2025-11-14,Lost,4,2025-12-19,45400,
PROS-01900,REP-0108,Apex Solutions,1-50,Cold Outreach,Data Analytics,Q4 2025,2025-11-01,Won,4,2025-11-11,22000,24900
PROS-01901,REP-0055,Pulse Group,5000+,Paid Marketing,Cloud Storage,Q1 2026,2026-01-12,Lost,4,2026-03-03,25300,
PROS-01902,REP-0097,Cobalt Networks,1000-5000,Conference,Cloud Compute,Q2 2026,2026-04-14,Won,3,2026-06-03,55500,61900
PROS-01903,REP-0050,Nimbus Dynamics,5000+,Paid Marketing,Cloud Storage,Q2 2026,2026-05-22,Lost,3,2026-06-28,25900,
PROS-01904,REP-0077,Pulse Solutions,1-50,Cold Outreach,Data Analytics,Q4 2025,2025-11-05,Lost,4,2025-11-17,17200,
PROS-01905,REP-0031,Beacon Holdings,201-1000,Website Inquiry,Cloud Compute,Q2 2026,2026-06-23,Dead,0,,30400,
PROS-01906,REP-0081,Solace Works,1-50,Paid Marketing,AI Platform,Q4 2025,2025-10-28,Lost,2,2025-11-19,16100,
PROS-01907,REP-0091,Quantum Partners,51-200,LinkedIn,Cloud Storage,Q2 2026,2026-05-13,Dead,0,,5200,
PROS-01908,REP-0104,Nova Solutions,1000-5000,Inbound Call,Security Suite,Q4 2025,2025-10-20,Lost,3,2026-01-13,64500,
PROS-01909,REP-0089,Solace Digital,1-50,Website Inquiry,Data Analytics,Q1 2026,2026-02-22,Dead,0,,12500,
PROS-01910,REP-0034,Quantum Digital,1000-5000,Inbound Call,Cloud Compute,Q1 2026,2026-01-17,Won,5,2026-02-08,36700,32600
PROS-01911,REP-0062,Summit Partners,51-200,LinkedIn,Cloud Storage,Q2 2026,2026-05-28,Lost,5,2026-06-21,11200,
PROS-01912,REP-0062,Ridgeline Systems,51-200,Paid Marketing,Cloud Storage,Q4 2025,2025-10-26,Lost,4,2025-11-15,5800,
PROS-01913,REP-0015,Lattice Works,1-50,Cold Outreach,AI Platform,Q1 2026,2026-02-15,Dead,0,,23400,
PROS-01914,REP-0037,Redshift Digital,201-1000,Paid Marketing,Cloud Compute,Q2 2026,2026-04-26,Lost,3,2026-05-14,57700,
PROS-01915,REP-0010,Nimbus Group,201-1000,Website Inquiry,AI Platform,Q2 2026,2026-04-07,Lost,4,2026-05-27,34900,
PROS-01916,REP-0005,Redshift Industries,201-1000,Inbound Call,Cloud Compute,Q1 2026,2026-03-15,Lost,3,2026-04-05,36100,
PROS-01917,REP-0033,Sterling Technologies,5000+,Paid Marketing,Cloud Compute,Q2 2026,2026-06-24,Open,0,,50400,
PROS-01918,REP-0032,Beacon Digital,1000-5000,Paid Marketing,AI Platform,Q1 2026,2026-01-10,Dead,0,,125400,
PROS-01919,REP-0053,Quantum Digital,1-50,LinkedIn,Security Suite,Q2 2026,2026-06-04,Open,0,,14100,
PROS-01920,REP-0035,Meridian Dynamics,1000-5000,Conference,Cloud Compute,Q1 2026,2026-02-15,Dead,0,,42800,
PROS-01921,REP-0062,Cobalt Labs,1-50,LinkedIn,Security Suite,Q2 2026,2026-06-26,Open,1,,12100,
PROS-01922,REP-0038,Beacon Holdings,201-1000,Paid Marketing,Security Suite,Q4 2025,2025-11-14,Lost,4,2025-12-02,50200,
PROS-01923,REP-0054,Ironclad Industries,1000-5000,Cold Outreach,Cloud Compute,Q4 2025,2025-12-18,Lost,2,2026-01-07,49000,
PROS-01924,REP-0047,Ironclad Group,201-1000,Paid Marketing,Cloud Compute,Q2 2026,2026-06-26,Open,1,,22100,
PROS-01925,REP-0067,Vantage Labs,5000+,Paid Marketing,Cloud Storage,Q4 2025,2025-10-02,Dead,0,,30700,
PROS-01926,REP-0103,Wavefront Holdings,1-50,Cold Outreach,Data Analytics,Q1 2026,2026-01-19,Dead,0,,9200,
PROS-01927,REP-0069,Drift Systems,201-1000,Paid Marketing,Data Analytics,Q4 2025,2025-11-17,Lost,3,2025-12-22,54900,
PROS-01928,REP-0055,Atlas Partners,1000-5000,LinkedIn,Security Suite,Q1 2026,2026-02-24,Lost,4,2026-04-20,112600,
PROS-01929,REP-0028,Quantum Systems,51-200,Cold Outreach,Data Analytics,Q2 2026,2026-05-31,Open,0,,30600,
PROS-01930,REP-0056,Catalyst Partners,51-200,Website Inquiry,Cloud Storage,Q2 2026,2026-05-01,Lost,5,2026-05-21,6500,
PROS-01931,REP-0054,Beacon Technologies,201-1000,Inbound Call,Cloud Storage,Q4 2025,2025-12-18,Dead,0,,24500,
PROS-01932,REP-0065,Orbit Industries,51-200,Paid Marketing,Cloud Storage,Q1 2026,2026-03-01,Won,4,2026-04-10,13900,15900
PROS-01933,REP-0011,Wavefront Systems,1-50,Website Inquiry,Data Analytics,Q1 2026,2026-01-06,Dead,0,,18900,
PROS-01934,REP-0041,Anchor Networks,51-200,Inbound Call,AI Platform,Q1 2026,2026-01-29,Won,4,2026-02-18,48800,51400
PROS-01935,REP-0091,Pulse Solutions,51-200,Inbound Call,Cloud Storage,Q4 2025,2025-12-19,Won,3,2026-01-06,5700,6000
PROS-01936,REP-0040,Solace Technologies,201-1000,Inbound Call,Security Suite,Q2 2026,2026-06-09,Lost,4,2026-06-30,75400,
PROS-01937,REP-0020,Catalyst Digital,1000-5000,Paid Marketing,Cloud Compute,Q1 2026,2026-03-09,Dead,1,,42000,
PROS-01938,REP-0017,Atlas Dynamics,51-200,Website Inquiry,Cloud Storage,Q1 2026,2026-01-30,Lost,3,2026-02-16,9200,
PROS-01939,REP-0088,Solace Industries,51-200,Conference,Security Suite,Q2 2026,2026-04-27,Won,4,2026-05-10,44000,44200
PROS-01940,REP-0041,Pulse Works,201-1000,Website Inquiry,Data Analytics,Q4 2025,2025-10-13,Won,3,2025-11-26,54400,50400
PROS-01941,REP-0055,Horizon Industries,5000+,Website Inquiry,Cloud Compute,Q4 2025,2025-12-20,Lost,5,2026-02-12,77100,
PROS-01942,REP-0036,Nova Group,201-1000,Conference,Cloud Storage,Q1 2026,2026-01-27,Lost,5,2026-02-25,19800,
PROS-01943,REP-0068,Nimbus Technologies,51-200,Conference,Cloud Compute,Q1 2026,2026-03-10,Dead,0,,22800,
PROS-01944,REP-0050,Atlas Technologies,201-1000,Cold Outreach,AI Platform,Q2 2026,2026-05-16,Lost,3,2026-06-15,66200,
PROS-01945,REP-0056,Vertex Group,1-50,Paid Marketing,AI Platform,Q4 2025,2025-10-23,Dead,2,,33500,
PROS-01946,REP-0103,Catalyst Labs,1-50,LinkedIn,Cloud Storage,Q4 2025,2025-12-22,Dead,0,,3500,
PROS-01947,REP-0022,Anchor Group,201-1000,LinkedIn,Cloud Compute,Q4 2025,2025-11-13,Lost,4,2025-12-03,24800,
PROS-01948,REP-0077,Quantum Systems,1-50,Paid Marketing,AI Platform,Q4 2025,2025-11-21,Lost,5,2025-12-04,65200,
PROS-01949,REP-0035,Nova Networks,1000-5000,Paid Marketing,Cloud Compute,Q1 2026,2026-02-27,Lost,4,2026-04-23,63800,
PROS-01950,REP-0095,Vantage Holdings,51-200,Paid Marketing,Cloud Storage,Q1 2026,2026-03-17,Dead,1,,11500,
PROS-01951,REP-0050,Cobalt Networks,5000+,Paid Marketing,AI Platform,Q4 2025,2025-10-18,Lost,3,2026-01-13,108400,
PROS-01952,REP-0016,Catalyst Industries,5000+,Cold Outreach,AI Platform,Q2 2026,2026-06-08,Open,0,,143300,
PROS-01953,REP-0034,Nova Technologies,1000-5000,LinkedIn,Security Suite,Q1 2026,2026-01-06,Lost,2,2026-02-22,65200,
PROS-01954,REP-0081,Redshift Group,1-50,Paid Marketing,AI Platform,Q2 2026,2026-05-10,Lost,5,2026-06-01,28000,
PROS-01955,REP-0023,Drift Works,1000-5000,Website Inquiry,AI Platform,Q4 2025,2025-12-01,Lost,4,2026-02-28,83500,
PROS-01956,REP-0057,Beacon Solutions,1000-5000,Cold Outreach,Security Suite,Q1 2026,2026-02-09,Lost,2,2026-05-06,140400,
PROS-01957,REP-0095,Meridian Technologies,1-50,Inbound Call,Cloud Compute,Q1 2026,2026-02-20,Dead,0,,8800,
PROS-01958,REP-0056,Vertex Labs,1-50,Paid Marketing,AI Platform,Q2 2026,2026-06-14,Open,0,,63200,
PROS-01959,REP-0081,Ridgeline Networks,51-200,LinkedIn,AI Platform,Q4 2025,2025-11-15,Lost,2,2025-12-04,65200,
PROS-01960,REP-0081,Beacon Networks,1-50,Conference,AI Platform,Q2 2026,2026-06-15,Open,1,,32900,
PROS-01961,REP-0062,Wavefront Partners,1-50,LinkedIn,Cloud Compute,Q2 2026,2026-06-19,Dead,0,,12700,
PROS-01962,REP-0003,Summit Works,1-50,Paid Marketing,Cloud Storage,Q4 2025,2025-11-05,Dead,1,,6100,
PROS-01963,REP-0031,Summit Dynamics,51-200,Paid Marketing,Cloud Storage,Q1 2026,2026-03-02,Dead,0,,7400,
PROS-01964,REP-0068,Lattice Networks,201-1000,Website Inquiry,AI Platform,Q1 2026,2026-02-23,Lost,4,2026-03-28,44200,
PROS-01965,REP-0023,Ember Industries,1000-5000,Paid Marketing,AI Platform,Q2 2026,2026-06-02,Open,0,,118400,
PROS-01966,REP-0056,Vertex Solutions,51-200,Paid Marketing,AI Platform,Q2 2026,2026-05-31,Open,1,,99300,
PROS-01967,REP-0067,Atlas Dynamics,1000-5000,Cold Outreach,Cloud Storage,Q2 2026,2026-04-21,Lost,4,2026-06-30,34700,
PROS-01968,REP-0008,Summit Industries,51-200,Website Inquiry,Cloud Compute,Q2 2026,2026-06-12,Open,0,,25300,
PROS-01969,REP-0041,Cobalt Labs,1000-5000,Inbound Call,AI Platform,Q1 2026,2026-02-18,Dead,0,,188700,
PROS-01970,REP-0077,Quantum Technologies,1-50,LinkedIn,AI Platform,Q2 2026,2026-05-28,Won,2,2026-06-15,62800,73500
PROS-01971,REP-0015,Atlas Solutions,51-200,Referral,Data Analytics,Q1 2026,2026-01-24,Won,3,2026-02-05,25200,23600
PROS-01972,REP-0020,Ironclad Group,5000+,Paid Marketing,Cloud Storage,Q1 2026,2026-02-16,Lost,3,2026-04-26,39900,
PROS-01973,REP-0004,Ridgeline Technologies,1-50,Website Inquiry,Security Suite,Q2 2026,2026-06-28,Open,1,,34100,
PROS-01974,REP-0024,Nimbus Works,1-50,Paid Marketing,Data Analytics,Q2 2026,2026-04-14,Dead,0,,9500,
PROS-01975,REP-0058,Solace Partners,1000-5000,Paid Marketing,Data Analytics,Q4 2025,2025-11-18,Lost,2,2025-12-31,72400,
PROS-01976,REP-0010,Catalyst Networks,201-1000,Paid Marketing,AI Platform,Q1 2026,2026-03-09,Lost,3,2026-04-23,104900,
PROS-01977,REP-0001,Granite Group,51-200,Referral,Data Analytics,Q1 2026,2026-02-06,Won,6,2026-03-01,36400,35400
PROS-01978,REP-0062,Atlas Works,201-1000,Paid Marketing,Cloud Compute,Q1 2026,2026-02-20,Dead,0,,23500,
PROS-01979,REP-0007,Drift Group,51-200,Website Inquiry,Data Analytics,Q4 2025,2025-12-15,Dead,0,,24000,
PROS-01980,REP-0012,Ironclad Digital,51-200,Cold Outreach,AI Platform,Q1 2026,2026-02-27,Dead,0,,69300,
PROS-01981,REP-0095,Apex Works,1-50,Paid Marketing,Data Analytics,Q4 2025,2025-10-27,Lost,4,2025-11-10,22900,
PROS-01982,REP-0024,Fusion Dynamics,51-200,Referral,Cloud Compute,Q4 2025,2025-10-18,Dead,2,,21800,
PROS-01983,REP-0038,Nova Industries,201-1000,Cold Outreach,Security Suite,Q4 2025,2025-11-28,Dead,0,,78100,
PROS-01984,REP-0005,Helix Works,51-200,Paid Marketing,Data Analytics,Q2 2026,2026-06-19,Open,2,,29300,
PROS-01985,REP-0088,Granite Partners,51-200,Cold Outreach,Cloud Storage,Q1 2026,2026-01-11,Lost,4,2026-01-23,7700,
PROS-01986,REP-0035,Anchor Digital,5000+,Paid Marketing,AI Platform,Q2 2026,2026-05-14,Won,4,2026-06-20,374800,354900
PROS-01987,REP-0009,Pulse Labs,1000-5000,Cold Outreach,AI Platform,Q1 2026,2026-02-23,Dead,0,,81900,
PROS-01988,REP-0066,Meridian Digital,1000-5000,Website Inquiry,Data Analytics,Q2 2026,2026-04-27,Lost,4,2026-05-12,73500,
PROS-01989,REP-0010,Solace Holdings,201-1000,Cold Outreach,Cloud Compute,Q1 2026,2026-03-20,Lost,2,2026-04-21,33900,
PROS-01990,REP-0091,Meridian Group,1000-5000,Inbound Call,Cloud Compute,Q1 2026,2026-03-23,Dead,1,,49400,
PROS-01991,REP-0028,Catalyst Networks,201-1000,Inbound Call,AI Platform,Q2 2026,2026-05-02,Lost,5,2026-05-27,163800,
PROS-01992,REP-0083,Ember Labs,201-1000,LinkedIn,Cloud Storage,Q1 2026,2026-03-31,Lost,3,2026-05-02,13000,
PROS-01993,REP-0100,Ironclad Partners,1000-5000,Referral,Data Analytics,Q4 2025,2025-12-07,Won,3,2026-01-01,68900,75500
PROS-01994,REP-0098,Pulse Partners,201-1000,Inbound Call,Cloud Storage,Q4 2025,2025-12-27,Lost,3,2026-02-14,13700,
PROS-01995,REP-0042,Nova Digital,1-50,Inbound Call,AI Platform,Q2 2026,2026-04-27,Dead,1,,15900,
PROS-01996,REP-0024,Nimbus Networks,1-50,Paid Marketing,Cloud Compute,Q2 2026,2026-06-06,Open,0,,13400,
PROS-01997,REP-0087,Summit Works,201-1000,LinkedIn,Cloud Storage,Q4 2025,2025-10-10,Lost,3,2025-10-30,17400,
PROS-01998,REP-0004,Apex Digital,51-200,Inbound Call,Cloud Storage,Q2 2026,2026-04-14,Dead,0,,11100,
PROS-01999,REP-0086,Fusion Partners,201-1000,Website Inquiry,Cloud Storage,Q4 2025,2025-11-08,Won,5,2025-11-24,8800,9200
PROS-02000,REP-0045,Zenith Industries,1000-5000,Paid Marketing,Cloud Storage,Q4 2025,2025-12-06,Lost,3,2026-02-05,14900,
PROS-02001,REP-0107,Meridian Technologies,51-200,Referral,Data Analytics,Q1 2026,2026-02-13,Won,4,2026-03-17,40000,45700
PROS-02002,REP-0081,Wavefront Dynamics,51-200,Cold Outreach,Security Suite,Q1 2026,2026-03-17,Lost,4,2026-03-24,23700,
PROS-02003,REP-0035,Vantage Partners,1000-5000,Cold Outreach,Cloud Storage,Q1 2026,2026-01-03,Lost,3,2026-02-24,48600,
PROS-02004,REP-0063,Cobalt Solutions,1-50,LinkedIn,Cloud Compute,Q4 2025,2025-12-08,Dead,0,,9700,
PROS-02005,REP-0019,Helix Solutions,51-200,Website Inquiry,AI Platform,Q1 2026,2026-01-10,Lost,2,2026-02-08,57800,
PROS-02006,REP-0037,Zenith Technologies,51-200,Conference,Cloud Compute,Q2 2026,2026-05-21,Lost,2,2026-06-29,30300,
PROS-02007,REP-0096,Cobalt Systems,1-50,Inbound Call,Security Suite,Q1 2026,2026-03-03,Lost,3,2026-03-25,13300,
PROS-02008,REP-0081,Apex Labs,201-1000,Cold Outreach,Data Analytics,Q2 2026,2026-05-06,Won,3,2026-05-18,50600,43700
PROS-02009,REP-0034,Granite Industries,201-1000,Conference,Cloud Compute,Q2 2026,2026-06-07,Open,1,,28400,
PROS-02010,REP-0034,Apex Systems,201-1000,Website Inquiry,Cloud Compute,Q1 2026,2026-01-23,Dead,1,,18200,
PROS-02011,REP-0085,Ridgeline Solutions,1000-5000,Conference,Cloud Storage,Q4 2025,2025-12-14,Won,8,2026-02-26,15700,18100
PROS-02012,REP-0066,Granite Partners,51-200,Website Inquiry,AI Platform,Q2 2026,2026-06-03,Lost,3,2026-06-27,60900,
PROS-02013,REP-0054,Sterling Partners,1000-5000,Cold Outreach,Security Suite,Q2 2026,2026-06-30,Open,0,,140400,
PROS-02014,REP-0110,Ironclad Solutions,201-1000,Paid Marketing,Cloud Storage,Q1 2026,2026-01-30,Dead,1,,8900,
PROS-02015,REP-0050,Drift Dynamics,1000-5000,Cold Outreach,Cloud Storage,Q1 2026,2026-03-13,Lost,5,2026-04-14,22500,
PROS-02016,REP-0088,Wavefront Group,1-50,Website Inquiry,AI Platform,Q1 2026,2026-02-28,Dead,1,,17200,
PROS-02017,REP-0023,Vantage Networks,5000+,Paid Marketing,Cloud Compute,Q4 2025,2025-10-23,Lost,3,2025-12-25,71600,
PROS-02018,REP-0045,Ridgeline Solutions,1000-5000,Website Inquiry,Cloud Compute,Q4 2025,2025-10-10,Lost,5,2025-11-12,65300,
PROS-02019,REP-0096,Wavefront Labs,51-200,Website Inquiry,Cloud Storage,Q4 2025,2025-11-23,Dead,0,,9800,
PROS-02020,REP-0108,Ironclad Group,51-200,Paid Marketing,Cloud Compute,Q4 2025,2025-10-08,Won,3,2025-10-22,20000,19700
PROS-02021,REP-0019,Quantum Digital,201-1000,Website Inquiry,Cloud Storage,Q4 2025,2025-11-09,Lost,4,2025-12-26,11300,
PROS-02022,REP-0004,Wavefront Systems,1-50,Cold Outreach,AI Platform,Q4 2025,2025-12-16,Dead,0,,59900,
PROS-02023,REP-0015,Northgate Holdings,1-50,LinkedIn,Cloud Compute,Q2 2026,2026-06-09,Lost,3,2026-06-25,15700,
PROS-02024,REP-0088,Northgate Partners,51-200,Referral,AI Platform,Q2 2026,2026-04-08,Won,3,2026-04-28,51800,59800
PROS-02025,REP-0038,Granite Digital,201-1000,Cold Outreach,AI Platform,Q2 2026,2026-04-21,Won,6,2026-05-31,52300,50900
PROS-02026,REP-0019,Summit Group,1000-5000,Cold Outreach,Cloud Compute,Q2 2026,2026-06-29,Open,2,,60800,
PROS-02027,REP-0029,Catalyst Solutions,51-200,Website Inquiry,AI Platform,Q1 2026,2026-01-23,Lost,5,2026-02-16,70100,
PROS-02028,REP-0031,Lattice Partners,201-1000,Cold Outreach,Data Analytics,Q1 2026,2026-03-01,Dead,0,,42200,
PROS-02029,REP-0103,Pulse Group,1-50,LinkedIn,Cloud Compute,Q1 2026,2026-03-02,Lost,2,2026-03-20,6100,
PROS-02030,REP-0003,Catalyst Technologies,1-50,LinkedIn,AI Platform,Q4 2025,2025-12-05,Lost,5,2025-12-16,34900,
PROS-02031,REP-0097,Beacon Dynamics,201-1000,Paid Marketing,Cloud Storage,Q4 2025,2025-11-26,Dead,0,,15700,
PROS-02032,REP-0013,Beacon Systems,5000+,Inbound Call,AI Platform,Q1 2026,2026-03-15,Lost,3,2026-05-03,218000,
PROS-02033,REP-0042,Orbit Dynamics,51-200,Paid Marketing,AI Platform,Q2 2026,2026-04-05,Dead,1,,39300,
PROS-02034,REP-0109,Summit Networks,1-50,Conference,Data Analytics,Q4 2025,2025-10-29,Won,2,2025-11-22,21700,22100
PROS-02035,REP-0070,Ironclad Group,1000-5000,Paid Marketing,Security Suite,Q4 2025,2025-11-30,Dead,0,,55300,
PROS-02036,REP-0086,Vantage Networks,51-200,Paid Marketing,Cloud Compute,Q4 2025,2025-10-25,Lost,2,2025-11-14,27100,
PROS-02037,REP-0063,Cobalt Technologies,1-50,Cold Outreach,Cloud Compute,Q2 2026,2026-06-15,Open,2,,10000,
PROS-02038,REP-0083,Quantum Technologies,201-1000,Cold Outreach,Data Analytics,Q1 2026,2026-02-19,Lost,2,2026-03-10,23100,
PROS-02039,REP-0057,Fusion Holdings,1000-5000,Inbound Call,Cloud Storage,Q1 2026,2026-01-08,Lost,5,2026-03-19,25600,
PROS-02040,REP-0041,Fusion Technologies,51-200,Inbound Call,Cloud Storage,Q1 2026,2026-02-14,Won,5,2026-03-04,14500,14800
PROS-02041,REP-0005,Catalyst Industries,1-50,LinkedIn,AI Platform,Q2 2026,2026-04-23,Lost,3,2026-05-04,47900,
PROS-02042,REP-0008,Quantum Holdings,201-1000,Cold Outreach,AI Platform,Q2 2026,2026-04-27,Lost,4,2026-06-11,117000,
PROS-02043,REP-0094,Vantage Solutions,1-50,Website Inquiry,Data Analytics,Q4 2025,2025-11-27,Won,2,2025-12-21,10000,9300
PROS-02044,REP-0001,Granite Holdings,201-1000,Paid Marketing,Data Analytics,Q4 2025,2025-11-14,Won,3,2025-12-01,54900,60100
PROS-02045,REP-0007,Ironclad Systems,1000-5000,Inbound Call,AI Platform,Q1 2026,2026-02-01,Lost,3,2026-03-16,116400,
PROS-02046,REP-0051,Meridian Labs,1000-5000,Paid Marketing,Cloud Compute,Q4 2025,2025-12-27,Lost,2,2026-02-12,44500,
PROS-02047,REP-0006,Catalyst Technologies,1000-5000,Conference,AI Platform,Q2 2026,2026-05-26,Dead,2,,213800,
PROS-02048,REP-0077,Apex Networks,51-200,Inbound Call,Data Analytics,Q4 2025,2025-10-02,Lost,3,2025-10-26,32600,
PROS-02049,REP-0036,Horizon Labs,201-1000,LinkedIn,Cloud Compute,Q2 2026,2026-06-20,Open,2,,41700,
PROS-02050,REP-0022,Ironclad Industries,201-1000,Cold Outreach,Security Suite,Q4 2025,2025-11-09,Lost,2,2025-12-05,58400,
PROS-02051,REP-0053,Ridgeline Works,201-1000,Cold Outreach,AI Platform,Q2 2026,2026-04-16,Dead,0,,45500,
PROS-02052,REP-0102,Drift Solutions,1-50,Cold Outreach,Data Analytics,Q4 2025,2025-10-03,Lost,3,2025-10-11,12800,
PROS-02053,REP-0101,Catalyst Industries,201-1000,Paid Marketing,Cloud Compute,Q2 2026,2026-06-07,Open,0,,29900,
PROS-02054,REP-0066,Vertex Systems,51-200,Paid Marketing,Security Suite,Q1 2026,2026-03-30,Dead,0,,22800,
PROS-02055,REP-0088,Sterling Works,1-50,Cold Outreach,Cloud Storage,Q4 2025,2025-10-12,Won,3,2025-10-20,5200,5400
PROS-02056,REP-0095,Summit Works,1-50,Conference,Cloud Compute,Q4 2025,2025-10-29,Dead,2,,19500,
PROS-02057,REP-0041,Catalyst Solutions,201-1000,Paid Marketing,Cloud Storage,Q1 2026,2026-02-28,Lost,3,2026-03-15,12000,
PROS-02058,REP-0001,Ironclad Works,201-1000,Inbound Call,AI Platform,Q2 2026,2026-04-08,Won,4,2026-04-29,134700,120600
PROS-02059,REP-0102,Anchor Partners,1-50,Conference,Security Suite,Q4 2025,2025-10-24,Lost,4,2025-11-14,21600,
PROS-02060,REP-0007,Ironclad Holdings,1000-5000,LinkedIn,Data Analytics,Q2 2026,2026-06-03,Lost,2,2026-06-28,82800,
PROS-02061,REP-0065,Lattice Networks,1000-5000,Paid Marketing,Cloud Storage,Q4 2025,2025-11-24,Dead,1,,24200,
PROS-02062,REP-0096,Beacon Group,51-200,Inbound Call,Cloud Storage,Q2 2026,2026-06-19,Open,1,,7400,
PROS-02063,REP-0033,Fusion Networks,1000-5000,Referral,Data Analytics,Q4 2025,2025-11-26,Dead,0,,73000,
PROS-02064,REP-0107,Vertex Industries,51-200,Referral,AI Platform,Q2 2026,2026-05-24,Dead,1,,103300,
PROS-02065,REP-0088,Granite Industries,1-50,Paid Marketing,Security Suite,Q4 2025,2025-11-08,Lost,2,2025-11-18,32700,
PROS-02066,REP-0053,Zenith Dynamics,1-50,Paid Marketing,Cloud Compute,Q2 2026,2026-05-02,Lost,3,2026-05-12,5300,
PROS-02067,REP-0034,Ironclad Dynamics,1000-5000,Inbound Call,Cloud Compute,Q1 2026,2026-01-11,Dead,0,,40900,
PROS-02068,REP-0104,Catalyst Systems,1000-5000,Referral,Data Analytics,Q4 2025,2025-10-24,Lost,5,2025-11-26,38600,
PROS-02069,REP-0095,Ironclad Group,1-50,Paid Marketing,Cloud Compute,Q4 2025,2025-12-01,Lost,4,2025-12-12,15000,
PROS-02070,REP-0012,Nimbus Holdings,51-200,Cold Outreach,Cloud Storage,Q1 2026,2026-03-04,Dead,1,,16300,
PROS-02071,REP-0036,Zenith Dynamics,1000-5000,Paid Marketing,Cloud Storage,Q2 2026,2026-06-21,Open,1,,40200,
PROS-02072,REP-0101,Zenith Digital,201-1000,Conference,Data Analytics,Q1 2026,2026-02-20,Won,4,2026-03-22,66900,72900
PROS-02073,REP-0089,Redshift Networks,201-1000,Inbound Call,Cloud Storage,Q2 2026,2026-04-04,Won,4,2026-04-25,8700,8300
PROS-02074,REP-0044,Horizon Industries,51-200,Cold Outreach,Cloud Compute,Q1 2026,2026-02-11,Lost,3,2026-02-21,18100,
PROS-02075,REP-0029,Summit Networks,201-1000,Website Inquiry,AI Platform,Q2 2026,2026-04-20,Lost,5,2026-05-14,76700,
PROS-02076,REP-0088,Horizon Partners,51-200,Referral,AI Platform,Q1 2026,2026-03-02,Dead,0,,90100,
PROS-02077,REP-0036,Beacon Solutions,201-1000,Conference,Security Suite,Q4 2025,2025-10-31,Won,4,2025-11-25,94400,84500
PROS-02078,REP-0024,Atlas Group,1-50,Website Inquiry,AI Platform,Q2 2026,2026-06-20,Open,1,,30900,
PROS-02079,REP-0080,Northgate Networks,201-1000,Paid Marketing,Data Analytics,Q1 2026,2026-01-07,Dead,0,,23700,
PROS-02080,REP-0059,Catalyst Labs,1-50,Paid Marketing,Cloud Compute,Q4 2025,2025-12-02,Lost,4,2025-12-22,10600,
PROS-02081,REP-0094,Helix Holdings,1-50,Inbound Call,Cloud Compute,Q1 2026,2026-02-13,Dead,2,,20900,
PROS-02082,REP-0059,Meridian Networks,1-50,Paid Marketing,Cloud Compute,Q4 2025,2025-10-21,Dead,0,,14100,
PROS-02083,REP-0046,Ember Systems,201-1000,Cold Outreach,Cloud Compute,Q2 2026,2026-05-22,Lost,2,2026-06-06,35700,
PROS-02084,REP-0059,Summit Dynamics,201-1000,Cold Outreach,AI Platform,Q2 2026,2026-04-17,Lost,2,2026-05-12,130400,
PROS-02085,REP-0050,Catalyst Works,1000-5000,Paid Marketing,Cloud Compute,Q1 2026,2026-01-19,Dead,0,,40600,
PROS-02086,REP-0070,Atlas Technologies,201-1000,Cold Outreach,Data Analytics,Q4 2025,2025-12-14,Lost,4,2026-01-02,30600,
PROS-02087,REP-0019,Redshift Technologies,201-1000,Website Inquiry,Security Suite,Q2 2026,2026-05-05,Lost,4,2026-05-20,76800,
PROS-02088,REP-0089,Zenith Industries,51-200,Cold Outreach,Cloud Compute,Q1 2026,2026-01-23,Lost,2,2026-02-15,16500,
PROS-02089,REP-0088,Pulse Labs,1-50,Cold Outreach,Security Suite,Q2 2026,2026-05-05,Lost,3,2026-05-17,34500,
PROS-02090,REP-0024,Helix Dynamics,1-50,LinkedIn,Cloud Storage,Q1 2026,2026-02-24,Lost,4,2026-03-17,2900,
PROS-02091,REP-0049,Anchor Partners,51-200,Inbound Call,Cloud Storage,Q1 2026,2026-02-18,Lost,5,2026-03-21,7000,
PROS-02092,REP-0089,Cobalt Works,201-1000,Conference,Cloud Compute,Q2 2026,2026-05-03,Dead,0,,21100,
PROS-02093,REP-0036,Lattice Group,1000-5000,Cold Outreach,Cloud Compute,Q4 2025,2025-10-01,Lost,4,2025-11-03,76000,
PROS-02094,REP-0032,Granite Dynamics,1000-5000,Website Inquiry,Cloud Compute,Q4 2025,2025-11-07,Lost,5,2025-12-13,40500,
PROS-02095,REP-0061,Atlas Networks,201-1000,LinkedIn,Cloud Storage,Q2 2026,2026-06-05,Open,1,,19500,
PROS-02096,REP-0087,Lattice Partners,201-1000,Website Inquiry,Cloud Storage,Q1 2026,2026-01-29,Lost,4,2026-03-11,15300,
PROS-02097,REP-0077,Ember Labs,1-50,Paid Marketing,Security Suite,Q4 2025,2025-10-17,Lost,2,2025-11-05,42900,
PROS-02098,REP-0037,Solace Digital,201-1000,LinkedIn,AI Platform,Q2 2026,2026-04-11,Won,6,2026-05-27,147400,133300
PROS-02099,REP-0016,Granite Group,5000+,Paid Marketing,Security Suite,Q2 2026,2026-06-21,Open,1,,141100,
PROS-02100,REP-0110,Redshift Technologies,201-1000,Website Inquiry,AI Platform,Q4 2025,2025-12-26,Lost,4,2026-01-13,129400,
PROS-02101,REP-0092,Horizon Technologies,1000-5000,Cold Outreach,Security Suite,Q1 2026,2026-02-21,Dead,0,,140700,
PROS-02102,REP-0042,Fusion Digital,1-50,Inbound Call,Security Suite,Q1 2026,2026-01-05,Lost,5,2026-01-27,17500,
PROS-02103,REP-0041,Pulse Digital,201-1000,Conference,Cloud Compute,Q1 2026,2026-03-31,Won,5,2026-05-18,48200,50200
PROS-02104,REP-0075,Orbit Partners,1000-5000,Website Inquiry,Cloud Compute,Q1 2026,2026-03-16,Won,5,2026-04-21,28800,27400
PROS-02105,REP-0049,Catalyst Dynamics,201-1000,LinkedIn,Cloud Storage,Q4 2025,2025-10-01,Lost,3,2025-11-13,10400,
PROS-02106,REP-0080,Atlas Technologies,1000-5000,Referral,Security Suite,Q1 2026,2026-01-22,Won,4,2026-03-01,150800,163400
PROS-02107,REP-0095,Vertex Digital,51-200,Paid Marketing,AI Platform,Q1 2026,2026-03-12,Lost,2,2026-03-20,76200,
PROS-02108,REP-0019,Catalyst Works,51-200,Website Inquiry,Security Suite,Q1 2026,2026-02-14,Lost,5,2026-03-08,57700,
PROS-02109,REP-0047,Cobalt Group,201-1000,Paid Marketing,AI Platform,Q4 2025,2025-12-21,Lost,5,2026-02-03,111900,
PROS-02110,REP-0007,Lattice Partners,51-200,Website Inquiry,AI Platform,Q1 2026,2026-01-04,Dead,1,,97300,
PROS-02111,REP-0065,Horizon Holdings,201-1000,Cold Outreach,AI Platform,Q2 2026,2026-05-14,Lost,4,2026-06-18,97000,
PROS-02112,REP-0007,Summit Group,51-200,Inbound Call,Data Analytics,Q4 2025,2025-10-02,Dead,0,,45800,
PROS-02113,REP-0094,Summit Works,1-50,Conference,Data Analytics,Q4 2025,2025-12-01,Dead,0,,12800,
PROS-02114,REP-0103,Ironclad Technologies,1-50,Inbound Call,AI Platform,Q4 2025,2025-12-07,Won,3,2025-12-19,17600,16500
PROS-02115,REP-0054,Beacon Technologies,201-1000,Cold Outreach,Cloud Compute,Q4 2025,2025-12-19,Won,3,2026-01-27,49900,42400
PROS-02116,REP-0076,Wavefront Industries,51-200,Paid Marketing,Data Analytics,Q2 2026,2026-06-16,Open,1,,24600,
PROS-02117,REP-0015,Nimbus Technologies,1-50,LinkedIn,AI Platform,Q2 2026,2026-06-27,Open,3,,37300,
PROS-02118,REP-0102,Solace Partners,1-50,Paid Marketing,Security Suite,Q2 2026,2026-04-10,Lost,2,2026-04-22,24400,
PROS-02119,REP-0063,Pulse Industries,51-200,Paid Marketing,Data Analytics,Q1 2026,2026-02-05,Lost,5,2026-03-02,18300,
PROS-02120,REP-0022,Ironclad Digital,1000-5000,Cold Outreach,Cloud Storage,Q1 2026,2026-02-25,Won,6,2026-03-15,20100,19100
PROS-02121,REP-0076,Sterling Dynamics,201-1000,Conference,AI Platform,Q2 2026,2026-05-28,Open,2,,92200,
PROS-02122,REP-0042,Northgate Partners,51-200,Paid Marketing,Cloud Storage,Q2 2026,2026-04-13,Lost,5,2026-04-27,10200,
PROS-02123,REP-0103,Solace Industries,51-200,Paid Marketing,AI Platform,Q2 2026,2026-06-16,Open,0,,30300,
PROS-02124,REP-0064,Drift Solutions,201-1000,LinkedIn,Cloud Compute,Q4 2025,2025-12-24,Dead,1,,26200,
PROS-02125,REP-0063,Orbit Digital,1-50,Paid Marketing,Cloud Compute,Q1 2026,2026-01-15,Lost,3,2026-01-25,6600,
PROS-02126,REP-0011,Atlas Works,51-200,LinkedIn,Security Suite,Q1 2026,2026-01-10,Lost,4,2026-02-01,41000,
PROS-02127,REP-0076,Apex Solutions,1-50,Paid Marketing,Cloud Compute,Q4 2025,2025-10-10,Lost,3,2025-10-26,15300,
PROS-02128,REP-0086,Ironclad Dynamics,201-1000,Conference,Cloud Compute,Q1 2026,2026-01-16,Won,4,2026-02-15,21300,20100
PROS-02129,REP-0091,Granite Systems,201-1000,Paid Marketing,Cloud Compute,Q2 2026,2026-05-17,Lost,2,2026-06-28,18600,
PROS-02130,REP-0087,Wavefront Group,51-200,Website Inquiry,Cloud Compute,Q1 2026,2026-01-18,Lost,4,2026-02-16,18800,
PROS-02131,REP-0070,Fusion Partners,201-1000,Cold Outreach,Security Suite,Q1 2026,2026-01-24,Won,5,2026-03-15,65900,72900
PROS-02132,REP-0063,Atlas Systems,51-200,Inbound Call,Cloud Storage,Q2 2026,2026-05-17,Dead,0,,9600,
PROS-02133,REP-0030,Sterling Industries,1000-5000,LinkedIn,AI Platform,Q2 2026,2026-06-30,Won,5,2026-06-28,121400,142400
PROS-02134,REP-0030,Northgate Partners,5000+,Inbound Call,Security Suite,Q1 2026,2026-03-22,Lost,2,2026-05-23,153400,
PROS-02135,REP-0029,Apex Holdings,201-1000,LinkedIn,Security Suite,Q4 2025,2025-11-20,Dead,0,,70000,
PROS-02136,REP-0040,Pulse Technologies,201-1000,Referral,Cloud Compute,Q4 2025,2025-12-24,Won,5,2026-01-21,29600,28600
PROS-02137,REP-0089,Cobalt Solutions,1-50,Paid Marketing,Cloud Compute,Q2 2026,2026-06-23,Open,0,,8900,
PROS-02138,REP-0104,Ridgeline Digital,1000-5000,Paid Marketing,Cloud Compute,Q1 2026,2026-01-31,Dead,0,,32700,
PROS-02139,REP-0109,Pulse Systems,51-200,LinkedIn,Cloud Storage,Q1 2026,2026-03-07,Lost,2,2026-03-21,13900,
PROS-02140,REP-0077,Sterling Works,1-50,Paid Marketing,AI Platform,Q1 2026,2026-03-28,Won,2,2026-04-21,57200,61700
PROS-02141,REP-0010,Vertex Partners,1000-5000,Paid Marketing,Data Analytics,Q2 2026,2026-04-01,Dead,0,,82200,
PROS-02142,REP-0004,Solace Works,51-200,Paid Marketing,Cloud Storage,Q2 2026,2026-05-09,Dead,1,,13800,
PROS-02143,REP-0011,Granite Systems,51-200,Paid Marketing,Security Suite,Q4 2025,2025-10-23,Lost,5,2025-11-12,36900,
PROS-02144,REP-0044,Orbit Technologies,1-50,Referral,Cloud Compute,Q2 2026,2026-06-13,Open,1,,8800,
PROS-02145,REP-0028,Apex Dynamics,1-50,Conference,Security Suite,Q2 2026,2026-04-07,Dead,0,,27200,
PROS-02146,REP-0012,Meridian Technologies,51-200,LinkedIn,Security Suite,Q1 2026,2026-03-13,Lost,5,2026-03-30,33600,
PROS-02147,REP-0102,Zenith Works,1-50,Website Inquiry,AI Platform,Q1 2026,2026-02-07,Lost,2,2026-02-20,40900,
PROS-02148,REP-0071,Summit Solutions,1000-5000,LinkedIn,Security Suite,Q2 2026,2026-06-07,Open,0,,91700,
PROS-02149,REP-0063,Fusion Technologies,1-50,Cold Outreach,Cloud Storage,Q1 2026,2026-03-14,Dead,0,,5800,
PROS-02150,REP-0109,Redshift Dynamics,1-50,Paid Marketing,AI Platform,Q2 2026,2026-05-31,Open,0,,56900,
PROS-02151,REP-0062,Lattice Dynamics,1-50,Paid Marketing,Security Suite,Q4 2025,2025-11-11,Dead,2,,27100,
PROS-02152,REP-0053,Redshift Group,201-1000,Website Inquiry,AI Platform,Q2 2026,2026-04-24,Lost,4,2026-05-17,52500,
PROS-02153,REP-0041,Solace Dynamics,51-200,Cold Outreach,Cloud Compute,Q4 2025,2025-10-31,Lost,2,2025-12-08,17500,
PROS-02154,REP-0075,Atlas Dynamics,1000-5000,Paid Marketing,Cloud Storage,Q4 2025,2025-10-12,Dead,1,,26700,
PROS-02155,REP-0032,Redshift Dynamics,1000-5000,LinkedIn,Cloud Compute,Q1 2026,2026-01-25,Lost,5,2026-04-05,35600,
PROS-02156,REP-0037,Catalyst Partners,201-1000,Cold Outreach,Data Analytics,Q2 2026,2026-04-04,Won,4,2026-05-16,38800,38500
PROS-02157,REP-0068,Nova Networks,201-1000,LinkedIn,Cloud Storage,Q4 2025,2025-11-06,Dead,0,,7900,
PROS-02158,REP-0028,Anchor Solutions,51-200,Cold Outreach,Cloud Storage,Q2 2026,2026-06-04,Open,0,,7200,
PROS-02159,REP-0010,Quantum Dynamics,201-1000,Website Inquiry,AI Platform,Q2 2026,2026-04-30,Dead,1,,130200,
PROS-02160,REP-0069,Fusion Labs,51-200,Paid Marketing,Cloud Compute,Q2 2026,2026-04-26,Lost,5,2026-05-12,22600,
PROS-02161,REP-0098,Sterling Systems,51-200,Conference,AI Platform,Q2 2026,2026-04-01,Lost,3,2026-05-10,94700,
PROS-02162,REP-0019,Helix Systems,1000-5000,Paid Marketing,AI Platform,Q2 2026,2026-06-10,Open,0,,149000,
PROS-02163,REP-0013,Cobalt Technologies,1000-5000,Paid Marketing,Data Analytics,Q4 2025,2025-11-04,Lost,3,2025-12-29,51000,
PROS-02164,REP-0021,Northgate Industries,51-200,Conference,Cloud Storage,Q4 2025,2025-12-22,Won,4,2026-01-05,5800,6800
PROS-02165,REP-0075,Vertex Dynamics,201-1000,Referral,Data Analytics,Q1 2026,2026-02-23,Dead,0,,21000,
PROS-02166,REP-0099,Zenith Group,51-200,LinkedIn,Cloud Storage,Q2 2026,2026-06-01,Lost,5,2026-06-27,9300,
PROS-02167,REP-0089,Helix Technologies,1-50,Conference,Cloud Compute,Q2 2026,2026-05-08,Lost,3,2026-05-22,8900,
PROS-02168,REP-0015,Lattice Group,1-50,Website Inquiry,Data Analytics,Q1 2026,2026-03-11,Lost,2,2026-03-19,23600,
PROS-02169,REP-0094,Horizon Digital,51-200,Paid Marketing,Cloud Compute,Q1 2026,2026-01-24,Won,2,2026-02-12,22300,20700
PROS-02170,REP-0020,Orbit Industries,201-1000,Cold Outreach,AI Platform,Q4 2025,2025-11-28,Lost,5,2026-01-16,49500,
PROS-02171,REP-0078,Granite Labs,201-1000,LinkedIn,Cloud Compute,Q2 2026,2026-04-18,Lost,2,2026-05-19,37100,
PROS-02172,REP-0075,Pulse Networks,1000-5000,Inbound Call,AI Platform,Q4 2025,2025-12-02,Lost,5,2025-12-28,73200,
PROS-02173,REP-0042,Orbit Works,51-200,Paid Marketing,Data Analytics,Q2 2026,2026-05-06,Lost,4,2026-05-22,23600,
PROS-02174,REP-0025,Wavefront Labs,1000-5000,Paid Marketing,Cloud Compute,Q4 2025,2025-10-20,Lost,5,2025-12-07,34400,
PROS-02175,REP-0094,Meridian Solutions,1-50,Paid Marketing,Cloud Storage,Q1 2026,2026-03-06,Dead,0,,8800,
PROS-02176,REP-0068,Meridian Works,51-200,Website Inquiry,Cloud Storage,Q2 2026,2026-06-02,Open,1,,12700,
PROS-02177,REP-0107,Ember Industries,1000-5000,Paid Marketing,Cloud Storage,Q4 2025,2025-12-13,Dead,0,,16600,
PROS-02178,REP-0094,Ridgeline Holdings,51-200,Cold Outreach,AI Platform,Q2 2026,2026-04-10,Lost,5,2026-05-05,76500,
PROS-02179,REP-0013,Ember Networks,1000-5000,Cold Outreach,Cloud Storage,Q1 2026,2026-03-15,Dead,0,,13000,
PROS-02180,REP-0107,Anchor Solutions,201-1000,Paid Marketing,Cloud Compute,Q4 2025,2025-11-13,Won,3,2025-12-03,27700,28000
PROS-02181,REP-0109,Cobalt Solutions,1-50,Conference,Cloud Storage,Q4 2025,2025-10-11,Lost,5,2025-10-26,3600,
PROS-02182,REP-0017,Granite Works,201-1000,Cold Outreach,Cloud Storage,Q2 2026,2026-04-08,Dead,0,,9700,
PROS-02183,REP-0001,Apex Solutions,51-200,Website Inquiry,AI Platform,Q2 2026,2026-05-12,Lost,3,2026-06-11,101700,
PROS-02184,REP-0081,Sterling Industries,51-200,Website Inquiry,Cloud Compute,Q4 2025,2025-11-15,Lost,5,2025-11-25,25600,
PROS-02185,REP-0002,Northgate Group,201-1000,Paid Marketing,Cloud Compute,Q2 2026,2026-05-28,Open,2,,13400,
PROS-02186,REP-0023,Ember Dynamics,5000+,Website Inquiry,Security Suite,Q2 2026,2026-04-11,Lost,5,2026-05-25,150200,
PROS-02187,REP-0102,Summit Partners,51-200,Inbound Call,AI Platform,Q2 2026,2026-04-15,Lost,4,2026-04-25,80200,
PROS-02188,REP-0007,Beacon Group,1000-5000,Paid Marketing,Cloud Storage,Q2 2026,2026-05-20,Lost,2,2026-06-21,19200,
PROS-02189,REP-0070,Redshift Systems,201-1000,Website Inquiry,AI Platform,Q2 2026,2026-05-23,Dead,1,,109800,
PROS-02190,REP-0074,Nova Industries,201-1000,Cold Outreach,AI Platform,Q4 2025,2025-12-24,Dead,0,,96000,
PROS-02191,REP-0063,Fusion Systems,1-50,LinkedIn,Security Suite,Q4 2025,2025-11-14,Lost,2,2025-12-07,29000,
PROS-02192,REP-0071,Sterling Digital,1000-5000,Referral,Cloud Compute,Q1 2026,2026-02-12,Dead,0,,33700,
PROS-02193,REP-0027,Northgate Industries,1000-5000,Paid Marketing,Cloud Compute,Q2 2026,2026-06-18,Open,3,,48100,
PROS-02194,REP-0050,Solace Group,5000+,Inbound Call,Cloud Storage,Q4 2025,2025-10-10,Lost,3,2026-01-01,23900,
PROS-02195,REP-0108,Cobalt Partners,51-200,Paid Marketing,Security Suite,Q4 2025,2025-12-30,Lost,3,2026-01-20,62000,
PROS-02196,REP-0036,Zenith Labs,201-1000,Inbound Call,Cloud Storage,Q4 2025,2025-10-15,Won,3,2025-11-21,19400,22800
PROS-02197,REP-0046,Cobalt Labs,1000-5000,Cold Outreach,AI Platform,Q2 2026,2026-05-05,Lost,4,2026-06-17,114700,
PROS-02198,REP-0057,Redshift Solutions,5000+,Paid Marketing,AI Platform,Q4 2025,2025-11-21,Lost,3,2026-01-11,278200,
PROS-02199,REP-0012,Vertex Digital,51-200,Cold Outreach,Cloud Storage,Q2 2026,2026-04-11,Lost,4,2026-04-26,11400,
PROS-02200,REP-0037,Summit Networks,1000-5000,Paid Marketing,Cloud Compute,Q2 2026,2026-06-01,Open,3,,43500,
PROS-02201,REP-0056,Fusion Technologies,1-50,Inbound Call,Data Analytics,Q4 2025,2025-12-16,Lost,5,2025-12-24,25500,
PROS-02202,REP-0088,Catalyst Networks,1-50,Paid Marketing,Data Analytics,Q1 2026,2026-02-22,Lost,4,2026-03-12,14800,
PROS-02203,REP-0065,Horizon Digital,201-1000,Conference,Data Analytics,Q1 2026,2026-01-02,Dead,0,,41600,
PROS-02204,REP-0025,Beacon Labs,201-1000,Paid Marketing,Data Analytics,Q4 2025,2025-11-08,Dead,0,,29300,
PROS-02205,REP-0108,Ridgeline Solutions,1-50,Cold Outreach,Security Suite,Q2 2026,2026-05-05,Dead,0,,37700,
PROS-02206,REP-0086,Wavefront Technologies,201-1000,Paid Marketing,AI Platform,Q2 2026,2026-06-17,Open,0,,62000,
PROS-02207,REP-0102,Nimbus Labs,1-50,Website Inquiry,Cloud Compute,Q2 2026,2026-05-01,Lost,5,2026-05-22,11700,
PROS-02208,REP-0005,Orbit Industries,1-50,Paid Marketing,Cloud Compute,Q1 2026,2026-02-23,Dead,0,,14100,
PROS-02209,REP-0021,Apex Technologies,51-200,Conference,Cloud Storage,Q4 2025,2025-12-30,Won,4,2026-01-12,8700,9700
PROS-02210,REP-0005,Helix Networks,51-200,Website Inquiry,Security Suite,Q4 2025,2025-11-02,Dead,0,,39700,
PROS-02211,REP-0044,Nova Holdings,51-200,Website Inquiry,Cloud Compute,Q4 2025,2025-10-07,Dead,1,,22000,
PROS-02212,REP-0047,Atlas Labs,201-1000,Referral,AI Platform,Q1 2026,2026-01-02,Lost,5,2026-02-04,95400,
PROS-02213,REP-0102,Wavefront Works,1-50,LinkedIn,Cloud Compute,Q2 2026,2026-04-19,Dead,0,,12600,
PROS-02214,REP-0056,Cobalt Networks,1-50,Conference,Data Analytics,Q4 2025,2025-10-12,Lost,2,2025-10-26,10500,
PROS-02215,REP-0048,Catalyst Dynamics,5000+,Cold Outreach,AI Platform,Q2 2026,2026-05-10,Lost,2,2026-06-27,102800,
PROS-02216,REP-0028,Solace Group,51-200,Cold Outreach,Cloud Storage,Q2 2026,2026-05-13,Dead,0,,10700,
PROS-02217,REP-0005,Summit Dynamics,51-200,Paid Marketing,Security Suite,Q1 2026,2026-03-10,Lost,5,2026-03-28,48000,
PROS-02218,REP-0028,Quantum Holdings,1-50,Paid Marketing,AI Platform,Q2 2026,2026-06-21,Open,2,,34400,
PROS-02219,REP-0063,Apex Industries,1-50,LinkedIn,Cloud Storage,Q2 2026,2026-06-12,Won,4,2026-06-21,5400,4800
PROS-02220,REP-0032,Horizon Solutions,5000+,Conference,Cloud Storage,Q1 2026,2026-02-10,Won,8,2026-05-05,44200,41300
PROS-02221,REP-0087,Orbit Systems,1000-5000,Website Inquiry,Cloud Compute,Q4 2025,2025-11-20,Dead,0,,67400,
PROS-02222,REP-0087,Quantum Partners,201-1000,Cold Outreach,Cloud Storage,Q1 2026,2026-03-21,Lost,3,2026-04-19,14900,
PROS-02223,REP-0035,Redshift Solutions,201-1000,Inbound Call,Cloud Compute,Q4 2025,2025-11-10,Won,7,2026-01-15,31200,31600
PROS-02224,REP-0101,Catalyst Networks,201-1000,Cold Outreach,Data Analytics,Q2 2026,2026-06-24,Open,3,,30100,
PROS-02225,REP-0077,Helix Dynamics,1-50,Inbound Call,Cloud Storage,Q4 2025,2025-11-19,Lost,5,2025-12-12,7100,
PROS-02226,REP-0029,Wavefront Works,201-1000,Paid Marketing,Security Suite,Q1 2026,2026-02-15,Lost,4,2026-03-20,62300,
PROS-02227,REP-0028,Ridgeline Dynamics,201-1000,Inbound Call,AI Platform,Q1 2026,2026-01-28,Dead,0,,65600,
PROS-02228,REP-0059,Catalyst Labs,51-200,LinkedIn,Cloud Compute,Q2 2026,2026-06-07,Open,3,,17800,
PROS-02229,REP-0009,Pulse Systems,5000+,Paid Marketing,Cloud Compute,Q1 2026,2026-01-14,Lost,3,2026-02-23,41300,
PROS-02230,REP-0109,Pulse Labs,1-50,Cold Outreach,Cloud Compute,Q4 2025,2025-10-29,Lost,3,2025-11-14,9700,
PROS-02231,REP-0087,Ember Group,201-1000,Cold Outreach,Cloud Compute,Q1 2026,2026-01-12,Dead,0,,26200,
PROS-02232,REP-0027,Wavefront Solutions,201-1000,Cold Outreach,Data Analytics,Q4 2025,2025-10-25,Lost,4,2025-12-23,23500,
PROS-02233,REP-0002,Quantum Solutions,201-1000,Website Inquiry,AI Platform,Q2 2026,2026-06-20,Open,1,,87500,
PROS-02234,REP-0075,Helix Dynamics,201-1000,Paid Marketing,AI Platform,Q2 2026,2026-05-30,Open,0,,104100,
PROS-02235,REP-0007,Fusion Labs,51-200,Cold Outreach,Security Suite,Q2 2026,2026-05-15,Lost,4,2026-06-10,59400,
PROS-02236,REP-0035,Atlas Partners,5000+,Conference,AI Platform,Q2 2026,2026-06-05,Open,0,,397500,
PROS-02237,REP-0094,Anchor Systems,1-50,Paid Marketing,AI Platform,Q2 2026,2026-04-07,Lost,3,2026-04-29,46100,
PROS-02238,REP-0082,Helix Labs,201-1000,Inbound Call,Cloud Storage,Q2 2026,2026-04-20,Lost,5,2026-05-06,12700,
PROS-02239,REP-0081,Horizon Group,51-200,Paid Marketing,Security Suite,Q1 2026,2026-01-19,Lost,3,2026-02-12,25200,
PROS-02240,REP-0078,Orbit Systems,1000-5000,Conference,Cloud Compute,Q2 2026,2026-04-10,Dead,0,,35700,
PROS-02241,REP-0101,Pulse Networks,201-1000,Cold Outreach,Data Analytics,Q4 2025,2025-11-07,Dead,0,,71300,
PROS-02242,REP-0046,Atlas Systems,1000-5000,Website Inquiry,Cloud Storage,Q4 2025,2025-11-24,Dead,0,,33100,
PROS-02243,REP-0097,Meridian Group,51-200,Cold Outreach,Cloud Storage,Q4 2025,2025-10-05,Won,5,2025-10-24,18700,19500
PROS-02244,REP-0089,Meridian Holdings,1-50,Website Inquiry,Data Analytics,Q4 2025,2025-11-18,Lost,4,2025-12-03,7000,
PROS-02245,REP-0108,Horizon Group,1-50,Cold Outreach,Data Analytics,Q4 2025,2025-10-21,Lost,2,2025-11-12,14300,
PROS-02246,REP-0069,Ember Digital,51-200,Website Inquiry,Cloud Compute,Q2 2026,2026-06-13,Open,0,,13900,
PROS-02247,REP-0071,Helix Solutions,1000-5000,Referral,Cloud Storage,Q2 2026,2026-04-09,Dead,0,,22900,
PROS-02248,REP-0003,Northgate Digital,51-200,Inbound Call,Data Analytics,Q1 2026,2026-02-05,Dead,0,,38600,
PROS-02249,REP-0054,Quantum Labs,51-200,Paid Marketing,Data Analytics,Q2 2026,2026-05-15,Won,4,2026-06-27,21200,22000
PROS-02250,REP-0057,Ironclad Digital,1000-5000,Paid Marketing,Cloud Compute,Q2 2026,2026-06-24,Dead,0,,35700,
PROS-02251,REP-0047,Granite Dynamics,201-1000,LinkedIn,Data Analytics,Q2 2026,2026-05-07,Lost,4,2026-05-27,38400,
PROS-02252,REP-0040,Anchor Group,201-1000,Inbound Call,Security Suite,Q1 2026,2026-02-17,Lost,4,2026-04-04,103600,
PROS-02253,REP-0013,Vantage Dynamics,1000-5000,Paid Marketing,Cloud Compute,Q2 2026,2026-06-25,Open,0,,38800,
PROS-02254,REP-0021,Nimbus Industries,1-50,Cold Outreach,AI Platform,Q2 2026,2026-05-02,Lost,2,2026-05-16,14200,
PROS-02255,REP-0102,Vertex Technologies,1-50,Website Inquiry,AI Platform,Q1 2026,2026-01-22,Won,2,2026-02-07,43100,37800
PROS-02256,REP-0093,Pulse Labs,1-50,Conference,Cloud Compute,Q2 2026,2026-06-09,Open,2,,13800,
PROS-02257,REP-0041,Solace Digital,201-1000,Cold Outreach,Cloud Storage,Q2 2026,2026-06-10,Open,0,,16600,
PROS-02258,REP-0039,Anchor Technologies,1000-5000,Paid Marketing,Cloud Storage,Q4 2025,2025-11-17,Dead,0,,19300,
PROS-02259,REP-0096,Northgate Works,51-200,Cold Outreach,Data Analytics,Q1 2026,2026-02-27,Lost,4,2026-03-15,26200,
PROS-02260,REP-0008,Granite Digital,201-1000,Paid Marketing,Cloud Compute,Q1 2026,2026-01-08,Dead,0,,20300,
PROS-02261,REP-0004,Helix Technologies,51-200,Website Inquiry,AI Platform,Q1 2026,2026-02-26,Won,4,2026-03-12,93100,93800
PROS-02262,REP-0101,Solace Labs,201-1000,Inbound Call,AI Platform,Q2 2026,2026-06-06,Won,3,2026-06-26,76600,69300
PROS-02263,REP-0036,Summit Networks,201-1000,Inbound Call,Data Analytics,Q1 2026,2026-02-18,Lost,5,2026-04-07,55200,
PROS-02264,REP-0106,Ironclad Solutions,201-1000,Cold Outreach,Security Suite,Q2 2026,2026-06-15,Lost,3,2026-06-28,59100,
PROS-02265,REP-0081,Nimbus Systems,1-50,Website Inquiry,Cloud Compute,Q1 2026,2026-01-03,Dead,0,,9100,
PROS-02266,REP-0074,Horizon Digital,51-200,Paid Marketing,AI Platform,Q2 2026,2026-06-25,Lost,5,2026-06-28,69800,
PROS-02267,REP-0054,Northgate Partners,201-1000,Referral,AI Platform,Q4 2025,2025-12-31,Dead,0,,45000,
PROS-02268,REP-0048,Lattice Works,5000+,Paid Marketing,Security Suite,Q2 2026,2026-05-15,Lost,2,2026-06-30,148500,
PROS-02269,REP-0075,Quantum Solutions,51-200,LinkedIn,AI Platform,Q2 2026,2026-06-16,Open,2,,78700,
PROS-02270,REP-0063,Ironclad Technologies,1-50,Paid Marketing,Cloud Storage,Q2 2026,2026-05-02,Dead,0,,3200,
PROS-02271,REP-0024,Atlas Industries,1-50,Website Inquiry,AI Platform,Q2 2026,2026-05-15,Dead,0,,40400,
PROS-02272,REP-0109,Helix Holdings,1-50,Conference,Cloud Storage,Q4 2025,2025-12-11,Dead,0,,8800,
PROS-02273,REP-0094,Lattice Partners,51-200,Cold Outreach,Cloud Compute,Q4 2025,2025-10-19,Lost,5,2025-11-12,10900,
PROS-02274,REP-0094,Pulse Dynamics,1-50,Website Inquiry,AI Platform,Q1 2026,2026-01-18,Dead,0,,42800,
PROS-02275,REP-0058,Zenith Technologies,1000-5000,Inbound Call,Security Suite,Q2 2026,2026-04-21,Won,6,2026-05-31,135800,132400
PROS-02276,REP-0058,Summit Systems,1000-5000,Paid Marketing,AI Platform,Q4 2025,2025-10-05,Dead,1,,203200,
PROS-02277,REP-0086,Vantage Industries,201-1000,LinkedIn,AI Platform,Q1 2026,2026-02-20,Dead,1,,80000,
PROS-02278,REP-0022,Zenith Digital,201-1000,Cold Outreach,Cloud Compute,Q1 2026,2026-02-07,Dead,0,,20100,
PROS-02279,REP-0005,Drift Holdings,1-50,Inbound Call,Security Suite,Q2 2026,2026-05-28,Won,4,2026-06-18,22300,20000
PROS-02280,REP-0008,Nova Group,201-1000,LinkedIn,Security Suite,Q4 2025,2025-12-14,Lost,5,2026-01-20,47500,
PROS-02281,REP-0019,Granite Technologies,1000-5000,Inbound Call,Data Analytics,Q2 2026,2026-04-26,Dead,1,,54800,
PROS-02282,REP-0058,Atlas Solutions,1000-5000,Paid Marketing,Data Analytics,Q2 2026,2026-04-21,Won,5,2026-06-30,70700,60200
PROS-02283,REP-0095,Atlas Digital,1-50,Conference,Cloud Compute,Q4 2025,2025-10-21,Won,2,2025-10-28,17000,18700
PROS-02284,REP-0009,Fusion Holdings,5000+,LinkedIn,Security Suite,Q2 2026,2026-06-16,Dead,0,,101500,
PROS-02285,REP-0055,Helix Digital,5000+,Paid Marketing,Data Analytics,Q4 2025,2025-10-26,Dead,0,,89100,
PROS-02286,REP-0077,Pulse Works,51-200,Referral,Security Suite,Q4 2025,2025-10-21,Won,2,2025-11-05,28100,27900
PROS-02287,REP-0086,Nimbus Group,1000-5000,Inbound Call,Cloud Compute,Q2 2026,2026-06-26,Open,0,,62400,
PROS-02288,REP-0065,Helix Solutions,1000-5000,Cold Outreach,AI Platform,Q1 2026,2026-03-23,Won,5,2026-04-17,158200,151900
PROS-02289,REP-0027,Pulse Digital,5000+,Cold Outreach,Cloud Compute,Q4 2025,2025-10-14,Dead,1,,63600,
PROS-02290,REP-0102,Beacon Industries,1-50,Inbound Call,Cloud Compute,Q4 2025,2025-11-01,Lost,2,2025-11-21,10700,
PROS-02291,REP-0068,Vantage Digital,201-1000,Cold Outreach,AI Platform,Q2 2026,2026-04-14,Lost,3,2026-05-07,72300,
PROS-02292,REP-0028,Solace Technologies,1-50,LinkedIn,Data Analytics,Q1 2026,2026-03-15,Lost,3,2026-03-30,7500,
PROS-02293,REP-0088,Ironclad Works,1-50,Paid Marketing,AI Platform,Q2 2026,2026-06-10,Open,2,,18500,
PROS-02294,REP-0099,Meridian Labs,201-1000,Website Inquiry,AI Platform,Q2 2026,2026-04-29,Lost,3,2026-05-21,112800,
PROS-02295,REP-0051,Quantum Labs,1000-5000,Cold Outreach,AI Platform,Q2 2026,2026-06-27,Open,1,,60100,
PROS-02296,REP-0022,Ironclad Solutions,51-200,Inbound Call,Security Suite,Q4 2025,2025-11-24,Lost,4,2026-01-12,48800,
PROS-02297,REP-0046,Redshift Digital,201-1000,Cold Outreach,Cloud Compute,Q1 2026,2026-02-20,Won,4,2026-04-05,28100,30400
PROS-02298,REP-0074,Apex Partners,1000-5000,Inbound Call,Security Suite,Q2 2026,2026-04-25,Lost,5,2026-05-10,91500,
PROS-02299,REP-0056,Atlas Works,51-200,Website Inquiry,Cloud Compute,Q2 2026,2026-06-26,Lost,3,2026-06-29,27700,
PROS-02300,REP-0034,Anchor Labs,1000-5000,Website Inquiry,Data Analytics,Q1 2026,2026-01-23,Dead,1,,60600,
PROS-02301,REP-0075,Sterling Digital,51-200,Cold Outreach,Data Analytics,Q1 2026,2026-01-25,Dead,0,,31500,
PROS-02302,REP-0092,Horizon Industries,1000-5000,LinkedIn,Data Analytics,Q4 2025,2025-12-12,Dead,0,,47400,
PROS-02303,REP-0021,Granite Works,1-50,Website Inquiry,Data Analytics,Q1 2026,2026-01-08,Dead,0,,11000,
PROS-02304,REP-0088,Solace Works,1-50,Cold Outreach,Cloud Compute,Q4 2025,2025-11-12,Dead,0,,17100,
PROS-02305,REP-0103,Horizon Group,51-200,LinkedIn,AI Platform,Q4 2025,2025-12-26,Dead,2,,75800,
PROS-02306,REP-0064,Vantage Dynamics,201-1000,Conference,Security Suite,Q2 2026,2026-04-27,Lost,3,2026-06-03,30500,
PROS-02307,REP-0021,Wavefront Dynamics,1-50,LinkedIn,Security Suite,Q4 2025,2025-12-20,Lost,2,2026-01-02,19300,
PROS-02308,REP-0021,Anchor Holdings,1-50,Paid Marketing,Cloud Compute,Q4 2025,2025-11-16,Dead,1,,5900,
PROS-02309,REP-0049,Anchor Systems,1000-5000,Paid Marketing,Data Analytics,Q2 2026,2026-06-24,Open,0,,52500,
PROS-02310,REP-0019,Granite Technologies,51-200,Paid Marketing,Data Analytics,Q2 2026,2026-06-06,Open,1,,30000,
PROS-02311,REP-0042,Ironclad Dynamics,51-200,Conference,Security Suite,Q4 2025,2025-11-10,Won,2,2025-11-17,47500,44600
PROS-02312,REP-0093,Redshift Group,51-200,Paid Marketing,AI Platform,Q2 2026,2026-05-27,Open,1,,44800,
PROS-02313,REP-0074,Vertex Industries,1000-5000,LinkedIn,Data Analytics,Q2 2026,2026-04-28,Lost,5,2026-05-22,30300,
PROS-02314,REP-0090,Meridian Digital,5000+,Paid Marketing,AI Platform,Q2 2026,2026-05-26,Lost,5,2026-06-28,222900,
PROS-02315,REP-0087,Anchor Digital,51-200,Paid Marketing,Data Analytics,Q4 2025,2025-11-25,Dead,1,,21300,
PROS-02316,REP-0007,Vantage Industries,1000-5000,Paid Marketing,Cloud Storage,Q1 2026,2026-02-11,Lost,2,2026-03-25,13600,
PROS-02317,REP-0015,Ember Technologies,1-50,Referral,Cloud Compute,Q4 2025,2025-10-29,Dead,2,,14600,
PROS-02318,REP-0098,Granite Works,201-1000,Website Inquiry,Cloud Storage,Q1 2026,2026-02-06,Dead,0,,11600,
PROS-02319,REP-0045,Drift Systems,201-1000,Website Inquiry,Cloud Compute,Q2 2026,2026-05-02,Lost,5,2026-06-27,27800,
PROS-02320,REP-0003,Orbit Solutions,51-200,Inbound Call,Data Analytics,Q1 2026,2026-01-27,Lost,2,2026-02-05,16000,
PROS-02321,REP-0077,Nimbus Dynamics,201-1000,Paid Marketing,Cloud Compute,Q2 2026,2026-05-28,Lost,3,2026-06-17,23500,
PROS-02322,REP-0011,Vantage Dynamics,1-50,Paid Marketing,AI Platform,Q2 2026,2026-06-20,Lost,4,2026-06-27,18900,
PROS-02323,REP-0038,Ironclad Labs,1000-5000,Referral,Cloud Compute,Q4 2025,2025-10-30,Lost,3,2025-12-04,31500,
PROS-02324,REP-0096,Atlas Systems,1-50,Referral,AI Platform,Q2 2026,2026-04-24,Lost,5,2026-05-19,43200,
PROS-02325,REP-0017,Anchor Group,1000-5000,Paid Marketing,Data Analytics,Q4 2025,2025-12-28,Dead,0,,53700,
PROS-02326,REP-0081,Vantage Holdings,51-200,Paid Marketing,AI Platform,Q1 2026,2026-01-29,Dead,1,,91400,
PROS-02327,REP-0108,Nimbus Labs,51-200,Website Inquiry,Cloud Storage,Q2 2026,2026-05-13,Lost,2,2026-05-24,8200,
PROS-02328,REP-0035,Anchor Labs,201-1000,Cold Outreach,Cloud Compute,Q4 2025,2025-11-13,Lost,3,2025-12-26,30500,
PROS-02329,REP-0077,Meridian Group,51-200,Conference,Cloud Storage,Q1 2026,2026-02-24,Dead,1,,14200,
PROS-02330,REP-0106,Catalyst Group,201-1000,Inbound Call,AI Platform,Q2 2026,2026-05-22,Lost,3,2026-06-13,39800,
PROS-02331,REP-0105,Helix Industries,51-200,Cold Outreach,Cloud Storage,Q2 2026,2026-04-20,Lost,5,2026-05-16,7000,
PROS-02332,REP-0101,Granite Partners,51-200,Cold Outreach,Cloud Storage,Q4 2025,2025-12-30,Dead,1,,10100,
PROS-02333,REP-0100,Ember Dynamics,201-1000,LinkedIn,AI Platform,Q4 2025,2025-11-18,Lost,4,2026-01-03,88900,
PROS-02334,REP-0064,Quantum Group,201-1000,Paid Marketing,Cloud Compute,Q4 2025,2025-10-28,Lost,3,2025-12-02,27800,
PROS-02335,REP-0031,Cobalt Dynamics,201-1000,Cold Outreach,Cloud Storage,Q2 2026,2026-04-02,Lost,3,2026-05-08,9600,
PROS-02336,REP-0062,Nova Holdings,51-200,Referral,Cloud Compute,Q1 2026,2026-03-20,Dead,0,,17500,
PROS-02337,REP-0086,Catalyst Networks,51-200,Cold Outreach,Security Suite,Q2 2026,2026-05-15,Lost,4,2026-06-24,38400,
PROS-02338,REP-0100,Nimbus Partners,51-200,Website Inquiry,AI Platform,Q1 2026,2026-02-19,Lost,2,2026-03-09,48600,
PROS-02339,REP-0070,Summit Solutions,201-1000,Paid Marketing,Security Suite,Q2 2026,2026-04-07,Dead,0,,95800,
PROS-02340,REP-0071,Drift Dynamics,51-200,Cold Outreach,Cloud Storage,Q1 2026,2026-01-08,Dead,0,,11700,
PROS-02341,REP-0077,Drift Industries,51-200,LinkedIn,Cloud Compute,Q4 2025,2025-10-29,Lost,4,2025-11-20,18400,
PROS-02342,REP-0044,Fusion Systems,201-1000,Paid Marketing,Cloud Storage,Q2 2026,2026-04-01,Lost,5,2026-04-19,9100,
PROS-02343,REP-0022,Granite Systems,201-1000,Cold Outreach,AI Platform,Q2 2026,2026-06-12,Open,0,,45700,
PROS-02344,REP-0063,Atlas Labs,1-50,Cold Outreach,Security Suite,Q4 2025,2025-12-07,Lost,5,2025-12-28,24600,
PROS-02345,REP-0044,Lattice Group,51-200,Website Inquiry,Data Analytics,Q4 2025,2025-12-10,Lost,4,2025-12-30,25300,
PROS-02346,REP-0065,Northgate Digital,201-1000,Inbound Call,Cloud Storage,Q4 2025,2025-10-10,Lost,2,2025-11-09,15500,
PROS-02347,REP-0065,Anchor Labs,1000-5000,Website Inquiry,Cloud Compute,Q1 2026,2026-01-26,Lost,3,2026-02-22,68900,
PROS-02348,REP-0040,Zenith Industries,201-1000,Website Inquiry,Security Suite,Q1 2026,2026-03-24,Lost,3,2026-05-13,34800,
PROS-02349,REP-0038,Orbit Works,1000-5000,Paid Marketing,Cloud Storage,Q4 2025,2025-12-12,Dead,1,,16400,
PROS-02350,REP-0073,Lattice Networks,51-200,Inbound Call,Cloud Compute,Q1 2026,2026-03-27,Won,3,2026-04-21,20000,19400
PROS-02351,REP-0100,Fusion Industries,201-1000,Paid Marketing,Cloud Storage,Q1 2026,2026-03-15,Dead,0,,10300,
PROS-02352,REP-0071,Zenith Group,201-1000,Paid Marketing,Security Suite,Q4 2025,2025-10-03,Dead,0,,46900,
PROS-02353,REP-0010,Vertex Digital,201-1000,Cold Outreach,Cloud Compute,Q1 2026,2026-01-05,Dead,0,,13600,
PROS-02354,REP-0086,Horizon Partners,51-200,Website Inquiry,AI Platform,Q4 2025,2025-11-23,Lost,5,2025-12-10,58200,
PROS-02355,REP-0024,Beacon Partners,51-200,Inbound Call,Security Suite,Q4 2025,2025-12-30,Won,3,2026-01-20,25500,30100
PROS-02356,REP-0005,Pulse Technologies,51-200,Paid Marketing,AI Platform,Q2 2026,2026-06-18,Open,1,,52200,
PROS-02357,REP-0053,Pulse Industries,1-50,Website Inquiry,Security Suite,Q1 2026,2026-03-24,Lost,3,2026-04-01,24500,
PROS-02358,REP-0101,Summit Holdings,201-1000,Inbound Call,Cloud Compute,Q4 2025,2025-10-11,Dead,1,,46200,
PROS-02359,REP-0074,Summit Holdings,51-200,LinkedIn,Security Suite,Q1 2026,2026-03-30,Dead,0,,32400,
PROS-02360,REP-0015,Ridgeline Solutions,1-50,Referral,Data Analytics,Q2 2026,2026-04-23,Won,4,2026-05-18,25100,27500
PROS-02361,REP-0011,Lattice Industries,51-200,LinkedIn,Cloud Compute,Q1 2026,2026-02-20,Dead,0,,15800,
PROS-02362,REP-0084,Lattice Group,51-200,Website Inquiry,Cloud Storage,Q2 2026,2026-05-17,Lost,3,2026-06-01,10100,
PROS-02363,REP-0072,Summit Dynamics,1000-5000,Website Inquiry,Cloud Storage,Q2 2026,2026-06-16,Open,0,,25900,
PROS-02364,REP-0087,Meridian Technologies,1000-5000,Cold Outreach,AI Platform,Q2 2026,2026-04-16,Lost,5,2026-05-09,260100,
PROS-02365,REP-0067,Vantage Works,5000+,Website Inquiry,Cloud Storage,Q2 2026,2026-06-22,Open,1,,26500,
PROS-02366,REP-0052,Quantum Holdings,1000-5000,Website Inquiry,Data Analytics,Q2 2026,2026-04-05,Lost,3,2026-06-03,78600,
PROS-02367,REP-0021,Ironclad Labs,201-1000,Cold Outreach,Data Analytics,Q2 2026,2026-06-25,Open,1,,22000,
PROS-02368,REP-0075,Northgate Industries,1000-5000,Paid Marketing,AI Platform,Q1 2026,2026-03-21,Dead,0,,165100,
PROS-02369,REP-0017,Granite Systems,201-1000,Referral,Security Suite,Q2 2026,2026-04-18,Dead,0,,68900,
PROS-02370,REP-0024,Nova Solutions,51-200,Cold Outreach,Cloud Compute,Q1 2026,2026-01-20,Lost,4,2026-02-14,16700,
PROS-02371,REP-0107,Ridgeline Holdings,1000-5000,Inbound Call,Cloud Compute,Q4 2025,2025-10-01,Won,4,2025-11-10,62900,68700
PROS-02372,REP-0081,Zenith Systems,1-50,Referral,Cloud Storage,Q2 2026,2026-06-27,Open,0,,7000,
PROS-02373,REP-0080,Wavefront Systems,201-1000,LinkedIn,Cloud Compute,Q2 2026,2026-06-07,Open,1,,29300,
PROS-02374,REP-0088,Nova Dynamics,51-200,Paid Marketing,Data Analytics,Q2 2026,2026-04-08,Dead,0,,33800,
PROS-02375,REP-0050,Solace Group,1000-5000,Paid Marketing,AI Platform,Q1 2026,2026-02-25,Dead,1,,93700,
PROS-02376,REP-0072,Fusion Solutions,51-200,Conference,AI Platform,Q2 2026,2026-06-09,Open,1,,33100,
PROS-02377,REP-0076,Zenith Works,51-200,Paid Marketing,Cloud Compute,Q2 2026,2026-05-29,Dead,1,,18100,
PROS-02378,REP-0074,Vertex Dynamics,201-1000,Website Inquiry,AI Platform,Q1 2026,2026-02-26,Lost,2,2026-04-07,54800,
PROS-02379,REP-0087,Apex Solutions,51-200,Paid Marketing,Security Suite,Q4 2025,2025-10-07,Lost,2,2025-10-27,68400,
PROS-02380,REP-0065,Horizon Works,51-200,Website Inquiry,Data Analytics,Q2 2026,2026-05-01,Dead,0,,31100,
PROS-02381,REP-0003,Summit Technologies,1-50,Cold Outreach,Cloud Storage,Q1 2026,2026-01-02,Lost,3,2026-01-12,4000,
PROS-02382,REP-0013,Cobalt Networks,5000+,Cold Outreach,Cloud Storage,Q4 2025,2025-11-21,Lost,4,2025-12-23,29300,
PROS-02383,REP-0028,Fusion Solutions,1-50,LinkedIn,Data Analytics,Q1 2026,2026-02-09,Won,3,2026-03-01,18300,18400
PROS-02384,REP-0096,Northgate Partners,51-200,Website Inquiry,Security Suite,Q1 2026,2026-02-14,Dead,1,,21900,
PROS-02385,REP-0046,Granite Technologies,201-1000,Cold Outreach,Data Analytics,Q1 2026,2026-02-07,Lost,5,2026-03-12,37500,
PROS-02386,REP-0109,Vantage Works,1-50,Paid Marketing,Data Analytics,Q4 2025,2025-10-26,Dead,0,,11100,
PROS-02387,REP-0053,Catalyst Solutions,201-1000,Paid Marketing,Cloud Compute,Q2 2026,2026-06-16,Dead,0,,29200,
PROS-02388,REP-0056,Zenith Systems,51-200,LinkedIn,Cloud Compute,Q1 2026,2026-01-02,Lost,2,2026-01-20,12900,
PROS-02389,REP-0076,Wavefront Industries,1-50,LinkedIn,Data Analytics,Q4 2025,2025-11-15,Lost,3,2025-12-06,18000,
PROS-02390,REP-0080,Lattice Group,1000-5000,Website Inquiry,Security Suite,Q2 2026,2026-06-23,Open,3,,48500,
PROS-02391,REP-0044,Meridian Partners,1-50,Cold Outreach,Cloud Compute,Q1 2026,2026-02-11,Lost,3,2026-03-05,12600,
PROS-02392,REP-0077,Granite Labs,1-50,Cold Outreach,Data Analytics,Q1 2026,2026-03-07,Won,3,2026-03-28,14600,12800
PROS-02393,REP-0011,Helix Group,1-50,Paid Marketing,Cloud Compute,Q4 2025,2025-12-01,Dead,0,,12600,
PROS-02394,REP-0103,Nimbus Industries,1-50,Website Inquiry,Data Analytics,Q4 2025,2025-12-19,Dead,0,,13900,
PROS-02395,REP-0109,Atlas Industries,1-50,Paid Marketing,Security Suite,Q2 2026,2026-05-20,Lost,2,2026-06-02,24000,
PROS-02396,REP-0019,Wavefront Industries,201-1000,Cold Outreach,Data Analytics,Q4 2025,2025-12-10,Dead,0,,46000,
PROS-02397,REP-0032,Ironclad Digital,1000-5000,Paid Marketing,Cloud Compute,Q2 2026,2026-06-21,Lost,5,2026-06-28,55000,
PROS-02398,REP-0034,Beacon Systems,201-1000,LinkedIn,Data Analytics,Q4 2025,2025-12-27,Lost,2,2026-01-27,21200,
PROS-02399,REP-0073,Horizon Networks,201-1000,Cold Outreach,Cloud Storage,Q1 2026,2026-02-12,Dead,0,,6900,
PROS-02400,REP-0049,Wavefront Holdings,201-1000,Inbound Call,Cloud Storage,Q1 2026,2026-03-15,Lost,4,2026-04-20,17000,
PROS-02401,REP-0067,Drift Digital,1000-5000,Website Inquiry,Cloud Storage,Q4 2025,2025-12-19,Lost,5,2026-03-12,24200,
PROS-02402,REP-0087,Pulse Systems,51-200,Website Inquiry,Data Analytics,Q1 2026,2026-01-09,Lost,5,2026-02-15,33400,
PROS-02403,REP-0013,Summit Technologies,5000+,Paid Marketing,Security Suite,Q4 2025,2025-11-17,Lost,4,2026-01-27,94400,
PROS-02404,REP-0015,Atlas Solutions,1-50,Cold Outreach,Security Suite,Q1 2026,2026-03-05,Lost,3,2026-03-20,23500,
PROS-02405,REP-0003,Horizon Partners,1-50,Website Inquiry,Cloud Storage,Q1 2026,2026-02-22,Lost,3,2026-03-04,8700,
PROS-02406,REP-0101,Lattice Solutions,201-1000,Website Inquiry,Security Suite,Q4 2025,2025-11-28,Won,4,2025-12-15,110600,97900
PROS-02407,REP-0042,Quantum Dynamics,1-50,Website Inquiry,AI Platform,Q4 2025,2025-11-18,Won,3,2025-12-01,29000,30600
PROS-02408,REP-0015,Redshift Networks,51-200,Inbound Call,Data Analytics,Q4 2025,2025-11-03,Won,2,2025-11-22,34000,31900
PROS-02409,REP-0018,Ridgeline Solutions,1000-5000,Paid Marketing,Cloud Storage,Q2 2026,2026-06-09,Open,0,,31200,
PROS-02410,REP-0089,Pulse Labs,51-200,Inbound Call,Data Analytics,Q4 2025,2025-10-31,Won,4,2025-11-16,14300,15900
PROS-02411,REP-0037,Quantum Partners,51-200,Cold Outreach,Cloud Storage,Q4 2025,2025-10-10,Dead,0,,12400,
PROS-02412,REP-0037,Beacon Networks,51-200,Website Inquiry,Data Analytics,Q2 2026,2026-06-07,Open,2,,24000,
PROS-02413,REP-0004,Helix Systems,1-50,Website Inquiry,Cloud Storage,Q2 2026,2026-06-14,Won,2,2026-06-29,5400,5000
PROS-02414,REP-0106,Apex Solutions,51-200,Conference,Data Analytics,Q4 2025,2025-12-17,Lost,2,2026-01-02,24800,
PROS-02415,REP-0032,Catalyst Technologies,1000-5000,Conference,Cloud Storage,Q4 2025,2025-10-18,Lost,2,2025-12-30,11600,
PROS-02416,REP-0032,Zenith Dynamics,1000-5000,Conference,Cloud Compute,Q4 2025,2025-11-26,Dead,0,,33400,
PROS-02417,REP-0037,Nova Networks,51-200,Website Inquiry,AI Platform,Q2 2026,2026-04-02,Dead,1,,47700,
PROS-02418,REP-0028,Northgate Labs,1-50,Paid Marketing,Cloud Compute,Q4 2025,2025-12-10,Lost,3,2025-12-28,13500,
PROS-02419,REP-0099,Meridian Solutions,201-1000,LinkedIn,Cloud Compute,Q4 2025,2025-12-01,Won,4,2026-01-06,23300,22400
PROS-02420,REP-0062,Summit Partners,1-50,Cold Outreach,AI Platform,Q1 2026,2026-03-28,Lost,2,2026-04-11,19600,
PROS-02421,REP-0062,Atlas Solutions,1-50,Cold Outreach,AI Platform,Q2 2026,2026-06-21,Lost,4,2026-06-28,29100,
PROS-02422,REP-0020,Atlas Group,1000-5000,Paid Marketing,Data Analytics,Q2 2026,2026-04-27,Lost,2,2026-06-30,35300,
PROS-02423,REP-0094,Apex Dynamics,1-50,LinkedIn,Cloud Storage,Q1 2026,2026-02-15,Won,3,2026-02-24,3800,4200
PROS-02424,REP-0074,Zenith Partners,201-1000,Website Inquiry,Cloud Storage,Q4 2025,2025-10-10,Lost,3,2025-10-29,16400,
PROS-02425,REP-0013,Horizon Dynamics,1000-5000,Paid Marketing,Security Suite,Q1 2026,2026-01-03,Dead,0,,97800,
PROS-02426,REP-0012,Catalyst Systems,201-1000,Website Inquiry,Cloud Storage,Q1 2026,2026-01-28,Dead,1,,11000,
PROS-02427,REP-0091,Beacon Dynamics,51-200,Conference,AI Platform,Q2 2026,2026-06-25,Open,1,,84200,
PROS-02428,REP-0078,Zenith Technologies,201-1000,Cold Outreach,Cloud Storage,Q1 2026,2026-03-19,Dead,1,,17400,
PROS-02429,REP-0098,Summit Group,201-1000,Paid Marketing,Data Analytics,Q1 2026,2026-02-27,Dead,0,,33900,
PROS-02430,REP-0051,Ironclad Partners,5000+,Paid Marketing,Cloud Compute,Q4 2025,2025-12-27,Dead,0,,89600,
PROS-02431,REP-0083,Wavefront Dynamics,51-200,Website Inquiry,Cloud Storage,Q1 2026,2026-03-09,Lost,4,2026-04-07,13100,
PROS-02432,REP-0027,Northgate Group,5000+,Conference,AI Platform,Q2 2026,2026-06-12,Open,1,,345000,
PROS-02433,REP-0094,Horizon Systems,1-50,Paid Marketing,Data Analytics,Q4 2025,2025-10-05,Won,3,2025-10-19,18700,21600
PROS-02434,REP-0021,Summit Digital,1-50,Website Inquiry,Cloud Storage,Q1 2026,2026-02-09,Dead,0,,6300,
PROS-02435,REP-0012,Nimbus Works,51-200,Cold Outreach,Cloud Compute,Q1 2026,2026-03-20,Dead,0,,17900,
PROS-02436,REP-0062,Pulse Group,1-50,Inbound Call,Cloud Storage,Q1 2026,2026-03-28,Dead,0,,6700,
PROS-02437,REP-0083,Solace Industries,51-200,Cold Outreach,Cloud Storage,Q4 2025,2025-10-14,Dead,0,,12600,
PROS-02438,REP-0071,Ironclad Dynamics,201-1000,Inbound Call,Cloud Compute,Q2 2026,2026-05-03,Lost,3,2026-06-20,27500,
PROS-02439,REP-0035,Vertex Networks,1000-5000,Conference,AI Platform,Q2 2026,2026-04-05,Won,6,2026-05-11,268700,267500
PROS-02440,REP-0008,Granite Digital,1000-5000,Website Inquiry,Cloud Storage,Q1 2026,2026-02-16,Dead,0,,16500,
PROS-02441,REP-0087,Anchor Solutions,51-200,Website Inquiry,Cloud Compute,Q4 2025,2025-11-09,Lost,4,2025-12-23,25500,
PROS-02442,REP-0092,Beacon Industries,5000+,Website Inquiry,Data Analytics,Q4 2025,2025-10-28,Lost,5,2026-01-15,138600,
PROS-02443,REP-0056,Ember Solutions,1-50,Paid Marketing,Cloud Compute,Q2 2026,2026-04-28,Dead,0,,13200,
PROS-02444,REP-0035,Apex Works,1000-5000,Paid Marketing,Cloud Compute,Q1 2026,2026-02-21,Dead,1,,71800,
PROS-02445,REP-0068,Solace Labs,201-1000,Website Inquiry,Security Suite,Q2 2026,2026-05-04,Lost,5,2026-06-20,42300,
PROS-02446,REP-0021,Horizon Works,1-50,Website Inquiry,Cloud Storage,Q4 2025,2025-10-31,Lost,5,2025-11-11,6300,
PROS-02447,REP-0032,Pulse Labs,201-1000,Paid Marketing,Cloud Compute,Q4 2025,2025-11-07,Lost,4,2026-01-18,36500,
PROS-02448,REP-0103,Drift Labs,51-200,Inbound Call,Cloud Compute,Q1 2026,2026-03-04,Dead,0,,14500,
PROS-02449,REP-0029,Vantage Solutions,201-1000,Referral,Security Suite,Q1 2026,2026-01-20,Lost,2,2026-02-28,26300,
PROS-02450,REP-0049,Summit Digital,51-200,LinkedIn,AI Platform,Q2 2026,2026-04-26,Lost,3,2026-06-06,47100,
PROS-02451,REP-0024,Cobalt Holdings,1-50,Referral,Data Analytics,Q1 2026,2026-02-10,Lost,4,2026-03-01,17100,
PROS-02452,REP-0015,Solace Works,51-200,Paid Marketing,Cloud Compute,Q2 2026,2026-05-01,Lost,2,2026-05-08,23900,
PROS-02453,REP-0039,Northgate Dynamics,1000-5000,Paid Marketing,Cloud Storage,Q4 2025,2025-12-02,Lost,3,2026-01-31,29600,
PROS-02454,REP-0108,Orbit Labs,1-50,Conference,Data Analytics,Q4 2025,2025-11-17,Lost,4,2025-12-12,19700,
PROS-02455,REP-0101,Ember Dynamics,201-1000,Paid Marketing,AI Platform,Q2 2026,2026-06-14,Open,2,,77600,
PROS-02456,REP-0037,Solace Labs,1000-5000,Cold Outreach,Security Suite,Q1 2026,2026-02-06,Lost,3,2026-03-23,200300,
PROS-02457,REP-0011,Wavefront Group,1-50,Cold Outreach,Cloud Compute,Q4 2025,2025-10-24,Lost,5,2025-11-16,9500,
PROS-02458,REP-0055,Pulse Holdings,5000+,Referral,AI Platform,Q2 2026,2026-05-20,Lost,2,2026-06-30,174100,
PROS-02459,REP-0094,Ironclad Networks,51-200,LinkedIn,Cloud Compute,Q1 2026,2026-01-28,Dead,0,,17200,
PROS-02460,REP-0081,Anchor Labs,51-200,LinkedIn,AI Platform,Q4 2025,2025-10-22,Won,4,2025-11-10,74700,85700
PROS-02461,REP-0062,Vertex Works,1-50,Paid Marketing,Security Suite,Q4 2025,2025-12-03,Dead,0,,17700,
PROS-02462,REP-0051,Sterling Holdings,1000-5000,LinkedIn,AI Platform,Q2 2026,2026-04-10,Lost,2,2026-05-25,66700,
PROS-02463,REP-0038,Granite Partners,201-1000,Website Inquiry,AI Platform,Q2 2026,2026-06-08,Open,1,,77600,
PROS-02464,REP-0071,Horizon Holdings,201-1000,Inbound Call,AI Platform,Q2 2026,2026-05-01,Dead,0,,44000,
PROS-02465,REP-0028,Redshift Group,201-1000,Cold Outreach,Cloud Compute,Q4 2025,2025-10-26,Dead,0,,19100,
PROS-02466,REP-0016,Northgate Dynamics,5000+,Paid Marketing,Cloud Storage,Q4 2025,2025-10-12,Dead,0,,28300,
PROS-02467,REP-0011,Drift Digital,1-50,Inbound Call,Cloud Storage,Q1 2026,2026-03-30,Dead,0,,7300,
PROS-02468,REP-0017,Drift Labs,201-1000,Inbound Call,Security Suite,Q2 2026,2026-04-30,Lost,4,2026-06-19,60100,
PROS-02469,REP-0021,Wavefront Partners,1-50,Cold Outreach,Cloud Compute,Q4 2025,2025-12-08,Lost,4,2025-12-24,11900,
PROS-02470,REP-0102,Nova Technologies,1-50,Paid Marketing,Cloud Storage,Q4 2025,2025-11-25,Lost,3,2025-12-06,3200,
PROS-02471,REP-0027,Fusion Holdings,1000-5000,Paid Marketing,AI Platform,Q1 2026,2026-02-12,Lost,2,2026-04-27,109400,
PROS-02472,REP-0078,Lattice Partners,201-1000,Paid Marketing,Cloud Compute,Q2 2026,2026-04-08,Dead,1,,37000,
PROS-02473,REP-0008,Granite Holdings,201-1000,Referral,AI Platform,Q2 2026,2026-06-20,Dead,1,,129000,
PROS-02474,REP-0070,Granite Technologies,1000-5000,Conference,AI Platform,Q1 2026,2026-01-23,Won,3,2026-03-03,189700,203900
PROS-02475,REP-0028,Horizon Systems,1-50,Paid Marketing,AI Platform,Q2 2026,2026-04-07,Lost,2,2026-05-01,52100,
PROS-02476,REP-0082,Sterling Networks,1000-5000,Conference,Cloud Compute,Q2 2026,2026-05-31,Lost,3,2026-06-23,66300,
PROS-02477,REP-0052,Vertex Solutions,1000-5000,Website Inquiry,Cloud Storage,Q2 2026,2026-06-17,Open,1,,26500,
PROS-02478,REP-0040,Ironclad Labs,51-200,Paid Marketing,Cloud Compute,Q1 2026,2026-01-29,Lost,5,2026-03-20,12800,
PROS-02479,REP-0102,Ridgeline Works,201-1000,Paid Marketing,Cloud Compute,Q2 2026,2026-06-24,Open,2,,18500,
PROS-02480,REP-0042,Atlas Technologies,1-50,Website Inquiry,Data Analytics,Q4 2025,2025-12-02,Won,4,2025-12-25,19200,16300
PROS-02481,REP-0059,Granite Technologies,1-50,Inbound Call,Cloud Compute,Q4 2025,2025-10-06,Dead,0,,11100,
PROS-02482,REP-0023,Lattice Networks,5000+,LinkedIn,Cloud Storage,Q2 2026,2026-05-16,Lost,2,2026-06-20,24000,
PROS-02483,REP-0035,Quantum Dynamics,1000-5000,LinkedIn,Data Analytics,Q1 2026,2026-03-26,Lost,4,2026-06-02,107500,
PROS-02484,REP-0092,Drift Systems,5000+,Paid Marketing,Cloud Compute,Q2 2026,2026-06-05,Lost,2,2026-06-30,47600,
PROS-02485,REP-0047,Quantum Labs,51-200,Paid Marketing,Cloud Storage,Q1 2026,2026-01-04,Dead,1,,9900,
PROS-02486,REP-0097,Apex Digital,201-1000,Paid Marketing,Cloud Compute,Q1 2026,2026-02-08,Lost,5,2026-03-30,54300,
PROS-02487,REP-0026,Solace Group,1000-5000,Inbound Call,AI Platform,Q2 2026,2026-06-15,Open,2,,176800,
PROS-02488,REP-0107,Catalyst Digital,1000-5000,Inbound Call,Cloud Compute,Q1 2026,2026-02-24,Lost,4,2026-03-31,38200,
PROS-02489,REP-0067,Sterling Systems,1000-5000,LinkedIn,AI Platform,Q4 2025,2025-10-11,Dead,2,,113600,
PROS-02490,REP-0055,Quantum Holdings,5000+,Inbound Call,Security Suite,Q1 2026,2026-02-14,Dead,0,,85500,
PROS-02491,REP-0046,Horizon Technologies,201-1000,Website Inquiry,Security Suite,Q4 2025,2025-11-23,Won,4,2026-01-06,62100,73400
PROS-02492,REP-0051,Granite Networks,1000-5000,Conference,Cloud Compute,Q2 2026,2026-04-08,Lost,3,2026-05-28,35400,
PROS-02493,REP-0069,Sterling Works,201-1000,Website Inquiry,Security Suite,Q1 2026,2026-02-20,Dead,0,,57500,
PROS-02494,REP-0041,Zenith Partners,51-200,Cold Outreach,Security Suite,Q1 2026,2026-02-26,Won,6,2026-04-01,33900,32300
PROS-02495,REP-0065,Fusion Partners,51-200,Inbound Call,Security Suite,Q1 2026,2026-01-01,Won,5,2026-02-05,21600,23800
PROS-02496,REP-0005,Quantum Holdings,1-50,LinkedIn,Security Suite,Q1 2026,2026-03-07,Dead,1,,27900,
PROS-02497,REP-0024,Nova Works,1-50,Website Inquiry,Cloud Compute,Q4 2025,2025-12-16,Dead,0,,12000,
PROS-02498,REP-0004,Wavefront Solutions,1-50,Paid Marketing,Data Analytics,Q4 2025,2025-11-05,Lost,5,2025-11-12,11300,
PROS-02499,REP-0071,Beacon Group,51-200,Inbound Call,Cloud Compute,Q2 2026,2026-05-25,Lost,5,2026-06-12,19700,
PROS-02500,REP-0069,Ridgeline Solutions,201-1000,Cold Outreach,Cloud Compute,Q4 2025,2025-12-22,Dead,1,,13700,
PROS-02501,REP-0040,Orbit Dynamics,1000-5000,Website Inquiry,Cloud Storage,Q2 2026,2026-06-01,Lost,3,2026-06-30,21400,
PROS-02502,REP-0012,Apex Digital,1-50,LinkedIn,Security Suite,Q1 2026,2026-02-27,Dead,2,,34700,
PROS-02503,REP-0025,Solace Works,201-1000,Cold Outreach,AI Platform,Q4 2025,2025-10-30,Dead,0,,138600,
PROS-02504,REP-0099,Apex Partners,1000-5000,LinkedIn,Cloud Compute,Q1 2026,2026-01-21,Lost,2,2026-02-09,52100,
PROS-02505,REP-0025,Zenith Dynamics,201-1000,Website Inquiry,Data Analytics,Q2 2026,2026-04-18,Lost,2,2026-05-06,49200,
PROS-02506,REP-0076,Catalyst Works,51-200,Paid Marketing,Data Analytics,Q1 2026,2026-03-28,Dead,0,,19500,
PROS-02507,REP-0086,Nimbus Systems,1000-5000,Paid Marketing,Security Suite,Q2 2026,2026-05-28,Open,2,,106100,
PROS-02508,REP-0019,Redshift Dynamics,51-200,Inbound Call,Cloud Storage,Q4 2025,2025-11-11,Dead,0,,6200,
PROS-02509,REP-0105,Helix Industries,201-1000,Paid Marketing,Cloud Compute,Q1 2026,2026-03-14,Lost,5,2026-04-11,39900,
PROS-02510,REP-0021,Ironclad Partners,51-200,Website Inquiry,Security Suite,Q2 2026,2026-05-21,Lost,5,2026-06-12,40000,
PROS-02511,REP-0063,Vantage Solutions,51-200,Cold Outreach,Security Suite,Q2 2026,2026-05-13,Won,3,2026-05-24,52600,51900
PROS-02512,REP-0001,Anchor Works,201-1000,Paid Marketing,Cloud Compute,Q4 2025,2025-10-08,Lost,5,2025-11-01,20900,
PROS-02513,REP-0010,Helix Labs,51-200,Website Inquiry,Data Analytics,Q4 2025,2025-12-15,Lost,2,2026-01-19,19000,
PROS-02514,REP-0031,Atlas Solutions,51-200,LinkedIn,Data Analytics,Q2 2026,2026-06-28,Open,0,,39100,
PROS-02515,REP-0054,Pulse Digital,201-1000,Paid Marketing,Cloud Storage,Q4 2025,2025-10-10,Lost,3,2025-11-18,19200,
PROS-02516,REP-0098,Vertex Networks,201-1000,LinkedIn,AI Platform,Q1 2026,2026-03-08,Dead,2,,92700,
PROS-02517,REP-0003,Lattice Holdings,51-200,Referral,Data Analytics,Q4 2025,2025-12-24,Won,3,2026-01-09,18600,21500
PROS-02518,REP-0017,Vertex Industries,201-1000,Cold Outreach,Cloud Storage,Q2 2026,2026-04-01,Lost,2,2026-05-20,17200,
PROS-02519,REP-0107,Granite Networks,201-1000,Paid Marketing,Data Analytics,Q1 2026,2026-02-14,Lost,5,2026-04-04,54500,
PROS-02520,REP-0013,Ember Systems,1000-5000,Paid Marketing,Cloud Storage,Q4 2025,2025-11-15,Dead,0,,28100,
PROS-02521,REP-0010,Catalyst Industries,201-1000,Paid Marketing,Cloud Storage,Q2 2026,2026-06-26,Open,0,,8100,
PROS-02522,REP-0004,Quantum Group,1-50,LinkedIn,Cloud Storage,Q2 2026,2026-04-08,Won,2,2026-04-27,6900,7300
PROS-02523,REP-0084,Ember Partners,51-200,Cold Outreach,Cloud Storage,Q2 2026,2026-04-09,Dead,0,,10800,
PROS-02524,REP-0059,Pulse Systems,1-50,Website Inquiry,Data Analytics,Q4 2025,2025-12-18,Won,2,2026-01-06,14700,16400
PROS-02525,REP-0077,Vantage Digital,51-200,LinkedIn,Security Suite,Q1 2026,2026-02-13,Dead,0,,65900,
PROS-02526,REP-0032,Granite Digital,1000-5000,Paid Marketing,Security Suite,Q4 2025,2025-10-27,Lost,5,2025-12-06,66700,
PROS-02527,REP-0076,Sterling Labs,1-50,LinkedIn,Data Analytics,Q1 2026,2026-02-14,Lost,3,2026-03-08,16900,
PROS-02528,REP-0038,Anchor Partners,1000-5000,Inbound Call,AI Platform,Q2 2026,2026-05-31,Open,0,,117600,
PROS-02529,REP-0062,Ridgeline Digital,1-50,Paid Marketing,Cloud Storage,Q1 2026,2026-02-01,Lost,2,2026-02-24,6400,
PROS-02530,REP-0034,Horizon Solutions,1000-5000,Paid Marketing,Security Suite,Q1 2026,2026-01-31,Dead,1,,100100,
PROS-02531,REP-0015,Horizon Solutions,51-200,Cold Outreach,Data Analytics,Q4 2025,2025-10-07,Won,3,2025-10-28,17000,19500
PROS-02532,REP-0073,Helix Systems,1000-5000,Cold Outreach,AI Platform,Q2 2026,2026-06-25,Open,0,,110700,
PROS-02533,REP-0062,Ironclad Solutions,1-50,LinkedIn,Cloud Compute,Q4 2025,2025-10-01,Dead,1,,5000,
PROS-02534,REP-0007,Apex Dynamics,201-1000,Cold Outreach,Cloud Compute,Q1 2026,2026-03-06,Lost,2,2026-03-25,18800,
PROS-02535,REP-0021,Solace Technologies,1-50,Website Inquiry,Cloud Compute,Q4 2025,2025-11-04,Dead,0,,9300,
PROS-02536,REP-0087,Orbit Holdings,201-1000,Cold Outreach,Cloud Compute,Q4 2025,2025-11-10,Lost,5,2025-12-23,41500,
PROS-02537,REP-0017,Zenith Industries,201-1000,Cold Outreach,Security Suite,Q1 2026,2026-01-15,Won,6,2026-02-09,51300,52500
PROS-02538,REP-0057,Granite Industries,5000+,LinkedIn,Cloud Compute,Q1 2026,2026-02-27,Lost,2,2026-05-17,60000,
PROS-02539,REP-0089,Ironclad Digital,51-200,Website Inquiry,Cloud Compute,Q1 2026,2026-03-09,Dead,1,,14200,
PROS-02540,REP-0029,Wavefront Group,201-1000,Cold Outreach,Cloud Compute,Q1 2026,2026-01-13,Dead,0,,16100,
PROS-02541,REP-0072,Drift Labs,201-1000,LinkedIn,Cloud Storage,Q2 2026,2026-05-24,Lost,3,2026-06-26,11600,
PROS-02542,REP-0049,Meridian Digital,51-200,Cold Outreach,AI Platform,Q1 2026,2026-02-22,Dead,0,,55700,
PROS-02543,REP-0038,Catalyst Digital,201-1000,Cold Outreach,Data Analytics,Q2 2026,2026-05-18,Lost,5,2026-06-15,44700,
PROS-02544,REP-0088,Horizon Industries,51-200,Paid Marketing,Cloud Compute,Q2 2026,2026-06-23,Open,2,,26300,
PROS-02545,REP-0081,Quantum Partners,1-50,Website Inquiry,Security Suite,Q1 2026,2026-03-17,Dead,1,,18100,
PROS-02546,REP-0073,Drift Labs,1000-5000,LinkedIn,Data Analytics,Q2 2026,2026-05-13,Dead,2,,54900,
PROS-02547,REP-0093,Solace Networks,51-200,LinkedIn,Cloud Compute,Q2 2026,2026-05-05,Dead,0,,14800,
PROS-02548,REP-0108,Apex Digital,51-200,Conference,Cloud Storage,Q4 2025,2025-11-13,Lost,2,2025-11-26,14800,
PROS-02549,REP-0055,Nova Works,5000+,Website Inquiry,Cloud Storage,Q1 2026,2026-03-03,Lost,3,2026-04-17,37500,
PROS-02550,REP-0060,Vertex Industries,1000-5000,Website Inquiry,Cloud Compute,Q4 2025,2025-10-25,Lost,2,2025-12-02,34200,
PROS-02551,REP-0028,Sterling Technologies,1-50,Paid Marketing,Data Analytics,Q4 2025,2025-10-29,Lost,2,2025-11-21,8600,
PROS-02552,REP-0025,Vertex Holdings,201-1000,Referral,Security Suite,Q1 2026,2026-03-10,Lost,5,2026-04-14,44800,
PROS-02553,REP-0001,Wavefront Solutions,201-1000,Conference,Security Suite,Q1 2026,2026-03-30,Dead,0,,88900,
PROS-02554,REP-0065,Pulse Industries,1000-5000,Paid Marketing,Security Suite,Q2 2026,2026-05-24,Lost,2,2026-06-30,73200,
PROS-02555,REP-0038,Ironclad Systems,201-1000,Paid Marketing,AI Platform,Q4 2025,2025-11-17,Lost,3,2026-01-02,67700,
PROS-02556,REP-0082,Horizon Digital,201-1000,Paid Marketing,AI Platform,Q2 2026,2026-06-07,Open,0,,89200,
PROS-02557,REP-0020,Zenith Labs,5000+,Paid Marketing,Cloud Compute,Q4 2025,2025-10-26,Lost,4,2025-12-18,84900,
PROS-02558,REP-0059,Atlas Labs,1-50,Conference,AI Platform,Q1 2026,2026-01-29,Dead,0,,33900,
PROS-02559,REP-0063,Anchor Solutions,1-50,Paid Marketing,Data Analytics,Q1 2026,2026-01-25,Dead,0,,15900,
PROS-02560,REP-0067,Lattice Systems,1000-5000,Inbound Call,Cloud Storage,Q2 2026,2026-05-07,Dead,1,,27700,
PROS-02561,REP-0075,Pulse Holdings,1000-5000,Cold Outreach,Cloud Storage,Q4 2025,2025-10-21,Won,3,2025-11-07,18900,19900
PROS-02562,REP-0089,Lattice Systems,51-200,LinkedIn,Cloud Storage,Q4 2025,2025-11-18,Lost,5,2025-12-05,12400,
PROS-02563,REP-0036,Granite Networks,201-1000,Inbound Call,Cloud Compute,Q2 2026,2026-05-17,Won,5,2026-06-08,26700,30000
PROS-02564,REP-0056,Nova Labs,51-200,Paid Marketing,Cloud Storage,Q2 2026,2026-06-08,Open,2,,6800,
PROS-02565,REP-0014,Vantage Industries,51-200,Cold Outreach,Data Analytics,Q2 2026,2026-06-09,Open,0,,16900,
PROS-02566,REP-0103,Drift Group,201-1000,Website Inquiry,AI Platform,Q1 2026,2026-02-23,Lost,3,2026-03-10,73700,
PROS-02567,REP-0056,Catalyst Networks,1-50,Inbound Call,Cloud Storage,Q1 2026,2026-03-22,Dead,1,,7300,
PROS-02568,REP-0075,Nova Dynamics,201-1000,LinkedIn,AI Platform,Q1 2026,2026-03-25,Lost,2,2026-05-02,68400,
PROS-02569,REP-0067,Lattice Partners,1000-5000,Cold Outreach,Security Suite,Q1 2026,2026-03-01,Lost,5,2026-04-02,63900,
PROS-02570,REP-0066,Apex Systems,1000-5000,Conference,Data Analytics,Q2 2026,2026-05-25,Lost,5,2026-06-23,43600,
PROS-02571,REP-0050,Nova Digital,5000+,Cold Outreach,Cloud Compute,Q1 2026,2026-01-13,Lost,5,2026-03-02,101400,
PROS-02572,REP-0037,Wavefront Dynamics,51-200,Paid Marketing,Cloud Storage,Q1 2026,2026-03-04,Dead,0,,14900,
PROS-02573,REP-0062,Solace Holdings,201-1000,Paid Marketing,Cloud Compute,Q4 2025,2025-11-25,Lost,3,2025-12-16,36600,
PROS-02574,REP-0015,Lattice Networks,51-200,Paid Marketing,Cloud Storage,Q2 2026,2026-04-18,Dead,0,,12800,
PROS-02575,REP-0110,Nova Networks,201-1000,Conference,Security Suite,Q4 2025,2025-12-11,Dead,0,,53100,
PROS-02576,REP-0005,Sterling Dynamics,51-200,Cold Outreach,Cloud Storage,Q2 2026,2026-06-09,Open,1,,13800,
PROS-02577,REP-0073,Apex Dynamics,51-200,Website Inquiry,AI Platform,Q2 2026,2026-04-29,Lost,5,2026-06-08,77400,
PROS-02578,REP-0071,Nimbus Labs,201-1000,Inbound Call,Data Analytics,Q2 2026,2026-05-30,Open,2,,43500,
PROS-02579,REP-0070,Ridgeline Group,201-1000,Referral,Cloud Storage,Q4 2025,2025-12-29,Dead,0,,22100,
PROS-02580,REP-0037,Cobalt Group,201-1000,Referral,Security Suite,Q4 2025,2025-12-19,Dead,0,,53100,
PROS-02581,REP-0044,Meridian Dynamics,51-200,Paid Marketing,AI Platform,Q4 2025,2025-11-30,Lost,4,2025-12-15,65000,
PROS-02582,REP-0050,Anchor Systems,1000-5000,Cold Outreach,Cloud Compute,Q1 2026,2026-03-05,Lost,5,2026-05-09,34000,
PROS-02583,REP-0016,Apex Networks,1000-5000,Inbound Call,Security Suite,Q1 2026,2026-03-29,Won,4,2026-05-21,101900,106300
PROS-02584,REP-0107,Anchor Networks,1000-5000,Paid Marketing,Cloud Storage,Q4 2025,2025-12-20,Dead,0,,35400,
PROS-02585,REP-0024,Fusion Dynamics,51-200,Referral,Cloud Storage,Q2 2026,2026-06-28,Open,0,,10500,
PROS-02586,REP-0110,Nimbus Digital,51-200,Referral,Data Analytics,Q1 2026,2026-03-03,Won,6,2026-04-20,40100,46100
PROS-02587,REP-0004,Orbit Systems,51-200,Inbound Call,Data Analytics,Q4 2025,2025-10-21,Won,3,2025-11-07,34400,30700
PROS-02588,REP-0098,Sterling Labs,51-200,Paid Marketing,Cloud Storage,Q4 2025,2025-12-16,Dead,0,,9400,
PROS-02589,REP-0008,Zenith Partners,201-1000,Paid Marketing,Cloud Storage,Q2 2026,2026-06-14,Lost,2,2026-06-29,14500,
PROS-02590,REP-0086,Northgate Works,201-1000,LinkedIn,Data Analytics,Q2 2026,2026-05-15,Lost,2,2026-05-31,30300,
PROS-02591,REP-0047,Catalyst Networks,1000-5000,Paid Marketing,Cloud Compute,Q2 2026,2026-06-10,Open,0,,28900,
PROS-02592,REP-0095,Ember Systems,201-1000,Cold Outreach,AI Platform,Q1 2026,2026-03-01,Lost,4,2026-03-15,56700,
PROS-02593,REP-0086,Redshift Partners,1000-5000,Referral,Cloud Compute,Q4 2025,2025-10-30,Won,4,2025-12-14,31100,37000
PROS-02594,REP-0083,Nimbus Solutions,1000-5000,Referral,Cloud Compute,Q2 2026,2026-04-16,Lost,4,2026-06-05,34100,
PROS-02595,REP-0077,Cobalt Labs,51-200,Website Inquiry,Cloud Storage,Q4 2025,2025-11-04,Lost,3,2025-11-13,13700,
PROS-02596,REP-0098,Sterling Networks,201-1000,Paid Marketing,AI Platform,Q2 2026,2026-04-04,Lost,2,2026-05-02,111500,
PROS-02597,REP-0012,Cobalt Holdings,51-200,Paid Marketing,AI Platform,Q1 2026,2026-01-06,Lost,4,2026-01-22,57700,
PROS-02598,REP-0021,Vertex Technologies,201-1000,Paid Marketing,Data Analytics,Q1 2026,2026-01-03,Lost,5,2026-01-15,44500,
PROS-02599,REP-0096,Wavefront Works,51-200,Inbound Call,Security Suite,Q1 2026,2026-01-07,Lost,4,2026-01-31,47000,
PROS-02600,REP-0051,Granite Systems,5000+,Cold Outreach,Data Analytics,Q2 2026,2026-06-13,Open,0,,81500,
PROS-02601,REP-0064,Redshift Networks,1000-5000,Paid Marketing,Cloud Compute,Q1 2026,2026-03-05,Lost,4,2026-04-02,38400,
PROS-02602,REP-0105,Ember Systems,51-200,LinkedIn,Security Suite,Q2 2026,2026-04-12,Dead,2,,48800,
PROS-02603,REP-0063,Helix Digital,1-50,Inbound Call,Cloud Compute,Q2 2026,2026-06-15,Open,0,,13500,
PROS-02604,REP-0043,Horizon Holdings,201-1000,Conference,Data Analytics,Q4 2025,2025-11-22,Dead,0,,42300,
PROS-02605,REP-0025,Zenith Group,51-200,Conference,Cloud Storage,Q4 2025,2025-11-02,Dead,0,,9600,
PROS-02606,REP-0008,Solace Labs,51-200,Cold Outreach,Data Analytics,Q4 2025,2025-11-16,Won,4,2025-12-12,42100,40100
PROS-02607,REP-0036,Nimbus Works,1000-5000,Cold Outreach,Cloud Compute,Q1 2026,2026-03-09,Lost,3,2026-04-17,33000,
PROS-02608,REP-0065,Drift Group,201-1000,LinkedIn,Cloud Compute,Q2 2026,2026-05-17,Dead,0,,46900,
PROS-02609,REP-0054,Lattice Holdings,201-1000,Website Inquiry,Cloud Storage,Q1 2026,2026-01-18,Won,4,2026-02-23,15200,14900
PROS-02610,REP-0075,Northgate Technologies,201-1000,Inbound Call,Cloud Storage,Q4 2025,2025-11-20,Lost,2,2025-12-08,17500,
PROS-02611,REP-0036,Granite Group,51-200,Website Inquiry,Cloud Compute,Q2 2026,2026-05-28,Open,1,,27200,
PROS-02612,REP-0081,Meridian Holdings,1-50,Inbound Call,Cloud Storage,Q2 2026,2026-06-27,Won,2,2026-06-28,6100,6400
PROS-02613,REP-0002,Zenith Industries,1000-5000,Paid Marketing,Cloud Compute,Q2 2026,2026-05-18,Dead,1,,20500,
PROS-02614,REP-0004,Lattice Partners,1-50,Cold Outreach,Cloud Storage,Q2 2026,2026-05-01,Lost,2,2026-05-26,4000,
PROS-02615,REP-0017,Nova Systems,201-1000,Paid Marketing,Cloud Compute,Q2 2026,2026-06-12,Open,0,,16000,
PROS-02616,REP-0020,Atlas Labs,1000-5000,Cold Outreach,Cloud Storage,Q4 2025,2025-11-22,Lost,5,2026-01-12,15200,
PROS-02617,REP-0023,Nova Networks,5000+,Paid Marketing,Cloud Storage,Q1 2026,2026-02-04,Dead,0,,22300,
PROS-02618,REP-0053,Drift Partners,51-200,Paid Marketing,Security Suite,Q2 2026,2026-05-13,Dead,0,,48400,
PROS-02619,REP-0109,Ridgeline Industries,1-50,Cold Outreach,Cloud Compute,Q2 2026,2026-04-11,Won,3,2026-04-23,7700,7600
PROS-02620,REP-0049,Nova Works,1000-5000,LinkedIn,Data Analytics,Q4 2025,2025-10-17,Dead,0,,58100,
PROS-02621,REP-0086,Vertex Networks,201-1000,Cold Outreach,Security Suite,Q1 2026,2026-01-12,Lost,4,2026-02-12,44600,
PROS-02622,REP-0029,Drift Holdings,201-1000,Conference,Data Analytics,Q1 2026,2026-03-16,Lost,4,2026-04-05,27400,
PROS-02623,REP-0052,Sterling Group,1000-5000,LinkedIn,Cloud Storage,Q4 2025,2025-10-11,Lost,3,2025-12-19,23500,
PROS-02624,REP-0024,Northgate Technologies,51-200,Cold Outreach,Data Analytics,Q1 2026,2026-02-17,Lost,2,2026-03-03,24100,
PROS-02625,REP-0077,Apex Holdings,1-50,Website Inquiry,Cloud Storage,Q1 2026,2026-03-30,Dead,0,,4700,
PROS-02626,REP-0018,Anchor Holdings,1000-5000,Cold Outreach,AI Platform,Q2 2026,2026-05-09,Dead,0,,143200,
PROS-02627,REP-0093,Redshift Systems,51-200,Paid Marketing,Cloud Storage,Q2 2026,2026-06-04,Open,1,,4600,
PROS-02628,REP-0062,Granite Group,51-200,Inbound Call,Data Analytics,Q1 2026,2026-03-12,Dead,0,,28700,
PROS-02629,REP-0047,Northgate Partners,201-1000,Cold Outreach,Data Analytics,Q1 2026,2026-01-03,Lost,4,2026-01-29,32800,
PROS-02630,REP-0069,Drift Group,201-1000,Inbound Call,Data Analytics,Q1 2026,2026-02-25,Dead,0,,32000,
PROS-02631,REP-0081,Sterling Partners,1-50,LinkedIn,Data Analytics,Q1 2026,2026-03-18,Dead,0,,23300,
PROS-02632,REP-0084,Pulse Partners,201-1000,Conference,Cloud Compute,Q2 2026,2026-04-03,Dead,0,,20200,
PROS-02633,REP-0058,Orbit Solutions,1000-5000,Website Inquiry,AI Platform,Q2 2026,2026-06-17,Open,0,,131400,
PROS-02634,REP-0015,Pulse Works,1-50,LinkedIn,Cloud Compute,Q1 2026,2026-02-03,Lost,4,2026-02-14,17000,
PROS-02635,REP-0011,Catalyst Systems,1-50,Conference,Cloud Storage,Q4 2025,2025-12-19,Lost,2,2025-12-27,5800,
PROS-02636,REP-0073,Pulse Labs,201-1000,Paid Marketing,Data Analytics,Q2 2026,2026-06-22,Open,1,,44100,
PROS-02637,REP-0082,Quantum Digital,51-200,Paid Marketing,Cloud Compute,Q2 2026,2026-06-27,Open,0,,19500,
PROS-02638,REP-0009,Cobalt Systems,1000-5000,Referral,Data Analytics,Q1 2026,2026-03-26,Lost,5,2026-06-14,35500,
PROS-02639,REP-0034,Nova Dynamics,201-1000,Paid Marketing,AI Platform,Q2 2026,2026-06-24,Open,0,,84200,
PROS-02640,REP-0100,Ember Digital,201-1000,Website Inquiry,AI Platform,Q1 2026,2026-03-27,Dead,0,,115400,
PROS-02641,REP-0037,Horizon Works,201-1000,LinkedIn,Data Analytics,Q4 2025,2025-10-09,Dead,0,,52300,
PROS-02642,REP-0102,Ember Networks,1-50,Website Inquiry,Cloud Storage,Q1 2026,2026-02-13,Lost,4,2026-03-05,4500,
PROS-02643,REP-0048,Zenith Holdings,5000+,Website Inquiry,Cloud Compute,Q2 2026,2026-05-07,Lost,5,2026-06-29,50700,
PROS-02644,REP-0005,Anchor Networks,51-200,Website Inquiry,Security Suite,Q4 2025,2025-11-08,Dead,0,,30300,
PROS-02645,REP-0047,Ironclad Technologies,51-200,Conference,AI Platform,Q2 2026,2026-05-29,Open,3,,78000,
PROS-02646,REP-0090,Fusion Digital,1000-5000,Conference,Cloud Storage,Q4 2025,2025-12-02,Dead,1,,32800,
PROS-02647,REP-0067,Solace Systems,5000+,Referral,Cloud Compute,Q2 2026,2026-04-06,Won,6,2026-06-18,44800,45100
PROS-02648,REP-0019,Granite Networks,51-200,Paid Marketing,Cloud Compute,Q2 2026,2026-06-15,Open,0,,22300,
PROS-02649,REP-0027,Northgate Works,1000-5000,Referral,Cloud Compute,Q4 2025,2025-11-30,Dead,1,,25600,
PROS-02650,REP-0031,Nimbus Group,51-200,Paid Marketing,AI Platform,Q2 2026,2026-06-09,Open,0,,63200,
PROS-02651,REP-0088,Atlas Holdings,51-200,LinkedIn,Security Suite,Q4 2025,2025-11-29,Dead,1,,58500,
PROS-02652,REP-0032,Catalyst Systems,1000-5000,Website Inquiry,Cloud Compute,Q1 2026,2026-02-22,Dead,1,,35400,
PROS-02653,REP-0088,Orbit Technologies,1-50,Paid Marketing,AI Platform,Q2 2026,2026-06-24,Open,0,,24100,
PROS-02654,REP-0038,Meridian Labs,201-1000,Website Inquiry,Cloud Storage,Q4 2025,2025-12-14,Lost,2,2026-01-12,21900,
PROS-02655,REP-0058,Vertex Networks,201-1000,Cold Outreach,Cloud Storage,Q4 2025,2025-12-17,Lost,5,2026-03-14,10500,
PROS-02656,REP-0089,Vertex Group,201-1000,Cold Outreach,Security Suite,Q4 2025,2025-10-15,Dead,1,,49200,
PROS-02657,REP-0007,Solace Holdings,201-1000,LinkedIn,Cloud Storage,Q4 2025,2025-10-06,Lost,3,2025-11-24,14500,
PROS-02658,REP-0024,Vertex Dynamics,51-200,Cold Outreach,AI Platform,Q1 2026,2026-01-31,Lost,4,2026-02-23,92200,
PROS-02659,REP-0027,Orbit Industries,1000-5000,Cold Outreach,AI Platform,Q1 2026,2026-02-07,Lost,5,2026-04-10,113800,
PROS-02660,REP-0009,Nova Industries,1000-5000,Paid Marketing,Cloud Storage,Q4 2025,2025-12-24,Lost,4,2026-02-12,25000,
PROS-02661,REP-0022,Anchor Holdings,51-200,Paid Marketing,Data Analytics,Q4 2025,2025-11-21,Lost,5,2025-12-18,37700,
PROS-02662,REP-0027,Nimbus Solutions,1000-5000,Paid Marketing,Security Suite,Q4 2025,2025-11-27,Lost,2,2026-02-03,62900,
PROS-02663,REP-0055,Wavefront Solutions,5000+,Conference,AI Platform,Q1 2026,2026-01-17,Lost,2,2026-03-30,146100,
PROS-02664,REP-0004,Atlas Holdings,1-50,Cold Outreach,Cloud Compute,Q4 2025,2025-11-16,Lost,3,2025-12-02,11400,
PROS-02665,REP-0022,Wavefront Solutions,201-1000,Paid Marketing,Data Analytics,Q1 2026,2026-02-05,Lost,3,2026-02-21,40000,
PROS-02666,REP-0035,Solace Digital,1000-5000,Cold Outreach,AI Platform,Q1 2026,2026-01-27,Lost,2,2026-03-13,154200,
PROS-02667,REP-0083,Horizon Networks,201-1000,Paid Marketing,Cloud Storage,Q2 2026,2026-05-31,Open,1,,21900,
PROS-02668,REP-0034,Vertex Holdings,201-1000,LinkedIn,AI Platform,Q1 2026,2026-02-08,Dead,1,,87400,
PROS-02669,REP-0015,Summit Works,1-50,Paid Marketing,Data Analytics,Q1 2026,2026-03-14,Lost,4,2026-03-30,16700,
PROS-02670,REP-0047,Apex Works,1000-5000,Cold Outreach,AI Platform,Q2 2026,2026-06-05,Open,1,,178800,
PROS-02671,REP-0055,Horizon Labs,5000+,Paid Marketing,AI Platform,Q1 2026,2026-01-19,Lost,2,2026-02-23,266600,
PROS-02672,REP-0027,Sterling Works,1000-5000,LinkedIn,Security Suite,Q2 2026,2026-05-17,Lost,4,2026-06-28,51000,
PROS-02673,REP-0017,Northgate Technologies,201-1000,Inbound Call,Cloud Compute,Q4 2025,2025-11-19,Lost,3,2026-01-01,31300,
PROS-02674,REP-0053,Nimbus Labs,51-200,Cold Outreach,Cloud Storage,Q2 2026,2026-05-05,Won,3,2026-05-12,6300,6500
PROS-02675,REP-0013,Apex Works,1000-5000,Cold Outreach,Cloud Storage,Q4 2025,2025-10-28,Lost,4,2025-12-06,16200,
PROS-02676,REP-0102,Wavefront Dynamics,1-50,Referral,Security Suite,Q4 2025,2025-12-06,Won,3,2025-12-28,21200,18400
PROS-02677,REP-0072,Pulse Systems,201-1000,Conference,Cloud Compute,Q1 2026,2026-03-20,Won,6,2026-04-21,26900,24800
PROS-02678,REP-0067,Orbit Industries,5000+,Cold Outreach,AI Platform,Q2 2026,2026-04-14,Lost,3,2026-06-27,338100,
PROS-02679,REP-0011,Solace Dynamics,51-200,Website Inquiry,Security Suite,Q4 2025,2025-11-22,Won,2,2025-11-30,39100,35500
PROS-02680,REP-0101,Orbit Holdings,51-200,Paid Marketing,AI Platform,Q2 2026,2026-04-02,Lost,5,2026-04-20,106400,
PROS-02681,REP-0062,Ember Group,51-200,Website Inquiry,Cloud Compute,Q4 2025,2025-11-15,Dead,1,,13300,
PROS-02682,REP-0034,Quantum Networks,201-1000,Paid Marketing,Cloud Compute,Q2 2026,2026-06-11,Open,0,,34500,
PROS-02683,REP-0018,Beacon Group,1000-5000,Conference,Cloud Compute,Q2 2026,2026-05-10,Lost,5,2026-06-27,62100,
PROS-02684,REP-0103,Ridgeline Holdings,1-50,Cold Outreach,Cloud Storage,Q4 2025,2025-12-24,Won,3,2026-01-12,2700,2900
PROS-02685,REP-0036,Granite Networks,51-200,LinkedIn,AI Platform,Q4 2025,2025-12-20,Lost,3,2026-01-11,90700,
PROS-02686,REP-0056,Granite Digital,1-50,Website Inquiry,Security Suite,Q2 2026,2026-04-09,Lost,4,2026-04-27,40300,
PROS-02687,REP-0082,Zenith Industries,201-1000,Inbound Call,Cloud Compute,Q1 2026,2026-02-13,Dead,2,,21400,
PROS-02688,REP-0049,Ridgeline Systems,201-1000,Cold Outreach,Security Suite,Q2 2026,2026-05-08,Dead,0,,65000,
PROS-02689,REP-0010,Sterling Solutions,201-1000,Cold Outreach,Cloud Compute,Q2 2026,2026-04-10,Lost,2,2026-05-27,33700,
PROS-02690,REP-0016,Orbit Digital,1000-5000,Inbound Call,AI Platform,Q4 2025,2025-10-29,Lost,5,2025-12-24,206900,
PROS-02691,REP-0056,Meridian Digital,201-1000,Website Inquiry,AI Platform,Q2 2026,2026-06-05,Lost,5,2026-06-16,93300,
PROS-02692,REP-0082,Vantage Digital,201-1000,Website Inquiry,Data Analytics,Q2 2026,2026-06-28,Dead,0,,37100,
PROS-02693,REP-0075,Apex Networks,201-1000,LinkedIn,Data Analytics,Q2 2026,2026-04-30,Lost,5,2026-06-14,20600,
PROS-02694,REP-0106,Atlas Holdings,201-1000,Paid Marketing,Cloud Compute,Q4 2025,2025-12-26,Dead,1,,24700,
PROS-02695,REP-0050,Wavefront Systems,201-1000,Conference,Cloud Compute,Q1 2026,2026-03-22,Won,7,2026-04-30,24600,24300
PROS-02696,REP-0059,Granite Systems,1-50,Website Inquiry,Cloud Compute,Q4 2025,2025-11-22,Dead,1,,15500,
PROS-02697,REP-0065,Nimbus Holdings,201-1000,Website Inquiry,Security Suite,Q4 2025,2025-10-18,Lost,3,2025-11-13,65800,
PROS-02698,REP-0068,Beacon Technologies,201-1000,Referral,AI Platform,Q4 2025,2025-12-04,Won,3,2026-01-20,112300,128900
PROS-02699,REP-0070,Ridgeline Technologies,201-1000,Cold Outreach,AI Platform,Q2 2026,2026-04-22,Dead,1,,146900,
PROS-02700,REP-0098,Drift Technologies,201-1000,Website Inquiry,AI Platform,Q2 2026,2026-04-21,Lost,3,2026-06-06,103800,
PROS-02701,REP-0088,Cobalt Systems,1-50,Cold Outreach,Data Analytics,Q4 2025,2025-12-18,Won,3,2025-12-30,8500,9000
PROS-02702,REP-0010,Solace Labs,1000-5000,LinkedIn,AI Platform,Q2 2026,2026-06-10,Open,3,,187000,
PROS-02703,REP-0019,Quantum Systems,1000-5000,Paid Marketing,Data Analytics,Q4 2025,2025-10-11,Lost,3,2025-11-25,46700,
PROS-02704,REP-0042,Sterling Partners,1-50,Inbound Call,Cloud Storage,Q2 2026,2026-04-01,Lost,3,2026-04-08,6900,
PROS-02705,REP-0007,Vertex Partners,201-1000,Cold Outreach,Cloud Storage,Q1 2026,2026-02-08,Lost,3,2026-03-16,16400,
PROS-02706,REP-0069,Redshift Labs,1000-5000,LinkedIn,Cloud Storage,Q2 2026,2026-05-14,Won,3,2026-06-08,27200,32600
PROS-02707,REP-0021,Ironclad Industries,51-200,Conference,Cloud Compute,Q1 2026,2026-01-15,Dead,0,,18100,
PROS-02708,REP-0098,Horizon Systems,51-200,Website Inquiry,Cloud Compute,Q2 2026,2026-04-27,Dead,2,,24700,
PROS-02709,REP-0108,Solace Labs,1-50,Conference,Data Analytics,Q2 2026,2026-05-03,Won,4,2026-05-24,30200,35500
PROS-02710,REP-0028,Ridgeline Solutions,1-50,LinkedIn,Data Analytics,Q4 2025,2025-12-07,Dead,0,,19300,
PROS-02711,REP-0032,Nimbus Industries,1000-5000,LinkedIn,AI Platform,Q2 2026,2026-04-11,Lost,4,2026-05-28,104200,
PROS-02712,REP-0024,Cobalt Partners,1-50,Cold Outreach,Cloud Compute,Q4 2025,2025-12-06,Lost,2,2025-12-29,10400,
PROS-02713,REP-0072,Solace Networks,201-1000,Paid Marketing,Cloud Storage,Q4 2025,2025-11-09,Dead,1,,13700,
PROS-02714,REP-0109,Drift Holdings,201-1000,Cold Outreach,Cloud Compute,Q4 2025,2025-12-19,Lost,3,2026-01-08,25000,
PROS-02715,REP-0107,Vertex Networks,201-1000,Cold Outreach,Data Analytics,Q4 2025,2025-10-31,Lost,5,2025-11-26,39200,
PROS-02716,REP-0011,Granite Industries,1-50,Paid Marketing,Cloud Storage,Q1 2026,2026-03-06,Lost,4,2026-03-21,6400,
PROS-02717,REP-0073,Beacon Group,51-200,Conference,Cloud Storage,Q2 2026,2026-04-30,Lost,3,2026-06-08,7200,
PROS-02718,REP-0026,Vertex Partners,201-1000,Paid Marketing,AI Platform,Q2 2026,2026-06-04,Open,2,,52500,
PROS-02719,REP-0057,Wavefront Networks,5000+,Website Inquiry,AI Platform,Q2 2026,2026-06-21,Open,1,,249300,
PROS-02720,REP-0044,Zenith Partners,1-50,Cold Outreach,Cloud Storage,Q2 2026,2026-04-16,Lost,4,2026-05-02,5700,
PROS-02721,REP-0083,Vantage Partners,201-1000,Inbound Call,Data Analytics,Q4 2025,2025-10-31,Won,5,2025-11-19,38000,38400
PROS-02722,REP-0001,Vantage Dynamics,51-200,Website Inquiry,AI Platform,Q2 2026,2026-06-20,Open,0,,116700,
PROS-02723,REP-0005,Sterling Networks,1-50,Paid Marketing,Cloud Compute,Q1 2026,2026-01-09,Dead,0,,8500,
PROS-02724,REP-0016,Orbit Industries,1000-5000,Paid Marketing,Cloud Storage,Q2 2026,2026-04-23,Lost,4,2026-05-28,19800,
PROS-02725,REP-0056,Helix Solutions,201-1000,Conference,Cloud Storage,Q1 2026,2026-01-11,Dead,0,,8800,
PROS-02726,REP-0011,Nova Labs,51-200,Cold Outreach,Cloud Compute,Q4 2025,2025-12-25,Dead,0,,16700,
PROS-02727,REP-0004,Northgate Works,1-50,LinkedIn,AI Platform,Q2 2026,2026-04-28,Dead,1,,53700,
PROS-02728,REP-0085,Anchor Systems,1000-5000,Paid Marketing,Security Suite,Q2 2026,2026-06-01,Open,1,,48900,
PROS-02729,REP-0035,Vertex Digital,1000-5000,Website Inquiry,AI Platform,Q2 2026,2026-05-12,Dead,0,,204800,
PROS-02730,REP-0090,Wavefront Holdings,1000-5000,Inbound Call,AI Platform,Q2 2026,2026-05-09,Dead,0,,130200,
PROS-02731,REP-0071,Anchor Partners,51-200,Website Inquiry,AI Platform,Q2 2026,2026-04-18,Won,4,2026-05-26,79500,71800
PROS-02732,REP-0076,Atlas Holdings,1-50,LinkedIn,Cloud Storage,Q1 2026,2026-01-26,Lost,3,2026-02-06,5100,
PROS-02733,REP-0042,Nimbus Technologies,1-50,Cold Outreach,Cloud Compute,Q4 2025,2025-11-05,Dead,0,,10600,
PROS-02734,REP-0039,Summit Networks,5000+,Cold Outreach,Cloud Compute,Q1 2026,2026-01-31,Won,5,2026-03-24,49100,54800
PROS-02735,REP-0053,Apex Works,1-50,Paid Marketing,Cloud Storage,Q1 2026,2026-03-25,Lost,2,2026-04-02,6300,
PROS-02736,REP-0028,Vantage Technologies,1-50,Website Inquiry,Cloud Storage,Q2 2026,2026-05-23,Dead,0,,6700,
PROS-02737,REP-0094,Cobalt Technologies,1-50,Paid Marketing,Cloud Storage,Q4 2025,2025-12-05,Won,2,2025-12-27,7100,6300
PROS-02738,REP-0090,Northgate Systems,5000+,Inbound Call,Data Analytics,Q1 2026,2026-01-01,Won,6,2026-02-27,52200,54500
PROS-02739,REP-0079,Vantage Dynamics,51-200,LinkedIn,Cloud Compute,Q2 2026,2026-04-06,Lost,3,2026-04-13,23400,
PROS-02740,REP-0081,Lattice Partners,1-50,Cold Outreach,Data Analytics,Q1 2026,2026-02-15,Lost,5,2026-03-04,12400,
PROS-02741,REP-0048,Atlas Group,1000-5000,Paid Marketing,AI Platform,Q2 2026,2026-06-20,Open,1,,126000,
PROS-02742,REP-0051,Northgate Solutions,1000-5000,Paid Marketing,AI Platform,Q2 2026,2026-04-06,Lost,4,2026-05-21,123700,
PROS-02743,REP-0059,Cobalt Dynamics,51-200,Paid Marketing,Cloud Storage,Q1 2026,2026-02-25,Dead,0,,11300,
PROS-02744,REP-0081,Horizon Industries,1-50,Website Inquiry,Cloud Storage,Q1 2026,2026-02-17,Won,3,2026-03-14,8200,7500
PROS-02745,REP-0040,Meridian Networks,1000-5000,Website Inquiry,Data Analytics,Q4 2025,2025-11-26,Lost,3,2025-12-16,73300,
PROS-02746,REP-0028,Meridian Group,201-1000,Paid Marketing,Cloud Compute,Q1 2026,2026-02-26,Dead,0,,23600,
PROS-02747,REP-0003,Vantage Industries,1-50,Paid Marketing,Cloud Storage,Q4 2025,2025-12-30,Dead,0,,7400,
PROS-02748,REP-0046,Meridian Labs,51-200,Paid Marketing,Cloud Compute,Q1 2026,2026-02-27,Dead,0,,15000,
PROS-02749,REP-0041,Quantum Holdings,201-1000,Inbound Call,Data Analytics,Q1 2026,2026-03-15,Dead,0,,57300,
PROS-02750,REP-0061,Atlas Solutions,5000+,Paid Marketing,Cloud Storage,Q2 2026,2026-04-29,Lost,4,2026-06-29,26700,
PROS-02751,REP-0086,Ridgeline Labs,201-1000,Website Inquiry,Cloud Storage,Q2 2026,2026-04-10,Dead,1,,11100,
PROS-02752,REP-0098,Atlas Holdings,1000-5000,Cold Outreach,Cloud Storage,Q4 2025,2025-10-04,Lost,3,2025-10-24,21400,
PROS-02753,REP-0081,Cobalt Works,1-50,LinkedIn,Data Analytics,Q1 2026,2026-02-21,Lost,5,2026-03-05,10300,
PROS-02754,REP-0080,Apex Partners,201-1000,LinkedIn,Security Suite,Q2 2026,2026-05-01,Dead,0,,91000,
PROS-02755,REP-0056,Solace Partners,1-50,Website Inquiry,Cloud Compute,Q2 2026,2026-06-17,Dead,0,,7700,
PROS-02756,REP-0001,Apex Partners,201-1000,Conference,Cloud Compute,Q1 2026,2026-01-23,Won,5,2026-02-16,33900,38600
PROS-02757,REP-0023,Atlas Systems,5000+,Conference,Data Analytics,Q1 2026,2026-03-17,Lost,2,2026-04-21,62900,
PROS-02758,REP-0001,Fusion Labs,201-1000,LinkedIn,Cloud Storage,Q2 2026,2026-05-15,Won,3,2026-06-25,24300,27000
PROS-02759,REP-0081,Ember Systems,1-50,Website Inquiry,AI Platform,Q4 2025,2025-11-17,Dead,0,,35200,
PROS-02760,REP-0068,Apex Works,51-200,Inbound Call,Cloud Storage,Q4 2025,2025-12-26,Dead,1,,8600,
PROS-02761,REP-0029,Orbit Digital,1000-5000,LinkedIn,Cloud Storage,Q4 2025,2025-11-24,Lost,5,2026-01-12,16900,
PROS-02762,REP-0064,Horizon Technologies,1000-5000,Conference,Data Analytics,Q4 2025,2025-10-08,Won,3,2025-11-14,44800,52800
PROS-02763,REP-0103,Catalyst Partners,1-50,Cold Outreach,Security Suite,Q4 2025,2025-10-11,Lost,2,2025-10-31,22200,
PROS-02764,REP-0004,Zenith Works,201-1000,Paid Marketing,Security Suite,Q1 2026,2026-02-01,Dead,0,,92000,
PROS-02765,REP-0052,Ridgeline Networks,1000-5000,Website Inquiry,Cloud Compute,Q4 2025,2025-12-22,Lost,2,2026-01-22,26600,
PROS-02766,REP-0076,Ridgeline Holdings,1-50,Cold Outreach,AI Platform,Q2 2026,2026-05-11,Lost,4,2026-05-30,16700,
PROS-02767,REP-0081,Drift Partners,1-50,LinkedIn,Cloud Storage,Q1 2026,2026-01-17,Dead,2,,3700,
PROS-02768,REP-0046,Nova Systems,201-1000,Paid Marketing,Cloud Compute,Q2 2026,2026-05-05,Lost,5,2026-05-31,24400,
PROS-02769,REP-0037,Quantum Systems,51-200,Referral,Data Analytics,Q2 2026,2026-05-02,Won,3,2026-06-20,41800,43800
PROS-02770,REP-0027,Redshift Group,1000-5000,Paid Marketing,AI Platform,Q1 2026,2026-02-07,Lost,3,2026-04-11,134600,
PROS-02771,REP-0025,Atlas Labs,51-200,Paid Marketing,Cloud Storage,Q1 2026,2026-03-22,Lost,5,2026-04-10,8200,
PROS-02772,REP-0012,Drift Industries,201-1000,Cold Outreach,AI Platform,Q2 2026,2026-04-11,Lost,3,2026-04-25,157400,
PROS-02773,REP-0083,Ironclad Technologies,51-200,LinkedIn,Cloud Storage,Q1 2026,2026-03-23,Lost,2,2026-04-16,12700,
PROS-02774,REP-0063,Catalyst Digital,51-200,LinkedIn,AI Platform,Q1 2026,2026-02-09,Lost,5,2026-03-06,33400,
PROS-02775,REP-0107,Ember Digital,201-1000,Conference,AI Platform,Q1 2026,2026-02-02,Lost,5,2026-02-24,59400,
PROS-02776,REP-0002,Cobalt Technologies,1000-5000,Paid Marketing,Cloud Compute,Q2 2026,2026-05-11,Dead,0,,52800,
PROS-02777,REP-0102,Beacon Labs,1-50,LinkedIn,AI Platform,Q2 2026,2026-05-26,Won,2,2026-06-14,44900,45900
PROS-02778,REP-0072,Beacon Technologies,201-1000,Conference,Data Analytics,Q4 2025,2025-12-21,Won,4,2026-01-27,29200,27900
PROS-02779,REP-0079,Zenith Partners,1-50,Inbound Call,Cloud Compute,Q2 2026,2026-06-16,Open,2,,17100,
PROS-02780,REP-0083,Redshift Works,201-1000,Inbound Call,Data Analytics,Q4 2025,2025-10-28,Won,5,2025-11-14,43000,46300
PROS-02781,REP-0022,Northgate Partners,51-200,Paid Marketing,Data Analytics,Q1 2026,2026-01-14,Lost,3,2026-02-07,27000,
PROS-02782,REP-0106,Meridian Works,51-200,Website Inquiry,Cloud Compute,Q1 2026,2026-02-03,Dead,0,,22900,
PROS-02783,REP-0038,Northgate Partners,1000-5000,Paid Marketing,Cloud Storage,Q4 2025,2025-10-04,Lost,2,2025-11-22,22300,
PROS-02784,REP-0102,Northgate Digital,51-200,Website Inquiry,AI Platform,Q2 2026,2026-05-14,Lost,2,2026-06-04,68200,
PROS-02785,REP-0077,Ridgeline Networks,51-200,Paid Marketing,AI Platform,Q2 2026,2026-04-12,Dead,0,,45800,
PROS-02786,REP-0016,Vertex Networks,1000-5000,Paid Marketing,AI Platform,Q4 2025,2025-10-17,Lost,3,2025-12-29,200100,
PROS-02787,REP-0024,Ironclad Dynamics,1-50,Cold Outreach,AI Platform,Q1 2026,2026-02-03,Dead,0,,31800,
PROS-02788,REP-0087,Nova Partners,201-1000,Conference,AI Platform,Q2 2026,2026-05-13,Won,4,2026-06-06,131100,147000
PROS-02789,REP-0110,Summit Solutions,51-200,LinkedIn,Security Suite,Q4 2025,2025-10-22,Lost,4,2025-11-12,49200,
PROS-02790,REP-0008,Meridian Technologies,1000-5000,Inbound Call,Cloud Compute,Q4 2025,2025-12-28,Dead,0,,49700,
PROS-02791,REP-0063,Sterling Works,1-50,Conference,AI Platform,Q2 2026,2026-05-29,Open,3,,27400,
PROS-02792,REP-0031,Solace Partners,51-200,Referral,Cloud Compute,Q2 2026,2026-04-29,Dead,0,,21200,
PROS-02793,REP-0095,Helix Dynamics,1-50,Conference,Data Analytics,Q4 2025,2025-12-04,Won,4,2025-12-22,10600,12400
PROS-02794,REP-0075,Nimbus Digital,201-1000,Paid Marketing,Data Analytics,Q2 2026,2026-06-14,Dead,0,,19800,
PROS-02795,REP-0051,Granite Partners,1000-5000,Cold Outreach,AI Platform,Q1 2026,2026-01-03,Lost,2,2026-02-10,129500,
PROS-02796,REP-0047,Granite Holdings,201-1000,Conference,AI Platform,Q2 2026,2026-05-13,Dead,0,,53100,
PROS-02797,REP-0101,Quantum Solutions,201-1000,Website Inquiry,AI Platform,Q2 2026,2026-04-27,Lost,4,2026-06-10,146500,
PROS-02798,REP-0091,Summit Dynamics,201-1000,Website Inquiry,Cloud Storage,Q1 2026,2026-03-13,Lost,2,2026-04-26,18000,
PROS-02799,REP-0042,Anchor Industries,201-1000,Website Inquiry,Cloud Storage,Q2 2026,2026-06-04,Dead,0,,17400,
PROS-02800,REP-0005,Solace Dynamics,1-50,LinkedIn,Cloud Storage,Q4 2025,2025-11-17,Dead,0,,7200,
PROS-02801,REP-0068,Nova Systems,201-1000,Cold Outreach,AI Platform,Q1 2026,2026-01-29,Lost,3,2026-03-16,58900,
PROS-02802,REP-0065,Pulse Labs,201-1000,Cold Outreach,AI Platform,Q2 2026,2026-05-21,Lost,2,2026-06-28,82000,
PROS-02803,REP-0065,Apex Partners,201-1000,Cold Outreach,Cloud Compute,Q4 2025,2025-12-25,Lost,4,2026-02-09,17900,
PROS-02804,REP-0043,Ridgeline Networks,1000-5000,Website Inquiry,AI Platform,Q2 2026,2026-04-14,Dead,0,,133500,
PROS-02805,REP-0053,Fusion Digital,51-200,Cold Outreach,AI Platform,Q1 2026,2026-03-29,Lost,2,2026-04-20,38700,
PROS-02806,REP-0064,Solace Works,201-1000,Paid Marketing,Cloud Storage,Q1 2026,2026-01-24,Dead,0,,19300,
PROS-02807,REP-0078,Vertex Group,51-200,LinkedIn,AI Platform,Q2 2026,2026-04-19,Dead,0,,98300,
PROS-02808,REP-0109,Horizon Solutions,51-200,LinkedIn,AI Platform,Q2 2026,2026-06-24,Open,2,,81300,
PROS-02809,REP-0099,Wavefront Dynamics,51-200,LinkedIn,Cloud Compute,Q4 2025,2025-11-11,Dead,1,,21800,
PROS-02810,REP-0083,Nova Group,201-1000,LinkedIn,Data Analytics,Q4 2025,2025-11-17,Lost,3,2026-01-04,49000,
PROS-02811,REP-0013,Sterling Dynamics,1000-5000,Paid Marketing,Cloud Storage,Q1 2026,2026-03-11,Dead,0,,21500,
PROS-02812,REP-0101,Vertex Dynamics,1000-5000,Paid Marketing,Cloud Storage,Q4 2025,2025-10-25,Dead,0,,27000,
PROS-02813,REP-0081,Zenith Partners,51-200,Website Inquiry,Data Analytics,Q1 2026,2026-03-09,Won,2,2026-03-28,41300,45600
PROS-02814,REP-0074,Solace Labs,1000-5000,Paid Marketing,Cloud Storage,Q4 2025,2025-12-25,Dead,0,,17900,
PROS-02815,REP-0080,Zenith Industries,201-1000,LinkedIn,AI Platform,Q2 2026,2026-04-02,Lost,4,2026-05-04,61600,
PROS-02816,REP-0075,Quantum Holdings,201-1000,Cold Outreach,Cloud Storage,Q1 2026,2026-01-22,Lost,5,2026-02-12,8000,
PROS-02817,REP-0079,Cobalt Holdings,51-200,Referral,AI Platform,Q2 2026,2026-04-22,Won,3,2026-05-16,36900,34600
PROS-02818,REP-0042,Atlas Systems,1-50,Paid Marketing,Data Analytics,Q4 2025,2025-11-07,Dead,0,,21000,
PROS-02819,REP-0001,Atlas Dynamics,201-1000,LinkedIn,Security Suite,Q2 2026,2026-04-11,Dead,1,,100800,
PROS-02820,REP-0096,Anchor Solutions,1-50,Conference,Data Analytics,Q4 2025,2025-12-15,Lost,4,2026-01-03,17000,
PROS-02821,REP-0039,Granite Technologies,201-1000,Conference,AI Platform,Q2 2026,2026-04-30,Won,6,2026-06-28,53600,61900
PROS-02822,REP-0082,Northgate Networks,51-200,Paid Marketing,Cloud Compute,Q2 2026,2026-06-29,Open,1,,19300,
PROS-02823,REP-0056,Nova Digital,51-200,Paid Marketing,Cloud Compute,Q1 2026,2026-02-19,Dead,0,,14700,
PROS-02824,REP-0058,Drift Group,5000+,Paid Marketing,AI Platform,Q4 2025,2025-10-11,Dead,0,,384500,
PROS-02825,REP-0109,Orbit Networks,1-50,Paid Marketing,Cloud Storage,Q4 2025,2025-12-12,Dead,0,,7800,
PROS-02826,REP-0092,Summit Industries,5000+,Inbound Call,Security Suite,Q1 2026,2026-02-28,Dead,2,,111100,
PROS-02827,REP-0102,Horizon Solutions,201-1000,Cold Outreach,Security Suite,Q2 2026,2026-06-07,Open,2,,72300,
PROS-02828,REP-0012,Lattice Systems,1-50,Inbound Call,Cloud Compute,Q2 2026,2026-06-22,Open,0,,15000,
PROS-02829,REP-0087,Granite Systems,1000-5000,Website Inquiry,Cloud Storage,Q4 2025,2025-10-30,Dead,1,,27100,
PROS-02830,REP-0102,Orbit Technologies,1-50,Cold Outreach,Cloud Compute,Q4 2025,2025-12-30,Lost,3,2026-01-07,7600,
PROS-02831,REP-0075,Ember Digital,1000-5000,LinkedIn,AI Platform,Q4 2025,2025-10-26,Dead,0,,137300,
PROS-02832,REP-0089,Zenith Industries,201-1000,Paid Marketing,Cloud Compute,Q2 2026,2026-06-18,Open,2,,17300,
PROS-02833,REP-0097,Ember Networks,51-200,Website Inquiry,Cloud Compute,Q4 2025,2025-11-20,Lost,4,2026-01-04,22600,
PROS-02834,REP-0024,Granite Digital,201-1000,Inbound Call,Cloud Compute,Q2 2026,2026-06-23,Open,2,,17300,
PROS-02835,REP-0081,Solace Holdings,51-200,Conference,Data Analytics,Q4 2025,2025-12-30,Won,2,2026-01-12,32500,37000
PROS-02836,REP-0087,Cobalt Holdings,201-1000,Inbound Call,Cloud Compute,Q2 2026,2026-05-01,Lost,2,2026-06-17,31100,
PROS-02837,REP-0025,Helix Dynamics,201-1000,Paid Marketing,AI Platform,Q1 2026,2026-02-09,Dead,0,,64000,
PROS-02838,REP-0070,Fusion Holdings,201-1000,Cold Outreach,Cloud Storage,Q1 2026,2026-03-07,Won,3,2026-04-24,17900,21100
PROS-02839,REP-0103,Vantage Technologies,1-50,Paid Marketing,AI Platform,Q1 2026,2026-02-15,Lost,4,2026-02-26,38600,
PROS-02840,REP-0033,Nimbus Technologies,1000-5000,Paid Marketing,Data Analytics,Q2 2026,2026-04-11,Dead,1,,31400,
PROS-02841,REP-0022,Sterling Group,201-1000,Paid Marketing,AI Platform,Q2 2026,2026-04-03,Lost,4,2026-05-14,78600,
PROS-02842,REP-0010,Horizon Networks,51-200,Paid Marketing,Cloud Compute,Q1 2026,2026-03-23,Lost,4,2026-05-06,15500,
PROS-02843,REP-0067,Apex Works,5000+,Cold Outreach,Cloud Compute,Q4 2025,2025-10-07,Dead,1,,82200,
PROS-02844,REP-0068,Beacon Solutions,1000-5000,Paid Marketing,Cloud Compute,Q4 2025,2025-10-02,Dead,0,,54000,
PROS-02845,REP-0079,Atlas Networks,1-50,Inbound Call,Security Suite,Q2 2026,2026-05-15,Dead,1,,19500,
PROS-02846,REP-0092,Ironclad Industries,201-1000,Conference,Cloud Storage,Q4 2025,2025-11-28,Dead,0,,19500,
PROS-02847,REP-0045,Drift Labs,1000-5000,Paid Marketing,Cloud Compute,Q1 2026,2026-02-17,Lost,5,2026-05-01,40500,
PROS-02848,REP-0004,Helix Holdings,1-50,Conference,Data Analytics,Q2 2026,2026-05-15,Won,4,2026-06-07,20900,24800
PROS-02849,REP-0103,Nimbus Works,51-200,LinkedIn,Cloud Compute,Q1 2026,2026-02-09,Lost,3,2026-02-19,28400,
PROS-02850,REP-0010,Northgate Systems,201-1000,Cold Outreach,AI Platform,Q2 2026,2026-05-25,Dead,0,,47900,
PROS-02851,REP-0070,Ridgeline Networks,51-200,Website Inquiry,Data Analytics,Q1 2026,2026-03-29,Dead,0,,42100,
PROS-02852,REP-0024,Solace Partners,1-50,Website Inquiry,Security Suite,Q4 2025,2025-10-27,Lost,5,2025-11-18,29000,
PROS-02853,REP-0043,Wavefront Solutions,51-200,Cold Outreach,Cloud Storage,Q2 2026,2026-05-29,Open,2,,8600,
PROS-02854,REP-0077,Fusion Technologies,51-200,Paid Marketing,Data Analytics,Q2 2026,2026-06-19,Open,1,,46900,
PROS-02855,REP-0007,Lattice Industries,201-1000,Paid Marketing,Data Analytics,Q4 2025,2025-10-29,Dead,0,,45200,
PROS-02856,REP-0072,Lattice Holdings,51-200,Inbound Call,Cloud Compute,Q4 2025,2025-12-09,Lost,5,2026-01-18,16300,
PROS-02857,REP-0105,Beacon Labs,201-1000,Paid Marketing,Cloud Compute,Q1 2026,2026-03-05,Lost,2,2026-04-18,34400,
PROS-02858,REP-0059,Sterling Technologies,51-200,Website Inquiry,Cloud Compute,Q1 2026,2026-03-12,Lost,4,2026-03-24,27000,
PROS-02859,REP-0010,Solace Labs,201-1000,Paid Marketing,Data Analytics,Q1 2026,2026-01-16,Lost,4,2026-01-31,30700,
PROS-02860,REP-0083,Solace Dynamics,201-1000,Inbound Call,AI Platform,Q1 2026,2026-03-20,Lost,3,2026-05-01,63600,
PROS-02861,REP-0101,Catalyst Dynamics,201-1000,LinkedIn,Cloud Compute,Q4 2025,2025-12-25,Dead,0,,31600,
PROS-02862,REP-0019,Beacon Digital,201-1000,Inbound Call,Cloud Storage,Q4 2025,2025-12-16,Won,3,2026-01-26,16000,13700
PROS-02863,REP-0036,Catalyst Works,51-200,Paid Marketing,AI Platform,Q2 2026,2026-06-21,Lost,4,2026-06-28,46000,
PROS-02864,REP-0072,Fusion Technologies,51-200,Inbound Call,Cloud Storage,Q1 2026,2026-02-21,Lost,5,2026-03-23,10600,
PROS-02865,REP-0024,Lattice Holdings,1-50,Cold Outreach,AI Platform,Q2 2026,2026-05-24,Lost,5,2026-06-02,41500,
PROS-02866,REP-0076,Cobalt Holdings,1-50,Paid Marketing,Cloud Storage,Q1 2026,2026-01-08,Lost,3,2026-01-30,3100,
PROS-02867,REP-0107,Ember Solutions,201-1000,Conference,Cloud Storage,Q1 2026,2026-03-12,Lost,5,2026-03-29,14700,
PROS-02868,REP-0041,Quantum Group,201-1000,Paid Marketing,Cloud Compute,Q1 2026,2026-03-17,Lost,5,2026-05-05,48100,
PROS-02869,REP-0077,Meridian Technologies,1-50,Paid Marketing,Security Suite,Q4 2025,2025-12-15,Lost,2,2026-01-04,29500,
PROS-02870,REP-0028,Helix Labs,1-50,Inbound Call,Cloud Storage,Q4 2025,2025-11-15,Lost,3,2025-11-25,4800,
PROS-02871,REP-0081,Vantage Networks,1-50,Inbound Call,Cloud Storage,Q4 2025,2025-11-07,Won,2,2025-11-21,4400,4900
PROS-02872,REP-0009,Wavefront Labs,1000-5000,Paid Marketing,Data Analytics,Q1 2026,2026-01-26,Dead,1,,41800,
PROS-02873,REP-0088,Nimbus Industries,51-200,LinkedIn,Cloud Compute,Q1 2026,2026-02-24,Lost,4,2026-03-20,27700,
PROS-02874,REP-0067,Fusion Dynamics,201-1000,Website Inquiry,Cloud Storage,Q2 2026,2026-06-11,Lost,3,2026-06-27,16400,
PROS-02875,REP-0073,Pulse Systems,201-1000,Conference,AI Platform,Q2 2026,2026-04-18,Dead,0,,99600,
PROS-02876,REP-0050,Atlas Technologies,1000-5000,LinkedIn,Security Suite,Q1 2026,2026-02-26,Won,8,2026-05-22,104500,111700
PROS-02877,REP-0090,Sterling Solutions,1000-5000,Website Inquiry,Cloud Storage,Q4 2025,2025-12-31,Lost,4,2026-02-27,26300,
PROS-02878,REP-0068,Wavefront Industries,1000-5000,Inbound Call,Cloud Storage,Q1 2026,2026-01-16,Won,6,2026-03-04,15300,13300
PROS-02879,REP-0003,Vertex Digital,51-200,Paid Marketing,Cloud Compute,Q1 2026,2026-02-04,Dead,0,,19600,
PROS-02880,REP-0098,Wavefront Technologies,201-1000,Inbound Call,Cloud Storage,Q1 2026,2026-01-06,Lost,2,2026-02-21,15600,
PROS-02881,REP-0057,Orbit Solutions,1000-5000,Paid Marketing,Security Suite,Q1 2026,2026-01-09,Lost,4,2026-03-01,45700,
PROS-02882,REP-0063,Fusion Works,51-200,Paid Marketing,Cloud Compute,Q2 2026,2026-05-01,Lost,5,2026-05-23,17700,
PROS-02883,REP-0069,Redshift Labs,1000-5000,Cold Outreach,Security Suite,Q4 2025,2025-11-03,Dead,0,,127100,
PROS-02884,REP-0041,Vertex Dynamics,51-200,Inbound Call,Cloud Compute,Q1 2026,2026-01-01,Won,4,2026-01-20,31400,35400
PROS-02885,REP-0069,Zenith Labs,51-200,Website Inquiry,AI Platform,Q2 2026,2026-04-07,Lost,2,2026-05-22,37800,
PROS-02886,REP-0079,Atlas Networks,1-50,LinkedIn,Cloud Compute,Q2 2026,2026-05-18,Dead,0,,6600,
PROS-02887,REP-0001,Helix Digital,201-1000,LinkedIn,Security Suite,Q1 2026,2026-03-06,Lost,4,2026-04-21,52900,
PROS-02888,REP-0057,Granite Industries,1000-5000,Cold Outreach,Data Analytics,Q1 2026,2026-01-13,Lost,4,2026-03-17,69400,
PROS-02889,REP-0013,Nimbus Technologies,5000+,Cold Outreach,Security Suite,Q1 2026,2026-01-07,Dead,0,,143800,
PROS-02890,REP-0082,Cobalt Holdings,51-200,Website Inquiry,Security Suite,Q1 2026,2026-03-04,Dead,0,,42900,
PROS-02891,REP-0094,Catalyst Partners,201-1000,Referral,Security Suite,Q2 2026,2026-04-11,Won,2,2026-04-29,34700,39500
PROS-02892,REP-0060,Ridgeline Networks,201-1000,Referral,Security Suite,Q1 2026,2026-02-01,Dead,0,,47700,
PROS-02893,REP-0087,Atlas Partners,201-1000,Paid Marketing,Cloud Storage,Q1 2026,2026-02-12,Lost,4,2026-03-05,16600,
PROS-02894,REP-0042,Northgate Partners,1-50,Website Inquiry,Cloud Storage,Q2 2026,2026-04-26,Lost,3,2026-05-07,8300,
PROS-02895,REP-0062,Cobalt Partners,1-50,LinkedIn,AI Platform,Q2 2026,2026-06-13,Open,1,,30100,
PROS-02896,REP-0038,Atlas Works,1000-5000,Inbound Call,AI Platform,Q1 2026,2026-02-12,Won,3,2026-03-10,75500,85300
PROS-02897,REP-0109,Apex Holdings,1-50,Referral,AI Platform,Q1 2026,2026-02-06,Won,2,2026-02-21,36400,37500
PROS-02898,REP-0052,Northgate Digital,1000-5000,Website Inquiry,Security Suite,Q1 2026,2026-03-16,Lost,3,2026-04-26,91500,
PROS-02899,REP-0007,Drift Dynamics,201-1000,LinkedIn,Cloud Storage,Q2 2026,2026-05-11,Lost,4,2026-05-30,9300,
PROS-02900,REP-0088,Vantage Dynamics,1-50,Paid Marketing,Cloud Storage,Q2 2026,2026-04-20,Dead,1,,7400,
PROS-02901,REP-0096,Catalyst Digital,51-200,Cold Outreach,Cloud Compute,Q1 2026,2026-01-04,Lost,5,2026-01-26,13100,
PROS-02902,REP-0043,Zenith Dynamics,201-1000,Conference,Cloud Compute,Q4 2025,2025-12-07,Lost,2,2025-12-29,32100,
PROS-02903,REP-0043,Lattice Digital,201-1000,LinkedIn,Cloud Storage,Q2 2026,2026-04-18,Lost,3,2026-05-17,16500,
PROS-02904,REP-0028,Wavefront Solutions,51-200,Referral,Cloud Storage,Q1 2026,2026-02-15,Dead,0,,9300,
PROS-02905,REP-0083,Zenith Technologies,51-200,Paid Marketing,Cloud Compute,Q1 2026,2026-02-04,Lost,3,2026-03-11,17900,
PROS-02906,REP-0004,Horizon Works,51-200,LinkedIn,Data Analytics,Q4 2025,2025-11-17,Lost,4,2025-11-30,21100,
PROS-02907,REP-0020,Atlas Solutions,1000-5000,LinkedIn,Security Suite,Q2 2026,2026-04-23,Lost,5,2026-06-28,99900,
PROS-02908,REP-0006,Redshift Labs,1000-5000,Paid Marketing,AI Platform,Q1 2026,2026-03-01,Lost,4,2026-05-13,204200,
PROS-02909,REP-0068,Northgate Dynamics,201-1000,Website Inquiry,Security Suite,Q4 2025,2025-11-01,Lost,5,2025-12-14,45800,
PROS-02910,REP-0062,Meridian Systems,1-50,LinkedIn,Security Suite,Q4 2025,2025-12-09,Lost,2,2025-12-19,24700,
PROS-02911,REP-0104,Redshift Industries,1000-5000,Website Inquiry,AI Platform,Q2 2026,2026-06-06,Lost,2,2026-06-28,167000,
PROS-02912,REP-0082,Quantum Partners,201-1000,Cold Outreach,AI Platform,Q2 2026,2026-05-11,Lost,5,2026-05-29,50800,
PROS-02913,REP-0075,Drift Systems,51-200,Inbound Call,Cloud Compute,Q2 2026,2026-04-03,Lost,3,2026-04-19,16500,
PROS-02914,REP-0109,Horizon Industries,51-200,LinkedIn,Cloud Storage,Q1 2026,2026-01-14,Won,3,2026-01-23,10300,12200
PROS-02915,REP-0034,Apex Technologies,201-1000,Cold Outreach,Data Analytics,Q1 2026,2026-03-03,Lost,5,2026-04-13,27500,
PROS-02916,REP-0043,Nimbus Networks,201-1000,Paid Marketing,AI Platform,Q2 2026,2026-06-04,Open,2,,111400,
PROS-02917,REP-0043,Horizon Partners,1000-5000,Paid Marketing,AI Platform,Q2 2026,2026-05-24,Lost,2,2026-06-09,85000,
PROS-02918,REP-0022,Nimbus Group,51-200,Website Inquiry,AI Platform,Q4 2025,2025-12-13,Dead,0,,69200,
PROS-02919,REP-0029,Nimbus Group,201-1000,Website Inquiry,Cloud Compute,Q2 2026,2026-04-16,Lost,4,2026-05-18,27000,
PROS-02920,REP-0108,Wavefront Industries,51-200,Website Inquiry,Cloud Compute,Q2 2026,2026-04-25,Lost,2,2026-05-10,25700,
PROS-02921,REP-0021,Orbit Partners,1-50,Inbound Call,AI Platform,Q2 2026,2026-06-25,Open,2,,24800,
PROS-02922,REP-0109,Ironclad Industries,51-200,Paid Marketing,Security Suite,Q1 2026,2026-02-01,Lost,5,2026-02-09,39200,
PROS-02923,REP-0100,Vantage Networks,1000-5000,Paid Marketing,Security Suite,Q1 2026,2026-01-21,Dead,0,,56600,
PROS-02924,REP-0003,Summit Technologies,51-200,Paid Marketing,Data Analytics,Q2 2026,2026-06-20,Won,4,2026-06-28,22500,19300
PROS-02925,REP-0088,Horizon Dynamics,201-1000,LinkedIn,Cloud Compute,Q4 2025,2025-11-13,Lost,4,2025-12-01,20600,
PROS-02926,REP-0089,Ridgeline Holdings,1-50,Website Inquiry,Data Analytics,Q2 2026,2026-04-29,Lost,4,2026-05-06,9300,
PROS-02927,REP-0062,Beacon Holdings,201-1000,Website Inquiry,Cloud Compute,Q1 2026,2026-01-13,Dead,0,,22400,
PROS-02928,REP-0003,Solace Holdings,1-50,LinkedIn,Cloud Storage,Q2 2026,2026-05-12,Lost,5,2026-05-21,7800,
PROS-02929,REP-0064,Helix Systems,1000-5000,LinkedIn,Data Analytics,Q4 2025,2025-11-23,Lost,2,2026-01-02,50100,
PROS-02930,REP-0087,Summit Systems,1000-5000,Paid Marketing,Cloud Storage,Q2 2026,2026-04-29,Lost,2,2026-06-14,24100,
PROS-02931,REP-0028,Granite Holdings,51-200,Website Inquiry,Cloud Storage,Q4 2025,2025-11-20,Lost,3,2025-12-12,6200,
PROS-02932,REP-0097,Wavefront Technologies,51-200,Website Inquiry,AI Platform,Q2 2026,2026-06-29,Open,1,,57200,
PROS-02933,REP-0104,Meridian Holdings,201-1000,Paid Marketing,AI Platform,Q4 2025,2025-10-08,Lost,5,2025-11-21,98700,
PROS-02934,REP-0042,Beacon Partners,1-50,Paid Marketing,Cloud Compute,Q4 2025,2025-12-13,Lost,5,2026-01-03,15500,
PROS-02935,REP-0006,Atlas Solutions,5000+,Paid Marketing,Cloud Storage,Q1 2026,2026-03-14,Won,6,2026-05-31,46500,41400
PROS-02936,REP-0054,Ridgeline Technologies,201-1000,LinkedIn,Data Analytics,Q4 2025,2025-10-07,Lost,2,2025-11-03,42800,
PROS-02937,REP-0041,Redshift Holdings,1000-5000,Cold Outreach,Data Analytics,Q1 2026,2026-03-29,Won,5,2026-05-07,75400,78300
PROS-02938,REP-0037,Redshift Labs,51-200,Paid Marketing,Cloud Storage,Q4 2025,2025-12-01,Won,4,2025-12-20,8800,7700
PROS-02939,REP-0086,Helix Networks,51-200,Paid Marketing,Cloud Compute,Q2 2026,2026-04-07,Lost,5,2026-05-26,32300,
PROS-02940,REP-0035,Ridgeline Systems,1000-5000,Paid Marketing,AI Platform,Q2 2026,2026-06-26,Open,1,,183300,
PROS-02941,REP-0046,Summit Group,201-1000,LinkedIn,Cloud Compute,Q1 2026,2026-03-07,Dead,0,,21700,
PROS-02942,REP-0015,Apex Industries,1-50,Referral,Data Analytics,Q4 2025,2025-12-18,Dead,1,,14700,
PROS-02943,REP-0072,Quantum Holdings,1000-5000,Inbound Call,Cloud Storage,Q4 2025,2025-10-24,Lost,4,2025-12-04,22500,
PROS-02944,REP-0037,Drift Networks,51-200,Paid Marketing,Security Suite,Q2 2026,2026-06-18,Lost,2,2026-06-27,27800,
PROS-02945,REP-0017,Atlas Labs,51-200,Inbound Call,AI Platform,Q2 2026,2026-05-19,Lost,5,2026-06-27,32300,
PROS-02946,REP-0070,Ember Solutions,1000-5000,LinkedIn,Security Suite,Q1 2026,2026-01-07,Won,4,2026-02-19,127400,116300
PROS-02947,REP-0096,Horizon Works,51-200,Cold Outreach,Data Analytics,Q4 2025,2025-10-25,Dead,0,,30000,
PROS-02948,REP-0075,Quantum Solutions,201-1000,Paid Marketing,Cloud Storage,Q1 2026,2026-02-23,Lost,5,2026-03-19,9400,
PROS-02949,REP-0074,Cobalt Group,201-1000,Website Inquiry,AI Platform,Q2 2026,2026-05-28,Open,1,,72800,
PROS-02950,REP-0037,Sterling Digital,201-1000,Cold Outreach,AI Platform,Q1 2026,2026-02-17,Lost,3,2026-03-11,155200,
PROS-02951,REP-0034,Anchor Industries,51-200,Conference,Data Analytics,Q4 2025,2025-12-02,Dead,0,,30200,
PROS-02952,REP-0004,Ember Dynamics,51-200,Paid Marketing,Cloud Storage,Q1 2026,2026-01-12,Won,3,2026-01-31,16800,15300
PROS-02953,REP-0045,Cobalt Networks,5000+,Cold Outreach,AI Platform,Q2 2026,2026-04-26,Lost,3,2026-06-30,120700,
PROS-02954,REP-0004,Horizon Networks,201-1000,Conference,Data Analytics,Q4 2025,2025-10-18,Lost,4,2025-10-30,56800,
PROS-02955,REP-0041,Zenith Systems,201-1000,Website Inquiry,Security Suite,Q1 2026,2026-03-24,Dead,0,,50500,
PROS-02956,REP-0041,Summit Group,201-1000,LinkedIn,Cloud Compute,Q2 2026,2026-04-05,Dead,0,,19400,
PROS-02957,REP-0072,Ironclad Works,1000-5000,Conference,Cloud Storage,Q2 2026,2026-05-29,Open,2,,17100,
PROS-02958,REP-0054,Vantage Industries,51-200,Cold Outreach,Cloud Compute,Q4 2025,2025-12-30,Dead,0,,15000,
PROS-02959,REP-0042,Redshift Digital,51-200,Website Inquiry,Cloud Storage,Q1 2026,2026-03-02,Lost,4,2026-03-17,7500,
PROS-02960,REP-0096,Zenith Digital,1-50,Cold Outreach,Cloud Compute,Q4 2025,2025-11-22,Lost,4,2025-12-06,12900,
PROS-02961,REP-0009,Sterling Dynamics,5000+,Website Inquiry,Data Analytics,Q2 2026,2026-06-19,Open,2,,62800,
PROS-02962,REP-0060,Orbit Holdings,1000-5000,Cold Outreach,Security Suite,Q4 2025,2025-11-24,Lost,3,2026-01-30,150800,
PROS-02963,REP-0011,Northgate Networks,51-200,Website Inquiry,Cloud Storage,Q1 2026,2026-01-16,Dead,0,,7900,
PROS-02964,REP-0034,Vantage Works,1000-5000,Paid Marketing,AI Platform,Q2 2026,2026-06-05,Open,0,,122700,
PROS-02965,REP-0042,Zenith Labs,201-1000,Website Inquiry,AI Platform,Q2 2026,2026-05-02,Dead,0,,86500,
PROS-02966,REP-0072,Northgate Technologies,1000-5000,Paid Marketing,Cloud Storage,Q2 2026,2026-05-11,Lost,5,2026-05-31,14900,
PROS-02967,REP-0025,Summit Solutions,201-1000,LinkedIn,Data Analytics,Q2 2026,2026-04-13,Dead,0,,67700,
PROS-02968,REP-0017,Drift Systems,201-1000,Cold Outreach,Data Analytics,Q4 2025,2025-11-04,Dead,1,,26700,
PROS-02969,REP-0081,Granite Industries,1-50,Conference,Cloud Compute,Q2 2026,2026-05-07,Won,4,2026-06-01,11700,11700
PROS-02970,REP-0081,Ridgeline Technologies,1-50,Cold Outreach,AI Platform,Q2 2026,2026-04-21,Lost,4,2026-05-12,49400,
PROS-02971,REP-0059,Wavefront Dynamics,51-200,Inbound Call,Data Analytics,Q2 2026,2026-05-23,Lost,5,2026-06-06,22600,
PROS-02972,REP-0012,Anchor Group,1-50,LinkedIn,Cloud Compute,Q2 2026,2026-05-10,Lost,3,2026-05-29,15300,
PROS-02973,REP-0014,Zenith Solutions,1000-5000,Website Inquiry,Security Suite,Q2 2026,2026-06-19,Open,1,,91600,
PROS-02974,REP-0049,Northgate Holdings,51-200,Conference,Cloud Compute,Q2 2026,2026-05-05,Dead,1,,22600,
PROS-02975,REP-0025,Vantage Networks,201-1000,Paid Marketing,Data Analytics,Q1 2026,2026-01-17,Dead,1,,49800,
PROS-02976,REP-0022,Fusion Dynamics,201-1000,Referral,Data Analytics,Q1 2026,2026-03-16,Lost,5,2026-05-03,29300,
PROS-02977,REP-0060,Horizon Networks,5000+,Conference,Data Analytics,Q4 2025,2025-12-27,Won,6,2026-01-27,90400,93700
PROS-02978,REP-0100,Lattice Technologies,51-200,Paid Marketing,Cloud Storage,Q2 2026,2026-04-20,Lost,2,2026-05-20,7800,
PROS-02979,REP-0059,Redshift Labs,1-50,Paid Marketing,Security Suite,Q1 2026,2026-01-13,Lost,5,2026-01-31,21600,
PROS-02980,REP-0103,Helix Partners,51-200,Paid Marketing,Cloud Storage,Q1 2026,2026-03-20,Dead,0,,8700,
PROS-02981,REP-0042,Meridian Labs,1-50,Paid Marketing,Cloud Storage,Q1 2026,2026-01-11,Lost,2,2026-01-29,4800,
PROS-02982,REP-0012,Fusion Labs,1-50,Website Inquiry,Cloud Compute,Q4 2025,2025-12-07,Dead,0,,19000,
PROS-02983,REP-0070,Summit Partners,51-200,Website Inquiry,AI Platform,Q2 2026,2026-04-26,Dead,0,,59600,
PROS-02984,REP-0016,Beacon Dynamics,5000+,Cold Outreach,Security Suite,Q4 2025,2025-11-13,Dead,2,,139100,
PROS-02985,REP-0004,Orbit Labs,1-50,LinkedIn,Security Suite,Q1 2026,2026-01-08,Lost,5,2026-02-01,20600,
PROS-02986,REP-0068,Orbit Networks,51-200,Cold Outreach,Cloud Storage,Q4 2025,2025-10-18,Dead,1,,12200,
PROS-02987,REP-0069,Drift Partners,51-200,Paid Marketing,Cloud Compute,Q2 2026,2026-06-15,Lost,4,2026-06-30,15200,
PROS-02988,REP-0046,Zenith Labs,51-200,Conference,Cloud Storage,Q2 2026,2026-06-09,Open,2,,8700,
PROS-02989,REP-0109,Horizon Digital,1-50,Paid Marketing,Cloud Compute,Q1 2026,2026-01-17,Lost,4,2026-01-31,16400,
PROS-02990,REP-0101,Redshift Technologies,201-1000,Website Inquiry,Cloud Storage,Q1 2026,2026-02-22,Lost,3,2026-04-06,13400,
PROS-02991,REP-0090,Horizon Networks,201-1000,Paid Marketing,Cloud Compute,Q1 2026,2026-02-23,Won,4,2026-04-09,31500,32300
PROS-02992,REP-0001,Catalyst Labs,1000-5000,Paid Marketing,Cloud Compute,Q1 2026,2026-01-22,Won,5,2026-03-04,29600,27400
PROS-02993,REP-0102,Quantum Works,1-50,Website Inquiry,Security Suite,Q4 2025,2025-12-25,Dead,0,,13800,
PROS-02994,REP-0005,Ironclad Technologies,1-50,Website Inquiry,Cloud Compute,Q4 2025,2025-10-12,Lost,5,2025-10-24,12000,
PROS-02995,REP-0034,Ember Partners,1000-5000,Paid Marketing,Cloud Compute,Q4 2025,2025-12-10,Lost,5,2026-01-01,59300,
PROS-02996,REP-0079,Northgate Industries,1-50,Paid Marketing,Cloud Compute,Q2 2026,2026-05-20,Dead,0,,10000,
PROS-02997,REP-0081,Fusion Industries,51-200,Website Inquiry,Data Analytics,Q2 2026,2026-05-07,Won,3,2026-05-21,14700,16700
PROS-02998,REP-0075,Solace Solutions,201-1000,LinkedIn,Cloud Compute,Q2 2026,2026-05-10,Lost,3,2026-06-27,18300,
PROS-02999,REP-0055,Vertex Partners,5000+,Paid Marketing,Cloud Compute,Q4 2025,2025-10-12,Lost,2,2025-12-25,55900,
PROS-03000,REP-0080,Catalyst Holdings,201-1000,Website Inquiry,Security Suite,Q4 2025,2025-10-10,Dead,1,,44900,
PROS-03001,REP-0083,Orbit Works,51-200,Paid Marketing,Security Suite,Q4 2025,2025-11-25,Lost,5,2025-12-17,26600,
PROS-03002,REP-0056,Cobalt Dynamics,1-50,Conference,Data Analytics,Q4 2025,2025-12-04,Won,4,2025-12-21,20500,20400
PROS-03003,REP-0081,Horizon Group,1-50,Conference,AI Platform,Q4 2025,2025-12-20,Won,3,2026-01-09,56300,51400
PROS-03004,REP-0085,Ember Technologies,1000-5000,Inbound Call,Cloud Storage,Q1 2026,2026-02-01,Lost,5,2026-04-13,19900,
PROS-03005,REP-0020,Wavefront Networks,201-1000,Website Inquiry,Cloud Compute,Q1 2026,2026-02-22,Lost,5,2026-05-10,37100,
PROS-03006,REP-0077,Quantum Holdings,1-50,Website Inquiry,Cloud Storage,Q1 2026,2026-03-05,Lost,4,2026-03-20,4400,
PROS-03007,REP-0032,Lattice Partners,1000-5000,LinkedIn,Cloud Compute,Q1 2026,2026-03-04,Won,4,2026-05-10,39200,34800
PROS-03008,REP-0101,Solace Networks,201-1000,Paid Marketing,AI Platform,Q2 2026,2026-04-15,Lost,3,2026-05-27,147400,
PROS-03009,REP-0107,Quantum Works,201-1000,Paid Marketing,Security Suite,Q4 2025,2025-11-13,Lost,2,2025-12-11,45000,
PROS-03010,REP-0022,Lattice Industries,51-200,Cold Outreach,AI Platform,Q2 2026,2026-06-24,Open,3,,82200,
PROS-03011,REP-0072,Pulse Digital,201-1000,Cold Outreach,AI Platform,Q1 2026,2026-01-20,Dead,0,,77000,
PROS-03012,REP-0058,Apex Technologies,1000-5000,Paid Marketing,Data Analytics,Q4 2025,2025-11-19,Dead,2,,47100,
PROS-03013,REP-0043,Sterling Partners,51-200,LinkedIn,Security Suite,Q1 2026,2026-03-31,Lost,4,2026-05-12,63400,
PROS-03014,REP-0075,Pulse Digital,201-1000,Website Inquiry,Cloud Storage,Q4 2025,2025-12-15,Lost,5,2026-01-23,12000,
PROS-03015,REP-0089,Beacon Digital,51-200,Cold Outreach,AI Platform,Q1 2026,2026-01-01,Lost,5,2026-01-11,74600,
PROS-03016,REP-0078,Ridgeline Systems,51-200,LinkedIn,AI Platform,Q2 2026,2026-05-21,Dead,0,,47800,
PROS-03017,REP-0081,Northgate Technologies,51-200,LinkedIn,Security Suite,Q4 2025,2025-11-29,Lost,2,2025-12-24,57800,
PROS-03018,REP-0091,Ironclad Digital,51-200,Website Inquiry,Cloud Storage,Q2 2026,2026-05-25,Lost,3,2026-06-27,9500,
PROS-03019,REP-0074,Meridian Labs,201-1000,Inbound Call,AI Platform,Q2 2026,2026-06-17,Open,2,,82700,
PROS-03020,REP-0085,Ironclad Solutions,1000-5000,Referral,Cloud Compute,Q2 2026,2026-05-21,Dead,0,,53900,
PROS-03021,REP-0048,Redshift Digital,1000-5000,Cold Outreach,AI Platform,Q2 2026,2026-06-09,Open,1,,227800,
PROS-03022,REP-0015,Meridian Works,1-50,Inbound Call,Cloud Storage,Q4 2025,2025-10-01,Won,4,2025-10-21,8400,9300
PROS-03023,REP-0007,Helix Technologies,201-1000,Cold Outreach,Cloud Compute,Q2 2026,2026-06-08,Open,0,,15700,
PROS-03024,REP-0091,Nova Solutions,1000-5000,LinkedIn,Cloud Storage,Q1 2026,2026-02-03,Lost,4,2026-03-07,24400,
PROS-03025,REP-0071,Sterling Works,201-1000,Cold Outreach,AI Platform,Q2 2026,2026-05-17,Lost,3,2026-06-05,136900,
PROS-03026,REP-0059,Atlas Solutions,1-50,Inbound Call,Cloud Compute,Q1 2026,2026-03-18,Lost,3,2026-03-31,10000,
PROS-03027,REP-0100,Ironclad Digital,201-1000,Inbound Call,AI Platform,Q2 2026,2026-05-17,Dead,0,,63200,
PROS-03028,REP-0095,Ridgeline Holdings,1-50,Inbound Call,Cloud Storage,Q2 2026,2026-05-06,Dead,0,,7500,
PROS-03029,REP-0068,Helix Networks,1000-5000,Referral,Cloud Storage,Q4 2025,2025-11-18,Dead,0,,21700,
PROS-03030,REP-0015,Anchor Labs,1-50,Conference,AI Platform,Q2 2026,2026-05-17,Won,2,2026-06-05,55600,48000
PROS-03031,REP-0062,Apex Systems,51-200,Cold Outreach,Data Analytics,Q1 2026,2026-02-12,Dead,0,,32900,
PROS-03032,REP-0102,Drift Technologies,51-200,Inbound Call,Cloud Compute,Q4 2025,2025-10-27,Lost,2,2025-11-19,10400,
PROS-03033,REP-0062,Quantum Networks,1-50,Inbound Call,AI Platform,Q4 2025,2025-11-24,Dead,0,,15500,
PROS-03034,REP-0040,Vertex Systems,201-1000,Website Inquiry,Cloud Compute,Q4 2025,2025-10-26,Lost,4,2025-12-02,28400,
PROS-03035,REP-0064,Summit Holdings,1000-5000,Paid Marketing,Security Suite,Q4 2025,2025-11-06,Lost,2,2025-12-25,83300,
PROS-03036,REP-0031,Apex Technologies,201-1000,Paid Marketing,Security Suite,Q2 2026,2026-04-22,Lost,2,2026-05-19,80000,
PROS-03037,REP-0025,Redshift Industries,201-1000,Cold Outreach,Security Suite,Q2 2026,2026-04-05,Lost,2,2026-04-28,71700,
PROS-03038,REP-0094,Ridgeline Labs,51-200,LinkedIn,Cloud Compute,Q4 2025,2025-10-15,Lost,3,2025-11-01,17900,
PROS-03039,REP-0102,Vertex Holdings,1-50,LinkedIn,AI Platform,Q1 2026,2026-03-23,Lost,4,2026-04-15,31800,
PROS-03040,REP-0037,Pulse Holdings,201-1000,Conference,Data Analytics,Q1 2026,2026-02-14,Dead,1,,39100,
PROS-03041,REP-0088,Summit Digital,1-50,Inbound Call,AI Platform,Q2 2026,2026-04-26,Dead,0,,42600,
PROS-03042,REP-0096,Northgate Industries,51-200,Inbound Call,Security Suite,Q4 2025,2025-12-20,Lost,2,2026-01-02,53500,
PROS-03043,REP-0013,Northgate Dynamics,5000+,LinkedIn,Security Suite,Q1 2026,2026-02-09,Lost,4,2026-04-23,125600,
PROS-03044,REP-0004,Cobalt Solutions,51-200,LinkedIn,Security Suite,Q4 2025,2025-10-01,Lost,4,2025-10-25,66400,
PROS-03045,REP-0019,Fusion Networks,201-1000,LinkedIn,Cloud Compute,Q4 2025,2025-10-18,Lost,2,2025-12-01,35600,
PROS-03046,REP-0093,Anchor Technologies,1-50,Referral,Security Suite,Q2 2026,2026-06-29,Lost,3,2026-06-30,18800,
PROS-03047,REP-0027,Ironclad Technologies,1000-5000,Cold Outreach,Cloud Compute,Q2 2026,2026-06-06,Lost,2,2026-06-29,66300,
PROS-03048,REP-0029,Nova Group,201-1000,Cold Outreach,Cloud Storage,Q2 2026,2026-04-21,Dead,0,,15700,
PROS-03049,REP-0098,Cobalt Digital,1000-5000,Conference,Cloud Storage,Q1 2026,2026-01-29,Lost,4,2026-02-23,23000,
PROS-03050,REP-0001,Ember Networks,51-200,Inbound Call,Security Suite,Q4 2025,2025-10-25,Dead,0,,71900,
PROS-03051,REP-0034,Ridgeline Works,51-200,Paid Marketing,AI Platform,Q2 2026,2026-05-31,Open,3,,26300,
PROS-03052,REP-0055,Apex Digital,5000+,Inbound Call,Cloud Compute,Q4 2025,2025-12-16,Dead,1,,64100,
PROS-03053,REP-0106,Sterling Industries,201-1000,Conference,Cloud Storage,Q2 2026,2026-04-02,Lost,3,2026-05-18,8400,
PROS-03054,REP-0039,Cobalt Networks,1000-5000,Inbound Call,AI Platform,Q4 2025,2025-12-01,Lost,3,2026-02-20,256900,
PROS-03055,REP-0033,Cobalt Industries,1000-5000,Inbound Call,Cloud Compute,Q1 2026,2026-03-19,Lost,4,2026-05-03,28200,
PROS-03056,REP-0094,Wavefront Solutions,1-50,Website Inquiry,Cloud Compute,Q4 2025,2025-10-04,Dead,1,,9500,
PROS-03057,REP-0015,Zenith Networks,1-50,Inbound Call,AI Platform,Q2 2026,2026-05-09,Won,4,2026-06-02,61000,65000
PROS-03058,REP-0064,Redshift Solutions,201-1000,Paid Marketing,Cloud Compute,Q1 2026,2026-01-19,Lost,3,2026-03-08,36500,
PROS-03059,REP-0097,Anchor Group,201-1000,Referral,AI Platform,Q2 2026,2026-06-30,Lost,5,2026-06-28,81600,
PROS-03060,REP-0074,Granite Group,51-200,Conference,Cloud Storage,Q1 2026,2026-01-31,Dead,0,,10000,
PROS-03061,REP-0081,Summit Partners,201-1000,LinkedIn,Cloud Compute,Q2 2026,2026-05-10,Lost,4,2026-05-27,16300,
PROS-03062,REP-0043,Fusion Group,201-1000,Referral,Data Analytics,Q1 2026,2026-02-12,Lost,2,2026-03-05,38200,
PROS-03063,REP-0032,Summit Works,201-1000,Inbound Call,Security Suite,Q1 2026,2026-02-02,Lost,2,2026-04-09,62300,
PROS-03064,REP-0041,Vantage Networks,201-1000,LinkedIn,Cloud Compute,Q1 2026,2026-02-04,Lost,5,2026-02-22,36800,
PROS-03065,REP-0098,Nimbus Works,1000-5000,Paid Marketing,Cloud Storage,Q4 2025,2025-12-31,Lost,3,2026-02-01,29900,
PROS-03066,REP-0058,Wavefront Works,5000+,Cold Outreach,Data Analytics,Q2 2026,2026-06-08,Open,2,,132600,
PROS-03067,REP-0076,Atlas Networks,51-200,Cold Outreach,AI Platform,Q2 2026,2026-06-07,Won,4,2026-06-20,85400,87300
PROS-03068,REP-0029,Lattice Holdings,1000-5000,Conference,Cloud Compute,Q2 2026,2026-06-13,Open,1,,31000,
PROS-03069,REP-0037,Fusion Systems,201-1000,Website Inquiry,Data Analytics,Q1 2026,2026-02-28,Lost,2,2026-04-14,57600,
PROS-03070,REP-0032,Horizon Works,1000-5000,LinkedIn,Cloud Storage,Q4 2025,2025-10-22,Lost,5,2025-12-31,19900,
PROS-03071,REP-0053,Apex Group,51-200,Cold Outreach,Cloud Storage,Q1 2026,2026-03-14,Lost,3,2026-04-08,7000,
PROS-03072,REP-0102,Sterling Labs,1-50,Website Inquiry,Data Analytics,Q1 2026,2026-03-04,Won,3,2026-03-23,10800,11300
PROS-03073,REP-0016,Drift Systems,201-1000,Paid Marketing,AI Platform,Q2 2026,2026-05-19,Lost,2,2026-06-29,81600,
PROS-03074,REP-0019,Pulse Digital,201-1000,Cold Outreach,AI Platform,Q2 2026,2026-06-24,Dead,2,,78100,
PROS-03075,REP-0071,Nimbus Systems,1000-5000,Conference,Security Suite,Q1 2026,2026-01-09,Lost,4,2026-02-27,102200,
PROS-03076,REP-0001,Zenith Labs,51-200,Cold Outreach,Data Analytics,Q4 2025,2025-12-22,Lost,2,2026-01-30,33200,
PROS-03077,REP-0088,Solace Group,1-50,LinkedIn,Cloud Compute,Q1 2026,2026-02-03,Lost,2,2026-02-25,14800,
PROS-03078,REP-0081,Nova Digital,1-50,LinkedIn,AI Platform,Q1 2026,2026-03-16,Dead,0,,29600,
PROS-03079,REP-0044,Redshift Digital,51-200,LinkedIn,Cloud Compute,Q1 2026,2026-03-08,Lost,3,2026-03-20,12400,
PROS-03080,REP-0107,Wavefront Partners,201-1000,Cold Outreach,Cloud Compute,Q2 2026,2026-06-26,Open,3,,20800,
PROS-03081,REP-0107,Wavefront Partners,1000-5000,Paid Marketing,Cloud Storage,Q2 2026,2026-05-15,Dead,0,,32300,
PROS-03082,REP-0101,Northgate Solutions,1000-5000,Website Inquiry,Cloud Compute,Q4 2025,2025-10-01,Won,3,2025-10-16,59400,70500
PROS-03083,REP-0106,Orbit Technologies,201-1000,Inbound Call,Cloud Compute,Q1 2026,2026-01-20,Lost,5,2026-02-04,14800,
PROS-03084,REP-0009,Quantum Digital,1000-5000,Paid Marketing,Cloud Compute,Q2 2026,2026-05-12,Won,7,2026-06-30,32000,34000
PROS-03085,REP-0044,Summit Group,1-50,Conference,Cloud Storage,Q1 2026,2026-03-12,Won,3,2026-03-27,6700,6900
PROS-03086,REP-0041,Summit Networks,51-200,Website Inquiry,Security Suite,Q4 2025,2025-12-21,Lost,2,2026-01-14,50100,
PROS-03087,REP-0042,Zenith Holdings,1-50,Paid Marketing,Security Suite,Q1 2026,2026-03-14,Lost,3,2026-04-02,24900,
PROS-03088,REP-0049,Solace Group,201-1000,Referral,Security Suite,Q4 2025,2025-12-01,Lost,4,2026-01-16,57800,
PROS-03089,REP-0110,Atlas Works,51-200,Paid Marketing,Cloud Storage,Q4 2025,2025-11-09,Lost,3,2025-12-21,13100,
PROS-03090,REP-0017,Pulse Systems,201-1000,Cold Outreach,Data Analytics,Q2 2026,2026-05-16,Lost,3,2026-06-09,39400,
PROS-03091,REP-0090,Redshift Dynamics,5000+,Inbound Call,Cloud Compute,Q1 2026,2026-01-02,Dead,0,,56900,
PROS-03092,REP-0030,Helix Systems,1000-5000,Cold Outreach,Data Analytics,Q1 2026,2026-03-28,Lost,4,2026-04-29,69500,
PROS-03093,REP-0008,Beacon Technologies,201-1000,Website Inquiry,AI Platform,Q1 2026,2026-01-11,Lost,5,2026-03-01,121300,
PROS-03094,REP-0054,Nimbus Partners,201-1000,Paid Marketing,Security Suite,Q1 2026,2026-02-05,Lost,4,2026-03-04,63200,
PROS-03095,REP-0029,Quantum Digital,201-1000,Website Inquiry,Cloud Compute,Q4 2025,2025-11-28,Dead,0,,24800,
PROS-03096,REP-0011,Catalyst Partners,1-50,Paid Marketing,Cloud Storage,Q4 2025,2025-11-04,Lost,4,2025-11-26,3300,
PROS-03097,REP-0072,Apex Digital,201-1000,Website Inquiry,Data Analytics,Q1 2026,2026-01-02,Lost,4,2026-02-21,48400,
PROS-03098,REP-0040,Fusion Holdings,1000-5000,Cold Outreach,Cloud Compute,Q1 2026,2026-01-15,Dead,0,,46800,
PROS-03099,REP-0053,Vertex Holdings,1-50,Paid Marketing,Cloud Storage,Q2 2026,2026-05-20,Dead,0,,7600,
PROS-03100,REP-0005,Zenith Partners,51-200,Cold Outreach,Cloud Storage,Q1 2026,2026-03-21,Lost,5,2026-03-31,10300,
PROS-03101,REP-0080,Vertex Networks,201-1000,LinkedIn,Security Suite,Q1 2026,2026-03-09,Lost,4,2026-04-02,67700,
PROS-03102,REP-0013,Catalyst Partners,1000-5000,Conference,AI Platform,Q2 2026,2026-06-17,Open,0,,136300,
PROS-03103,REP-0068,Meridian Industries,51-200,Paid Marketing,Data Analytics,Q1 2026,2026-01-13,Lost,5,2026-02-09,23300,
PROS-03104,REP-0091,Ember Technologies,201-1000,Inbound Call,Cloud Storage,Q1 2026,2026-03-02,Won,3,2026-03-22,14900,13200
PROS-03105,REP-0012,Helix Industries,1-50,Conference,Security Suite,Q2 2026,2026-06-25,Open,0,,16700,
PROS-03106,REP-0059,Northgate Digital,51-200,Paid Marketing,AI Platform,Q1 2026,2026-02-22,Lost,3,2026-03-17,76500,
PROS-03107,REP-0089,Nova Systems,1-50,Cold Outreach,AI Platform,Q2 2026,2026-04-14,Lost,5,2026-04-26,25600,
PROS-03108,REP-0100,Vertex Holdings,201-1000,Referral,Cloud Compute,Q4 2025,2025-10-21,Lost,4,2025-12-09,20800,
PROS-03109,REP-0100,Ridgeline Networks,1000-5000,Conference,Data Analytics,Q4 2025,2025-11-09,Won,5,2025-12-14,40000,47400
PROS-03110,REP-0024,Ridgeline Systems,1-50,Paid Marketing,Cloud Storage,Q2 2026,2026-06-25,Open,3,,4800,
PROS-03111,REP-0104,Apex Partners,5000+,Cold Outreach,AI Platform,Q1 2026,2026-01-21,Lost,2,2026-04-19,263800,
PROS-03112,REP-0007,Apex Digital,201-1000,LinkedIn,Security Suite,Q4 2025,2025-11-12,Dead,0,,66900,
PROS-03113,REP-0089,Ridgeline Works,201-1000,Inbound Call,AI Platform,Q2 2026,2026-05-28,Open,0,,82200,
PROS-03114,REP-0026,Northgate Dynamics,51-200,Website Inquiry,Cloud Compute,Q2 2026,2026-05-20,Dead,0,,12500,
PROS-03115,REP-0047,Ember Systems,201-1000,Inbound Call,AI Platform,Q4 2025,2025-10-27,Lost,4,2025-12-10,61900,
PROS-03116,REP-0054,Meridian Solutions,51-200,Cold Outreach,Cloud Storage,Q2 2026,2026-06-11,Open,1,,11300,
PROS-03117,REP-0009,Nimbus Holdings,201-1000,Cold Outreach,Data Analytics,Q1 2026,2026-03-25,Lost,5,2026-05-04,50600,
PROS-03118,REP-0001,Redshift Networks,201-1000,Website Inquiry,Security Suite,Q1 2026,2026-03-11,Dead,1,,89500,
PROS-03119,REP-0074,Ember Labs,201-1000,Cold Outreach,Security Suite,Q2 2026,2026-06-28,Open,1,,46100,
PROS-03120,REP-0098,Orbit Labs,1000-5000,Referral,AI Platform,Q2 2026,2026-06-15,Open,2,,207100,
PROS-03121,REP-0036,Apex Solutions,1000-5000,Cold Outreach,AI Platform,Q1 2026,2026-02-25,Won,4,2026-03-30,162900,166200
PROS-03122,REP-0034,Fusion Industries,201-1000,LinkedIn,Data Analytics,Q4 2025,2025-12-11,Lost,4,2026-01-04,43800,
PROS-03123,REP-0016,Zenith Industries,1000-5000,Website Inquiry,AI Platform,Q1 2026,2026-01-23,Dead,0,,90000,
PROS-03124,REP-0074,Redshift Industries,201-1000,Cold Outreach,AI Platform,Q2 2026,2026-06-13,Open,0,,120400,
PROS-03125,REP-0063,Quantum Labs,1-50,Website Inquiry,Cloud Storage,Q2 2026,2026-04-13,Lost,4,2026-05-07,6600,
PROS-03126,REP-0004,Granite Systems,201-1000,Website Inquiry,AI Platform,Q2 2026,2026-05-12,Won,2,2026-05-29,125600,150100
PROS-03127,REP-0069,Beacon Group,201-1000,Inbound Call,AI Platform,Q4 2025,2025-10-07,Won,5,2025-11-13,68200,67000
PROS-03128,REP-0012,Atlas Networks,1-50,LinkedIn,Data Analytics,Q2 2026,2026-04-19,Lost,2,2026-04-27,14300,
PROS-03129,REP-0023,Redshift Digital,201-1000,Cold Outreach,Security Suite,Q1 2026,2026-02-10,Lost,3,2026-04-21,41900,
PROS-03130,REP-0025,Lattice Networks,201-1000,Cold Outreach,Data Analytics,Q2 2026,2026-05-08,Lost,4,2026-05-30,57000,
PROS-03131,REP-0026,Granite Works,201-1000,LinkedIn,Cloud Compute,Q1 2026,2026-03-09,Dead,0,,23800,
PROS-03132,REP-0031,Vertex Labs,1000-5000,Conference,AI Platform,Q2 2026,2026-05-29,Open,2,,190200,
PROS-03133,REP-0097,Nova Solutions,1000-5000,Paid Marketing,Data Analytics,Q4 2025,2025-12-30,Lost,5,2026-02-05,64000,
PROS-03134,REP-0088,Ridgeline Solutions,1-50,Cold Outreach,Cloud Compute,Q2 2026,2026-05-30,Open,0,,11100,
PROS-03135,REP-0023,Ridgeline Holdings,1000-5000,Website Inquiry,Cloud Compute,Q1 2026,2026-01-08,Lost,3,2026-02-12,53200,
PROS-03136,REP-0035,Anchor Labs,201-1000,Paid Marketing,Cloud Storage,Q2 2026,2026-06-01,Open,0,,15500,
PROS-03137,REP-0012,Lattice Networks,51-200,Cold Outreach,Security Suite,Q1 2026,2026-02-13,Lost,3,2026-03-06,50700,
PROS-03138,REP-0044,Nova Digital,1-50,Referral,AI Platform,Q1 2026,2026-01-19,Dead,0,,49400,
PROS-03139,REP-0110,Atlas Digital,51-200,Cold Outreach,Cloud Storage,Q4 2025,2025-10-03,Dead,0,,7800,
PROS-03140,REP-0010,Ember Labs,51-200,Website Inquiry,Cloud Storage,Q2 2026,2026-05-17,Dead,0,,8100,
PROS-03141,REP-0096,Anchor Partners,51-200,Website Inquiry,AI Platform,Q2 2026,2026-04-06,Lost,4,2026-04-26,90000,
PROS-03142,REP-0008,Lattice Technologies,201-1000,Paid Marketing,Cloud Compute,Q4 2025,2025-10-18,Dead,1,,41100,
PROS-03143,REP-0028,Helix Works,51-200,Paid Marketing,Security Suite,Q4 2025,2025-10-13,Lost,2,2025-11-02,65100,
PROS-03144,REP-0063,Redshift Digital,51-200,Paid Marketing,Cloud Compute,Q1 2026,2026-01-06,Lost,5,2026-01-23,17800,
PROS-03145,REP-0040,Vertex Holdings,201-1000,Cold Outreach,AI Platform,Q1 2026,2026-03-24,Lost,2,2026-05-13,125700,
PROS-03146,REP-0057,Beacon Technologies,5000+,Paid Marketing,Cloud Compute,Q4 2025,2025-12-25,Dead,0,,68500,
PROS-03147,REP-0105,Anchor Labs,51-200,Paid Marketing,Cloud Storage,Q2 2026,2026-06-04,Lost,5,2026-06-27,11400,
PROS-03148,REP-0008,Meridian Group,201-1000,Cold Outreach,AI Platform,Q1 2026,2026-01-15,Won,3,2026-02-25,88000,101400
PROS-03149,REP-0100,Apex Holdings,51-200,Website Inquiry,Cloud Compute,Q4 2025,2025-12-13,Lost,4,2026-01-01,22600,
PROS-03150,REP-0067,Drift Works,5000+,Paid Marketing,Cloud Compute,Q2 2026,2026-06-06,Dead,1,,60800,
PROS-03151,REP-0023,Ridgeline Labs,1000-5000,Paid Marketing,Security Suite,Q1 2026,2026-01-15,Dead,0,,54300,
PROS-03152,REP-0011,Catalyst Technologies,1-50,Website Inquiry,Data Analytics,Q4 2025,2025-12-20,Lost,5,2025-12-29,13200,
PROS-03153,REP-0049,Ironclad Works,51-200,Cold Outreach,Cloud Compute,Q4 2025,2025-11-25,Lost,5,2025-12-11,11100,
PROS-03154,REP-0047,Atlas Holdings,201-1000,Paid Marketing,AI Platform,Q2 2026,2026-06-02,Open,1,,82500,
PROS-03155,REP-0008,Granite Solutions,201-1000,Website Inquiry,Cloud Compute,Q2 2026,2026-06-11,Open,1,,32700,
PROS-03156,REP-0049,Ember Industries,51-200,Inbound Call,Cloud Storage,Q1 2026,2026-03-17,Lost,2,2026-04-13,6700,
PROS-03157,REP-0107,Zenith Systems,201-1000,Cold Outreach,AI Platform,Q4 2025,2025-10-26,Won,6,2025-11-13,60600,52300
PROS-03158,REP-0054,Solace Group,1000-5000,Paid Marketing,Cloud Compute,Q2 2026,2026-05-16,Dead,0,,50400,
PROS-03159,REP-0106,Anchor Technologies,201-1000,Paid Marketing,Security Suite,Q1 2026,2026-01-06,Lost,5,2026-02-16,82400,
PROS-03160,REP-0068,Nimbus Systems,201-1000,Inbound Call,Security Suite,Q1 2026,2026-01-01,Dead,0,,94900,
PROS-03161,REP-0103,Anchor Industries,1-50,Paid Marketing,Data Analytics,Q1 2026,2026-02-08,Lost,2,2026-03-04,12300,
PROS-03162,REP-0078,Orbit Solutions,201-1000,Paid Marketing,Cloud Compute,Q2 2026,2026-05-10,Lost,3,2026-06-01,16600,
PROS-03163,REP-0082,Wavefront Holdings,201-1000,Inbound Call,Security Suite,Q1 2026,2026-03-02,Dead,0,,32900,
PROS-03164,REP-0075,Helix Partners,201-1000,Referral,Cloud Storage,Q1 2026,2026-02-02,Lost,4,2026-02-19,14700,
PROS-03165,REP-0022,Solace Group,201-1000,Cold Outreach,Security Suite,Q4 2025,2025-12-18,Lost,2,2026-01-14,34600,
PROS-03166,REP-0004,Fusion Industries,51-200,Paid Marketing,Security Suite,Q4 2025,2025-10-20,Dead,0,,69100,
PROS-03167,REP-0017,Pulse Group,201-1000,Cold Outreach,AI Platform,Q1 2026,2026-02-15,Lost,4,2026-03-16,127400,
PROS-03168,REP-0025,Drift Labs,1000-5000,Website Inquiry,AI Platform,Q2 2026,2026-05-12,Lost,4,2026-06-11,123500,
PROS-03169,REP-0011,Nova Group,1-50,Conference,Data Analytics,Q2 2026,2026-05-19,Won,3,2026-06-06,7300,7300
PROS-03170,REP-0012,Zenith Group,1-50,LinkedIn,Data Analytics,Q2 2026,2026-06-20,Open,2,,12500,
PROS-03171,REP-0068,Lattice Dynamics,201-1000,Cold Outreach,Cloud Storage,Q1 2026,2026-02-16,Lost,2,2026-03-29,19100,
PROS-03172,REP-0082,Drift Partners,1000-5000,LinkedIn,Cloud Compute,Q2 2026,2026-06-19,Open,1,,59500,
PROS-03173,REP-0069,Meridian Group,201-1000,Conference,Security Suite,Q4 2025,2025-11-19,Dead,0,,76700,
PROS-03174,REP-0088,Sterling Industries,51-200,Website Inquiry,Cloud Compute,Q1 2026,2026-02-01,Lost,4,2026-02-18,29500,
PROS-03175,REP-0010,Vertex Networks,201-1000,Cold Outreach,AI Platform,Q1 2026,2026-01-15,Lost,5,2026-03-01,85400,
PROS-03176,REP-0107,Solace Industries,201-1000,Inbound Call,Cloud Compute,Q4 2025,2025-11-11,Won,3,2025-12-15,22300,22800
PROS-03177,REP-0035,Pulse Technologies,5000+,Paid Marketing,Cloud Storage,Q2 2026,2026-06-10,Won,6,2026-06-27,52100,56200
PROS-03178,REP-0107,Ironclad Holdings,201-1000,Website Inquiry,Cloud Compute,Q1 2026,2026-03-01,Dead,0,,25600,
PROS-03179,REP-0053,Nova Holdings,51-200,LinkedIn,AI Platform,Q2 2026,2026-05-27,Open,1,,55300,
PROS-03180,REP-0021,Cobalt Group,51-200,Paid Marketing,Security Suite,Q2 2026,2026-06-07,Open,1,,48000,
PROS-03181,REP-0020,Nova Technologies,5000+,Cold Outreach,Cloud Compute,Q4 2025,2025-10-22,Won,6,2026-01-07,90600,83100
PROS-03182,REP-0055,Ember Group,5000+,Paid Marketing,AI Platform,Q1 2026,2026-02-05,Dead,0,,254700,
PROS-03183,REP-0021,Solace Works,1-50,Paid Marketing,Data Analytics,Q4 2025,2025-10-15,Lost,2,2025-11-07,13500,
PROS-03184,REP-0067,Nova Systems,5000+,Website Inquiry,Data Analytics,Q1 2026,2026-03-14,Lost,5,2026-05-21,93000,
PROS-03185,REP-0108,Apex Industries,1-50,LinkedIn,Data Analytics,Q4 2025,2025-10-02,Lost,3,2025-10-17,19600,
PROS-03186,REP-0065,Pulse Partners,1000-5000,Cold Outreach,Cloud Compute,Q1 2026,2026-01-07,Lost,3,2026-02-16,37100,
PROS-03187,REP-0014,Helix Technologies,1000-5000,Paid Marketing,Cloud Compute,Q2 2026,2026-06-20,Open,0,,32000,
PROS-03188,REP-0080,Lattice Digital,201-1000,Cold Outreach,Data Analytics,Q4 2025,2025-11-26,Dead,1,,33000,
PROS-03189,REP-0015,Meridian Systems,201-1000,Paid Marketing,AI Platform,Q1 2026,2026-02-21,Dead,0,,128100,
PROS-03190,REP-0021,Nimbus Digital,51-200,Website Inquiry,Security Suite,Q4 2025,2025-11-08,Dead,0,,43900,
PROS-03191,REP-0024,Ridgeline Networks,51-200,Cold Outreach,Cloud Compute,Q1 2026,2026-01-28,Dead,0,,16900,
PROS-03192,REP-0047,Redshift Partners,201-1000,Inbound Call,Cloud Compute,Q2 2026,2026-05-13,Dead,1,,34900,
PROS-03193,REP-0001,Ember Technologies,1000-5000,LinkedIn,Security Suite,Q1 2026,2026-03-11,Dead,0,,165700,
PROS-03194,REP-0091,Beacon Systems,201-1000,Paid Marketing,Security Suite,Q4 2025,2025-10-06,Lost,4,2025-11-18,85600,
PROS-03195,REP-0108,Zenith Solutions,1-50,LinkedIn,Data Analytics,Q4 2025,2025-11-10,Lost,2,2025-11-20,10000,
PROS-03196,REP-0038,Horizon Holdings,201-1000,LinkedIn,Security Suite,Q1 2026,2026-03-23,Dead,0,,84900,
PROS-03197,REP-0012,Meridian Networks,1-50,Referral,Data Analytics,Q4 2025,2025-12-13,Dead,0,,19800,
PROS-03198,REP-0003,Northgate Works,51-200,Paid Marketing,Cloud Storage,Q2 2026,2026-04-25,Lost,5,2026-05-18,9500,
PROS-03199,REP-0086,Vertex Works,201-1000,LinkedIn,Cloud Compute,Q4 2025,2025-12-12,Lost,4,2026-01-30,26100,
PROS-03200,REP-0053,Beacon Partners,1-50,Paid Marketing,AI Platform,Q2 2026,2026-06-20,Lost,5,2026-06-30,15000,
PROS-03201,REP-0063,Orbit Partners,1-50,LinkedIn,Cloud Compute,Q4 2025,2025-12-11,Lost,4,2025-12-27,15000,
PROS-03202,REP-0027,Anchor Holdings,1000-5000,Paid Marketing,Data Analytics,Q4 2025,2025-10-12,Lost,3,2025-12-23,85500,
PROS-03203,REP-0103,Solace Digital,1-50,LinkedIn,AI Platform,Q2 2026,2026-06-01,Open,1,,33000,
PROS-03204,REP-0066,Vantage Solutions,201-1000,Paid Marketing,Security Suite,Q2 2026,2026-06-18,Open,1,,39600,
PROS-03205,REP-0086,Drift Holdings,51-200,Cold Outreach,AI Platform,Q1 2026,2026-01-30,Dead,0,,75700,
PROS-03206,REP-0023,Helix Group,5000+,Cold Outreach,Cloud Compute,Q4 2025,2025-11-29,Dead,0,,49700,
PROS-03207,REP-0068,Quantum Partners,201-1000,LinkedIn,Cloud Storage,Q1 2026,2026-03-28,Lost,2,2026-05-05,9900,
PROS-03208,REP-0068,Wavefront Solutions,201-1000,Referral,AI Platform,Q2 2026,2026-05-28,Open,0,,70500,
PROS-03209,REP-0096,Zenith Networks,1-50,Paid Marketing,Data Analytics,Q2 2026,2026-04-17,Lost,2,2026-05-01,22400,
PROS-03210,REP-0110,Sterling Solutions,201-1000,Cold Outreach,Cloud Compute,Q4 2025,2025-12-04,Lost,5,2026-01-01,32400,
PROS-03211,REP-0057,Fusion Group,1000-5000,Website Inquiry,Data Analytics,Q1 2026,2026-01-12,Lost,3,2026-04-08,45800,
PROS-03212,REP-0042,Ridgeline Partners,1-50,Paid Marketing,Security Suite,Q2 2026,2026-04-18,Lost,3,2026-05-01,28400,
PROS-03213,REP-0098,Apex Partners,201-1000,Cold Outreach,Data Analytics,Q2 2026,2026-06-24,Open,0,,34700,
PROS-03214,REP-0068,Beacon Dynamics,201-1000,Conference,Cloud Storage,Q2 2026,2026-05-07,Lost,5,2026-05-24,16800,
PROS-03215,REP-0091,Sterling Holdings,1000-5000,Inbound Call,Cloud Compute,Q1 2026,2026-01-07,Lost,4,2026-02-04,22800,
PROS-03216,REP-0005,Granite Systems,1-50,Inbound Call,Data Analytics,Q2 2026,2026-04-24,Lost,2,2026-05-18,8500,
PROS-03217,REP-0042,Drift Solutions,1-50,Website Inquiry,Cloud Compute,Q4 2025,2025-11-04,Dead,1,,9500,
PROS-03218,REP-0013,Fusion Holdings,5000+,Paid Marketing,AI Platform,Q4 2025,2025-10-13,Lost,5,2026-01-03,183500,
PROS-03219,REP-0031,Quantum Industries,201-1000,Conference,AI Platform,Q2 2026,2026-06-02,Open,2,,92300,
PROS-03220,REP-0007,Northgate Systems,201-1000,Paid Marketing,Cloud Compute,Q2 2026,2026-06-29,Lost,4,2026-06-30,23300,
PROS-03221,REP-0110,Sterling Industries,1000-5000,Cold Outreach,Cloud Compute,Q1 2026,2026-01-16,Lost,3,2026-02-20,46300,
PROS-03222,REP-0022,Beacon Digital,1000-5000,Website Inquiry,AI Platform,Q4 2025,2025-11-03,Lost,2,2025-11-28,83900,
PROS-03223,REP-0042,Vertex Systems,201-1000,Inbound Call,Cloud Compute,Q1 2026,2026-03-29,Won,3,2026-04-22,16900,16000
PROS-03224,REP-0075,Apex Holdings,201-1000,Referral,Data Analytics,Q1 2026,2026-03-01,Lost,3,2026-04-18,41900,
PROS-03225,REP-0044,Quantum Group,1-50,Website Inquiry,Security Suite,Q1 2026,2026-02-01,Lost,4,2026-02-21,26700,
PROS-03226,REP-0043,Redshift Technologies,201-1000,Cold Outreach,Data Analytics,Q4 2025,2025-11-29,Dead,0,,39800,
PROS-03227,REP-0087,Ember Group,51-200,Website Inquiry,Data Analytics,Q4 2025,2025-11-28,Lost,5,2025-12-27,33800,
PROS-03228,REP-0089,Northgate Technologies,1-50,Cold Outreach,AI Platform,Q2 2026,2026-05-10,Lost,4,2026-06-02,36100,
PROS-03229,REP-0058,Orbit Industries,5000+,LinkedIn,Data Analytics,Q4 2025,2025-11-22,Lost,3,2026-01-05,81800,
PROS-03230,REP-0060,Helix Dynamics,201-1000,Cold Outreach,Cloud Storage,Q1 2026,2026-02-25,Dead,0,,21800,
PROS-03231,REP-0034,Orbit Industries,201-1000,Cold Outreach,Security Suite,Q1 2026,2026-01-05,Dead,0,,62000,
PROS-03232,REP-0063,Cobalt Labs,1-50,Website Inquiry,Data Analytics,Q4 2025,2025-12-14,Lost,2,2026-01-02,15200,
PROS-03233,REP-0047,Nova Digital,201-1000,Referral,Cloud Storage,Q4 2025,2025-11-13,Dead,1,,15800,
PROS-03234,REP-0028,Drift Group,1-50,Inbound Call,AI Platform,Q1 2026,2026-01-30,Lost,2,2026-02-12,33900,
PROS-03235,REP-0056,Cobalt Solutions,51-200,Conference,Data Analytics,Q4 2025,2025-12-08,Lost,3,2025-12-17,18900,
PROS-03236,REP-0005,Vertex Labs,1-50,Website Inquiry,Data Analytics,Q4 2025,2025-11-20,Lost,2,2025-12-02,15700,
PROS-03237,REP-0011,Solace Partners,1-50,Paid Marketing,Data Analytics,Q1 2026,2026-01-29,Lost,4,2026-02-09,16600,
PROS-03238,REP-0075,Atlas Dynamics,201-1000,LinkedIn,Data Analytics,Q4 2025,2025-11-02,Dead,0,,39500,
PROS-03239,REP-0008,Beacon Solutions,51-200,Inbound Call,Security Suite,Q4 2025,2025-12-23,Lost,2,2026-01-29,25100,
PROS-03240,REP-0010,Ridgeline Group,201-1000,Paid Marketing,Data Analytics,Q2 2026,2026-06-16,Dead,0,,38000,
PROS-03241,REP-0023,Catalyst Dynamics,5000+,Paid Marketing,Security Suite,Q1 2026,2026-01-18,Lost,3,2026-04-14,152500,
PROS-03242,REP-0042,Granite Industries,51-200,Website Inquiry,Cloud Storage,Q1 2026,2026-03-10,Dead,0,,13200,
PROS-03243,REP-0074,Beacon Networks,201-1000,Paid Marketing,Data Analytics,Q1 2026,2026-02-06,Lost,2,2026-03-21,23000,
PROS-03244,REP-0063,Horizon Systems,51-200,Paid Marketing,Cloud Storage,Q1 2026,2026-01-25,Lost,3,2026-02-11,6300,
PROS-03245,REP-0014,Sterling Holdings,51-200,Website Inquiry,Cloud Compute,Q2 2026,2026-06-01,Lost,4,2026-06-21,31700,
PROS-03246,REP-0054,Helix Industries,51-200,Cold Outreach,Cloud Storage,Q4 2025,2025-10-06,Lost,4,2025-11-14,14000,
PROS-03247,REP-0005,Meridian Industries,51-200,Paid Marketing,Data Analytics,Q2 2026,2026-05-12,Lost,5,2026-05-22,25700,
PROS-03248,REP-0046,Ridgeline Dynamics,201-1000,Paid Marketing,Cloud Storage,Q2 2026,2026-04-30,Dead,0,,24900,
PROS-03249,REP-0007,Helix Labs,201-1000,Paid Marketing,Cloud Compute,Q2 2026,2026-06-10,Lost,3,2026-06-28,17800,
PROS-03250,REP-0071,Pulse Systems,201-1000,Cold Outreach,Data Analytics,Q2 2026,2026-04-04,Lost,3,2026-05-06,48800,
PROS-03251,REP-0062,Wavefront Works,51-200,Referral,AI Platform,Q2 2026,2026-04-07,Lost,5,2026-04-23,90300,
PROS-03252,REP-0073,Horizon Networks,201-1000,Paid Marketing,Cloud Compute,Q2 2026,2026-04-28,Lost,5,2026-05-22,17900,
PROS-03253,REP-0077,Solace Industries,51-200,Inbound Call,AI Platform,Q1 2026,2026-02-03,Won,2,2026-02-28,89100,90200
PROS-03254,REP-0014,Meridian Works,201-1000,Conference,Cloud Storage,Q2 2026,2026-06-08,Open,0,,9600,
PROS-03255,REP-0072,Atlas Networks,1000-5000,Inbound Call,AI Platform,Q2 2026,2026-05-07,Lost,5,2026-06-10,217700,
PROS-03256,REP-0076,Zenith Industries,1-50,Referral,Security Suite,Q4 2025,2025-11-03,Dead,1,,30500,
PROS-03257,REP-0020,Quantum Dynamics,1000-5000,Paid Marketing,AI Platform,Q1 2026,2026-02-26,Lost,4,2026-04-20,114600,
PROS-03258,REP-0110,Solace Labs,201-1000,LinkedIn,Cloud Compute,Q4 2025,2025-11-25,Lost,5,2026-01-10,22800,
PROS-03259,REP-0092,Cobalt Networks,5000+,Paid Marketing,Cloud Compute,Q2 2026,2026-05-19,Dead,0,,62100,
PROS-03260,REP-0047,Nimbus Partners,201-1000,Paid Marketing,Data Analytics,Q2 2026,2026-06-30,Open,0,,35900,
PROS-03261,REP-0085,Solace Works,1000-5000,Paid Marketing,Cloud Storage,Q4 2025,2025-12-06,Dead,0,,26100,
PROS-03262,REP-0081,Solace Labs,201-1000,Referral,Data Analytics,Q1 2026,2026-02-07,Lost,5,2026-02-18,22700,
PROS-03263,REP-0041,Quantum Dynamics,201-1000,Paid Marketing,Security Suite,Q4 2025,2025-12-14,Lost,5,2026-01-29,51800,
PROS-03264,REP-0042,Lattice Dynamics,1-50,Website Inquiry,AI Platform,Q2 2026,2026-04-21,Lost,2,2026-05-09,51000,
PROS-03265,REP-0013,Horizon Partners,1000-5000,Paid Marketing,Security Suite,Q2 2026,2026-04-07,Dead,1,,127500,
PROS-03266,REP-0087,Nova Networks,1000-5000,Paid Marketing,Cloud Storage,Q2 2026,2026-06-21,Lost,2,2026-06-28,21800,
PROS-03267,REP-0081,Granite Technologies,1-50,Cold Outreach,Data Analytics,Q2 2026,2026-04-05,Lost,5,2026-04-29,18200,
PROS-03268,REP-0040,Fusion Labs,201-1000,Paid Marketing,AI Platform,Q2 2026,2026-04-07,Dead,0,,130900,
PROS-03269,REP-0015,Pulse Solutions,1-50,Website Inquiry,Security Suite,Q1 2026,2026-01-12,Won,3,2026-02-05,31600,28000
PROS-03270,REP-0089,Drift Group,51-200,Cold Outreach,Data Analytics,Q4 2025,2025-12-15,Won,3,2025-12-22,31100,34000
PROS-03271,REP-0019,Wavefront Systems,201-1000,Inbound Call,Cloud Compute,Q4 2025,2025-10-25,Lost,2,2025-11-27,36400,
PROS-03272,REP-0093,Fusion Dynamics,1-50,Paid Marketing,Data Analytics,Q2 2026,2026-06-27,Open,1,,11800,
PROS-03273,REP-0098,Granite Industries,201-1000,Paid Marketing,Security Suite,Q2 2026,2026-04-14,Dead,0,,92100,
PROS-03274,REP-0108,Horizon Digital,51-200,Conference,Data Analytics,Q2 2026,2026-06-27,Open,1,,23400,
PROS-03275,REP-0091,Catalyst Dynamics,51-200,Paid Marketing,Security Suite,Q2 2026,2026-06-29,Open,0,,58600,
PROS-03276,REP-0047,Nova Partners,201-1000,Paid Marketing,Data Analytics,Q1 2026,2026-02-27,Lost,3,2026-03-29,29300,
PROS-03277,REP-0015,Beacon Networks,1-50,Inbound Call,Cloud Storage,Q2 2026,2026-06-19,Open,0,,4500,
PROS-03278,REP-0023,Wavefront Industries,201-1000,Referral,Cloud Storage,Q4 2025,2025-10-25,Won,5,2026-01-18,11200,12200
PROS-03279,REP-0109,Orbit Dynamics,201-1000,Inbound Call,AI Platform,Q2 2026,2026-05-20,Dead,1,,106300,
PROS-03280,REP-0009,Nimbus Networks,1000-5000,Paid Marketing,Data Analytics,Q1 2026,2026-02-18,Lost,3,2026-05-07,41300,
PROS-03281,REP-0063,Solace Group,51-200,LinkedIn,Cloud Storage,Q1 2026,2026-01-19,Dead,0,,7700,
PROS-03282,REP-0095,Pulse Industries,51-200,Paid Marketing,Data Analytics,Q1 2026,2026-02-14,Dead,2,,47500,
PROS-03283,REP-0050,Orbit Holdings,1000-5000,Inbound Call,Data Analytics,Q2 2026,2026-04-23,Lost,2,2026-06-21,46000,
PROS-03284,REP-0050,Vertex Solutions,5000+,Paid Marketing,AI Platform,Q4 2025,2025-11-14,Lost,5,2025-12-26,373600,
PROS-03285,REP-0048,Atlas Networks,5000+,Inbound Call,Cloud Storage,Q2 2026,2026-06-19,Open,0,,29800,
PROS-03286,REP-0004,Vertex Dynamics,1-50,LinkedIn,Cloud Storage,Q4 2025,2025-10-14,Lost,3,2025-10-23,8900,
PROS-03287,REP-0095,Anchor Works,1-50,Inbound Call,Cloud Compute,Q4 2025,2025-10-25,Won,4,2025-11-16,16600,18600
PROS-03288,REP-0076,Sterling Group,201-1000,Website Inquiry,Cloud Storage,Q2 2026,2026-06-18,Won,4,2026-06-29,15600,14700
PROS-03289,REP-0036,Atlas Holdings,201-1000,Cold Outreach,Cloud Storage,Q1 2026,2026-03-07,Lost,2,2026-03-30,21900,
PROS-03290,REP-0099,Anchor Partners,201-1000,Cold Outreach,Data Analytics,Q1 2026,2026-03-21,Lost,5,2026-04-22,38800,
PROS-03291,REP-0005,Meridian Networks,1-50,Cold Outreach,Cloud Compute,Q2 2026,2026-06-26,Open,1,,8100,
PROS-03292,REP-0024,Anchor Works,1-50,Paid Marketing,Security Suite,Q2 2026,2026-05-07,Lost,2,2026-05-31,15400,
PROS-03293,REP-0103,Helix Systems,51-200,Paid Marketing,AI Platform,Q1 2026,2026-01-04,Dead,0,,83500,
PROS-03294,REP-0001,Cobalt Partners,201-1000,Paid Marketing,AI Platform,Q2 2026,2026-04-05,Won,3,2026-05-11,76000,85200
PROS-03295,REP-0044,Apex Networks,1-50,Inbound Call,Security Suite,Q2 2026,2026-06-03,Lost,2,2026-06-25,30800,
PROS-03296,REP-0017,Beacon Networks,201-1000,LinkedIn,AI Platform,Q4 2025,2025-10-15,Won,3,2025-11-23,40600,36100
PROS-03297,REP-0013,Pulse Group,5000+,Website Inquiry,Data Analytics,Q4 2025,2025-10-21,Lost,4,2026-01-19,74700,
PROS-03298,REP-0074,Vantage Holdings,51-200,Cold Outreach,AI Platform,Q2 2026,2026-05-13,Dead,0,,71500,
PROS-03299,REP-0050,Meridian Labs,5000+,Cold Outreach,Data Analytics,Q2 2026,2026-05-25,Dead,0,,72500,
PROS-03300,REP-0044,Fusion Holdings,201-1000,LinkedIn,Cloud Compute,Q4 2025,2025-12-01,Won,4,2025-12-13,27800,30600
PROS-03301,REP-0055,Cobalt Networks,1000-5000,Paid Marketing,Data Analytics,Q4 2025,2025-10-04,Dead,1,,48800,
PROS-03302,REP-0014,Orbit Group,201-1000,Inbound Call,Security Suite,Q2 2026,2026-04-09,Lost,4,2026-05-11,67900,
PROS-03303,REP-0103,Redshift Digital,1-50,LinkedIn,Cloud Compute,Q4 2025,2025-12-17,Lost,3,2026-01-11,9100,
PROS-03304,REP-0070,Drift Technologies,201-1000,Conference,Cloud Compute,Q4 2025,2025-12-19,Won,4,2026-01-21,34000,36900
PROS-03305,REP-0042,Ironclad Dynamics,1-50,Conference,Security Suite,Q1 2026,2026-02-16,Dead,0,,22000,
PROS-03306,REP-0005,Wavefront Partners,51-200,Cold Outreach,Data Analytics,Q1 2026,2026-02-02,Dead,0,,41600,
PROS-03307,REP-0095,Ember Works,1-50,Website Inquiry,Cloud Storage,Q1 2026,2026-03-12,Lost,2,2026-03-29,8000,
PROS-03308,REP-0073,Sterling Technologies,201-1000,Cold Outreach,Cloud Storage,Q2 2026,2026-04-28,Dead,0,,10900,
PROS-03309,REP-0063,Atlas Group,201-1000,Paid Marketing,Cloud Storage,Q4 2025,2025-12-18,Lost,2,2026-01-04,13100,
PROS-03310,REP-0077,Atlas Group,1-50,Website Inquiry,AI Platform,Q2 2026,2026-04-10,Dead,1,,37300,
PROS-03311,REP-0044,Orbit Partners,1-50,Cold Outreach,Data Analytics,Q1 2026,2026-02-13,Dead,1,,17800,
PROS-03312,REP-0109,Nimbus Digital,1-50,Paid Marketing,Cloud Compute,Q1 2026,2026-02-20,Lost,4,2026-03-14,11700,
PROS-03313,REP-0028,Anchor Digital,1-50,LinkedIn,Security Suite,Q1 2026,2026-02-21,Dead,0,,18800,
PROS-03314,REP-0017,Northgate Industries,1000-5000,Inbound Call,Cloud Storage,Q1 2026,2026-01-14,Lost,2,2026-02-12,20700,
PROS-03315,REP-0076,Quantum Dynamics,51-200,Referral,Cloud Storage,Q1 2026,2026-01-25,Won,3,2026-02-02,12100,10600
PROS-03316,REP-0025,Solace Digital,51-200,Paid Marketing,AI Platform,Q2 2026,2026-06-20,Open,0,,80200,
PROS-03317,REP-0088,Cobalt Group,51-200,LinkedIn,Cloud Compute,Q4 2025,2025-10-03,Lost,5,2025-10-27,25100,
PROS-03318,REP-0106,Ember Digital,51-200,Conference,Cloud Storage,Q4 2025,2025-10-12,Lost,5,2025-11-13,9500,
PROS-03319,REP-0041,Orbit Industries,201-1000,LinkedIn,Cloud Compute,Q4 2025,2025-11-15,Lost,5,2025-12-07,26600,
PROS-03320,REP-0065,Vertex Systems,51-200,Paid Marketing,Cloud Compute,Q4 2025,2025-12-19,Dead,1,,26900,
PROS-03321,REP-0054,Zenith Labs,201-1000,Paid Marketing,Data Analytics,Q1 2026,2026-03-26,Lost,4,2026-04-11,37200,
PROS-03322,REP-0011,Zenith Holdings,1-50,Referral,Cloud Compute,Q2 2026,2026-05-25,Won,3,2026-06-12,5500,6200
PROS-03323,REP-0009,Pulse Partners,1000-5000,Inbound Call,Data Analytics,Q1 2026,2026-01-25,Won,8,2026-04-07,58800,53900
PROS-03324,REP-0063,Zenith Systems,1-50,Paid Marketing,Cloud Compute,Q4 2025,2025-10-07,Dead,1,,14500,
PROS-03325,REP-0093,Lattice Systems,1-50,LinkedIn,Cloud Storage,Q2 2026,2026-06-18,Open,1,,3800,
PROS-03326,REP-0066,Nimbus Solutions,201-1000,LinkedIn,Data Analytics,Q4 2025,2025-10-05,Lost,3,2025-11-12,34400,
PROS-03327,REP-0017,Solace Solutions,51-200,Cold Outreach,Data Analytics,Q1 2026,2026-03-19,Dead,2,,17900,
PROS-03328,REP-0030,Quantum Partners,1000-5000,Paid Marketing,AI Platform,Q2 2026,2026-05-06,Lost,5,2026-06-22,247800,
PROS-03329,REP-0077,Horizon Systems,1-50,Website Inquiry,Data Analytics,Q2 2026,2026-05-11,Won,2,2026-05-26,16500,15300
PROS-03330,REP-0051,Summit Group,5000+,Conference,Cloud Compute,Q1 2026,2026-01-19,Dead,0,,56700,
PROS-03331,REP-0029,Ironclad Networks,201-1000,Paid Marketing,Cloud Storage,Q2 2026,2026-05-14,Dead,1,,6900,
PROS-03332,REP-0062,Fusion Dynamics,1-50,Paid Marketing,Cloud Compute,Q2 2026,2026-05-12,Lost,5,2026-05-28,7700,
PROS-03333,REP-0102,Horizon Networks,51-200,Paid Marketing,Data Analytics,Q4 2025,2025-10-29,Lost,4,2025-11-13,36100,
PROS-03334,REP-0060,Nimbus Digital,5000+,Cold Outreach,Cloud Compute,Q4 2025,2025-11-29,Dead,1,,91900,
PROS-03335,REP-0066,Vantage Systems,201-1000,Conference,Cloud Compute,Q2 2026,2026-05-03,Dead,0,,24200,
PROS-03336,REP-0052,Ridgeline Solutions,1000-5000,Website Inquiry,Cloud Storage,Q1 2026,2026-02-25,Lost,4,2026-04-05,18700,
PROS-03337,REP-0028,Catalyst Digital,51-200,Paid Marketing,Cloud Storage,Q4 2025,2025-11-18,Dead,0,,6700,
PROS-03338,REP-0032,Nova Labs,1000-5000,LinkedIn,Security Suite,Q4 2025,2025-12-08,Won,5,2026-01-09,96400,92800
PROS-03339,REP-0110,Meridian Works,51-200,Paid Marketing,Data Analytics,Q1 2026,2026-02-04,Lost,5,2026-03-24,44900,
PROS-03340,REP-0064,Catalyst Networks,201-1000,Paid Marketing,Data Analytics,Q4 2025,2025-12-24,Lost,5,2026-01-19,18400,
PROS-03341,REP-0047,Quantum Networks,1000-5000,Website Inquiry,AI Platform,Q1 2026,2026-01-28,Lost,5,2026-03-09,140800,
PROS-03342,REP-0081,Meridian Group,51-200,LinkedIn,Data Analytics,Q4 2025,2025-12-23,Lost,2,2026-01-15,16600,
PROS-03343,REP-0090,Zenith Holdings,201-1000,Referral,AI Platform,Q1 2026,2026-02-20,Lost,2,2026-04-08,73100,
PROS-03344,REP-0077,Zenith Holdings,1-50,Website Inquiry,AI Platform,Q2 2026,2026-04-14,Lost,5,2026-04-24,48100,
PROS-03345,REP-0054,Anchor Partners,201-1000,Paid Marketing,AI Platform,Q2 2026,2026-05-26,Dead,0,,125700,
PROS-03346,REP-0007,Vertex Solutions,51-200,Cold Outreach,Cloud Storage,Q4 2025,2025-11-12,Lost,3,2025-12-12,12400,
PROS-03347,REP-0103,Horizon Technologies,51-200,Paid Marketing,Cloud Compute,Q4 2025,2025-10-05,Lost,5,2025-10-21,25900,
PROS-03348,REP-0063,Northgate Networks,51-200,LinkedIn,Cloud Compute,Q1 2026,2026-03-09,Lost,5,2026-03-31,17500,
PROS-03349,REP-0075,Apex Digital,201-1000,Inbound Call,Cloud Storage,Q2 2026,2026-04-19,Lost,5,2026-05-20,13600,
PROS-03350,REP-0082,Beacon Dynamics,51-200,LinkedIn,AI Platform,Q2 2026,2026-05-07,Dead,0,,48500,
PROS-03351,REP-0096,Ember Group,51-200,Paid Marketing,AI Platform,Q2 2026,2026-04-04,Lost,5,2026-04-25,89700,
PROS-03352,REP-0028,Northgate Group,1-50,Paid Marketing,Cloud Storage,Q2 2026,2026-04-19,Dead,0,,4900,
PROS-03353,REP-0053,Nimbus Networks,1-50,LinkedIn,Security Suite,Q2 2026,2026-06-18,Open,2,,21300,
PROS-03354,REP-0004,Vantage Works,51-200,LinkedIn,Cloud Compute,Q1 2026,2026-01-03,Dead,0,,28400,
PROS-03355,REP-0102,Zenith Partners,1-50,Paid Marketing,Security Suite,Q2 2026,2026-04-06,Lost,5,2026-05-01,24800,
PROS-03356,REP-0035,Helix Holdings,1000-5000,Website Inquiry,Cloud Storage,Q1 2026,2026-02-13,Won,5,2026-03-31,40800,38200
PROS-03357,REP-0085,Nimbus Group,1000-5000,LinkedIn,AI Platform,Q4 2025,2025-11-19,Won,4,2026-02-04,223400,206500
PROS-03358,REP-0077,Drift Dynamics,51-200,Website Inquiry,Cloud Compute,Q4 2025,2025-11-01,Dead,0,,13200,
PROS-03359,REP-0089,Summit Works,1-50,Website Inquiry,Cloud Storage,Q2 2026,2026-04-25,Dead,0,,5100,
PROS-03360,REP-0041,Pulse Partners,201-1000,Cold Outreach,Data Analytics,Q4 2025,2025-11-28,Lost,2,2026-01-08,42300,
PROS-03361,REP-0069,Granite Works,51-200,Website Inquiry,Data Analytics,Q2 2026,2026-06-07,Open,3,,36200,
PROS-03362,REP-0022,Vantage Technologies,51-200,Paid Marketing,Cloud Compute,Q2 2026,2026-06-18,Open,3,,18700,
PROS-03363,REP-0016,Summit Industries,1000-5000,LinkedIn,AI Platform,Q2 2026,2026-04-23,Dead,0,,109100,
PROS-03364,REP-0087,Helix Holdings,201-1000,Referral,Data Analytics,Q2 2026,2026-04-22,Lost,5,2026-06-08,60800,
PROS-03365,REP-0108,Fusion Technologies,1-50,Cold Outreach,Cloud Compute,Q2 2026,2026-06-04,Dead,0,,15700,
PROS-03366,REP-0086,Ridgeline Technologies,51-200,Inbound Call,AI Platform,Q2 2026,2026-05-23,Lost,2,2026-06-22,42300,
PROS-03367,REP-0054,Apex Partners,1000-5000,Paid Marketing,Security Suite,Q2 2026,2026-06-24,Open,0,,176400,
PROS-03368,REP-0001,Helix Holdings,51-200,Conference,Cloud Storage,Q4 2025,2025-12-21,Won,3,2026-01-07,18100,18100
PROS-03369,REP-0065,Wavefront Partners,1000-5000,Paid Marketing,Cloud Storage,Q1 2026,2026-01-23,Lost,4,2026-03-02,28300,
PROS-03370,REP-0013,Vertex Dynamics,201-1000,Conference,AI Platform,Q2 2026,2026-06-29,Open,0,,46500,
PROS-03371,REP-0092,Northgate Solutions,5000+,LinkedIn,Security Suite,Q1 2026,2026-03-05,Lost,3,2026-05-13,93400,
PROS-03372,REP-0031,Granite Industries,51-200,Inbound Call,Security Suite,Q2 2026,2026-05-01,Lost,2,2026-06-05,39700,
PROS-03373,REP-0025,Lattice Works,201-1000,Cold Outreach,Cloud Compute,Q4 2025,2025-11-18,Lost,5,2026-01-07,21100,
PROS-03374,REP-0002,Summit Holdings,1000-5000,Cold Outreach,AI Platform,Q2 2026,2026-05-11,Lost,4,2026-06-30,141100,
PROS-03375,REP-0063,Apex Holdings,1-50,Inbound Call,AI Platform,Q1 2026,2026-02-12,Lost,5,2026-03-07,30600,
PROS-03376,REP-0058,Nimbus Digital,5000+,Referral,AI Platform,Q4 2025,2025-10-10,Dead,0,,374900,
PROS-03377,REP-0075,Solace Dynamics,1000-5000,Referral,Cloud Compute,Q2 2026,2026-06-29,Open,2,,47500,
PROS-03378,REP-0081,Wavefront Industries,201-1000,Inbound Call,Data Analytics,Q4 2025,2025-11-03,Dead,0,,36800,
PROS-03379,REP-0045,Beacon Dynamics,5000+,Cold Outreach,Cloud Compute,Q4 2025,2025-10-14,Lost,3,2026-01-06,54700,
PROS-03380,REP-0080,Summit Works,1000-5000,Inbound Call,Security Suite,Q2 2026,2026-05-20,Lost,4,2026-06-17,58000,
PROS-03381,REP-0070,Atlas Systems,51-200,Paid Marketing,Cloud Compute,Q1 2026,2026-03-04,Lost,2,2026-03-30,20800,
PROS-03382,REP-0109,Atlas Solutions,1-50,Website Inquiry,Cloud Storage,Q4 2025,2025-10-12,Dead,0,,7700,
PROS-03383,REP-0089,Fusion Group,1-50,Referral,Cloud Compute,Q4 2025,2025-10-03,Dead,1,,4500,
PROS-03384,REP-0015,Anchor Technologies,1-50,Cold Outreach,AI Platform,Q4 2025,2025-12-24,Lost,4,2025-12-31,44000,
PROS-03385,REP-0062,Nova Industries,1-50,Cold Outreach,Cloud Compute,Q4 2025,2025-12-10,Won,3,2025-12-18,10900,12500
PROS-03386,REP-0042,Granite Works,1-50,Paid Marketing,Cloud Storage,Q2 2026,2026-06-09,Open,2,,3000,
PROS-03387,REP-0029,Quantum Systems,201-1000,Cold Outreach,Cloud Compute,Q2 2026,2026-05-12,Dead,0,,35600,
PROS-03388,REP-0005,Summit Works,1-50,Paid Marketing,AI Platform,Q2 2026,2026-05-03,Dead,0,,33200,
PROS-03389,REP-0073,Cobalt Systems,201-1000,Cold Outreach,Cloud Compute,Q1 2026,2026-03-06,Dead,0,,22700,
PROS-03390,REP-0086,Horizon Labs,201-1000,LinkedIn,Data Analytics,Q1 2026,2026-02-20,Lost,3,2026-03-29,38800,
PROS-03391,REP-0059,Meridian Group,51-200,Conference,AI Platform,Q1 2026,2026-01-03,Lost,3,2026-01-27,58900,
PROS-03392,REP-0075,Zenith Industries,51-200,LinkedIn,Data Analytics,Q4 2025,2025-12-06,Dead,0,,23700,
PROS-03393,REP-0077,Meridian Dynamics,1-50,Cold Outreach,Data Analytics,Q1 2026,2026-03-17,Lost,4,2026-03-27,19700,
PROS-03394,REP-0052,Vantage Systems,5000+,Paid Marketing,Cloud Storage,Q1 2026,2026-03-29,Lost,5,2026-05-20,54300,
PROS-03395,REP-0074,Ridgeline Networks,51-200,Paid Marketing,Data Analytics,Q4 2025,2025-12-22,Lost,5,2026-01-06,24600,
PROS-03396,REP-0103,Drift Technologies,1-50,Paid Marketing,Cloud Compute,Q1 2026,2026-02-10,Dead,0,,12500,
PROS-03397,REP-0044,Nova Technologies,201-1000,LinkedIn,AI Platform,Q2 2026,2026-04-11,Dead,0,,123400,
PROS-03398,REP-0065,Ember Networks,201-1000,Cold Outreach,AI Platform,Q2 2026,2026-05-19,Lost,3,2026-06-30,93200,
PROS-03399,REP-0023,Atlas Group,1000-5000,Website Inquiry,Cloud Compute,Q4 2025,2025-12-08,Lost,4,2026-02-02,50600,
PROS-03400,REP-0007,Lattice Networks,51-200,Cold Outreach,AI Platform,Q4 2025,2025-11-07,Lost,4,2025-12-11,52500,
PROS-03401,REP-0076,Solace Technologies,1-50,Cold Outreach,AI Platform,Q1 2026,2026-01-28,Lost,3,2026-02-16,39700,
PROS-03402,REP-0039,Ironclad Dynamics,1000-5000,Cold Outreach,Cloud Compute,Q2 2026,2026-04-18,Lost,4,2026-06-27,49000,
PROS-03403,REP-0003,Nimbus Dynamics,1-50,LinkedIn,Cloud Storage,Q1 2026,2026-03-21,Dead,0,,4500,
PROS-03404,REP-0055,Zenith Dynamics,1000-5000,Inbound Call,Cloud Storage,Q1 2026,2026-02-22,Lost,5,2026-04-30,16800,
PROS-03405,REP-0088,Nimbus Solutions,1-50,Paid Marketing,Cloud Compute,Q2 2026,2026-06-07,Open,1,,11700,
PROS-03406,REP-0028,Wavefront Technologies,51-200,Paid Marketing,Cloud Compute,Q1 2026,2026-03-30,Lost,3,2026-04-17,17500,
PROS-03407,REP-0092,Catalyst Group,1000-5000,LinkedIn,Security Suite,Q1 2026,2026-03-22,Lost,5,2026-04-23,129500,
PROS-03408,REP-0043,Fusion Labs,201-1000,LinkedIn,Cloud Storage,Q1 2026,2026-02-22,Dead,0,,16500,
PROS-03409,REP-0077,Summit Systems,51-200,LinkedIn,Cloud Compute,Q1 2026,2026-03-02,Dead,1,,13200,
PROS-03410,REP-0003,Cobalt Industries,51-200,LinkedIn,Security Suite,Q1 2026,2026-01-21,Dead,0,,62100,
PROS-03411,REP-0035,Lattice Labs,1000-5000,Cold Outreach,Cloud Compute,Q1 2026,2026-01-10,Lost,3,2026-03-12,66600,
PROS-03412,REP-0050,Meridian Labs,1000-5000,Conference,Cloud Storage,Q1 2026,2026-01-24,Dead,0,,20800,
PROS-03413,REP-0080,Quantum Technologies,201-1000,Conference,Data Analytics,Q2 2026,2026-05-07,Lost,3,2026-05-28,25400,
PROS-03414,REP-0007,Quantum Labs,201-1000,Paid Marketing,AI Platform,Q2 2026,2026-06-01,Open,1,,146600,
PROS-03415,REP-0024,Zenith Digital,1-50,LinkedIn,Cloud Storage,Q1 2026,2026-03-21,Dead,1,,4500,
PROS-03416,REP-0074,Catalyst Technologies,1000-5000,LinkedIn,Cloud Compute,Q1 2026,2026-03-21,Dead,0,,25200,
PROS-03417,REP-0054,Catalyst Partners,201-1000,Inbound Call,Cloud Storage,Q2 2026,2026-06-15,Dead,0,,11500,
PROS-03418,REP-0053,Vertex Networks,1-50,Website Inquiry,Cloud Storage,Q2 2026,2026-04-18,Lost,3,2026-05-10,4500,
PROS-03419,REP-0021,Cobalt Industries,201-1000,Website Inquiry,Cloud Compute,Q1 2026,2026-01-09,Lost,5,2026-01-26,23600,
PROS-03420,REP-0037,Drift Holdings,201-1000,Conference,Cloud Compute,Q4 2025,2025-12-25,Won,5,2026-01-20,48900,52000
PROS-03421,REP-0079,Atlas Labs,1-50,LinkedIn,Data Analytics,Q2 2026,2026-06-11,Open,2,,7300,
PROS-03422,REP-0102,Ridgeline Labs,1-50,Referral,AI Platform,Q1 2026,2026-03-18,Dead,1,,19600,
PROS-03423,REP-0022,Summit Digital,51-200,Paid Marketing,Security Suite,Q2 2026,2026-04-08,Lost,2,2026-05-15,45100,
PROS-03424,REP-0089,Wavefront Works,51-200,Cold Outreach,Cloud Storage,Q1 2026,2026-01-31,Dead,0,,8500,
PROS-03425,REP-0036,Catalyst Labs,201-1000,Website Inquiry,Data Analytics,Q4 2025,2025-12-08,Lost,3,2026-01-08,31600,
PROS-03426,REP-0038,Vertex Technologies,51-200,Cold Outreach,Cloud Compute,Q4 2025,2025-11-02,Lost,5,2025-12-10,16000,
PROS-03427,REP-0076,Orbit Group,201-1000,Inbound Call,Cloud Compute,Q1 2026,2026-02-09,Lost,3,2026-03-02,31300,
PROS-03428,REP-0109,Pulse Solutions,51-200,Paid Marketing,Cloud Storage,Q1 2026,2026-02-26,Lost,3,2026-03-06,10700,
PROS-03429,REP-0010,Sterling Dynamics,51-200,Website Inquiry,Security Suite,Q1 2026,2026-03-29,Lost,5,2026-04-30,29900,
PROS-03430,REP-0050,Vertex Industries,5000+,Website Inquiry,Data Analytics,Q4 2025,2025-12-20,Lost,4,2026-03-16,132900,
PROS-03431,REP-0094,Lattice Networks,1-50,LinkedIn,AI Platform,Q4 2025,2025-12-17,Lost,3,2025-12-28,25600,
PROS-03432,REP-0106,Nova Works,51-200,LinkedIn,Cloud Storage,Q4 2025,2025-10-25,Dead,1,,10800,
PROS-03433,REP-0090,Ridgeline Dynamics,201-1000,Inbound Call,Cloud Compute,Q4 2025,2025-10-07,Lost,5,2025-12-11,19300,
PROS-03434,REP-0089,Solace Networks,51-200,Cold Outreach,Cloud Compute,Q2 2026,2026-04-01,Lost,4,2026-04-22,12300,
PROS-03435,REP-0027,Ridgeline Solutions,5000+,Conference,Cloud Compute,Q4 2025,2025-12-13,Dead,0,,81700,
PROS-03436,REP-0063,Sterling Works,51-200,Paid Marketing,Cloud Compute,Q1 2026,2026-01-27,Lost,2,2026-02-13,19700,
PROS-03437,REP-0099,Anchor Industries,201-1000,Website Inquiry,Cloud Compute,Q4 2025,2025-10-23,Lost,2,2025-11-26,24400,
PROS-03438,REP-0056,Fusion Labs,201-1000,Paid Marketing,AI Platform,Q1 2026,2026-01-28,Lost,3,2026-02-06,116100,
PROS-03439,REP-0089,Vantage Industries,1-50,Paid Marketing,Cloud Compute,Q1 2026,2026-02-13,Lost,2,2026-03-09,14400,
PROS-03440,REP-0068,Nova Holdings,51-200,Cold Outreach,Cloud Compute,Q4 2025,2025-10-23,Dead,1,,16400,
PROS-03441,REP-0062,Sterling Group,201-1000,LinkedIn,Cloud Compute,Q1 2026,2026-01-06,Won,4,2026-01-27,35200,42100
PROS-03442,REP-0038,Cobalt Systems,51-200,Inbound Call,Cloud Storage,Q4 2025,2025-12-13,Won,4,2026-01-17,11100,12100
PROS-03443,REP-0077,Northgate Group,1-50,Conference,Cloud Storage,Q2 2026,2026-05-01,Lost,3,2026-05-26,8100,
PROS-03444,REP-0036,Wavefront Systems,1000-5000,Paid Marketing,Cloud Storage,Q1 2026,2026-01-01,Lost,2,2026-02-20,25200,
PROS-03445,REP-0017,Anchor Systems,1000-5000,Website Inquiry,Cloud Compute,Q4 2025,2025-10-03,Lost,2,2025-11-12,34400,
PROS-03446,REP-0057,Nimbus Group,5000+,Inbound Call,AI Platform,Q1 2026,2026-03-19,Lost,3,2026-06-12,138400,
PROS-03447,REP-0063,Ember Dynamics,51-200,Inbound Call,Security Suite,Q1 2026,2026-01-15,Won,3,2026-02-01,26700,27600
PROS-03448,REP-0067,Beacon Works,1000-5000,Cold Outreach,Security Suite,Q2 2026,2026-06-04,Open,0,,52200,
PROS-03449,REP-0077,Summit Labs,1-50,Inbound Call,Cloud Storage,Q1 2026,2026-01-19,Lost,4,2026-02-05,7600,
PROS-03450,REP-0108,Beacon Holdings,51-200,Referral,Security Suite,Q4 2025,2025-10-18,Won,4,2025-11-08,75600,83300
PROS-03451,REP-0094,Vertex Works,51-200,LinkedIn,Cloud Compute,Q2 2026,2026-05-25,Lost,3,2026-06-01,20700,
PROS-03452,REP-0071,Cobalt Dynamics,201-1000,Paid Marketing,AI Platform,Q2 2026,2026-05-21,Lost,3,2026-06-10,37700,
PROS-03453,REP-0044,Vertex Networks,1-50,LinkedIn,Data Analytics,Q1 2026,2026-02-22,Lost,2,2026-03-07,15100,
PROS-03454,REP-0042,Catalyst Digital,1-50,Cold Outreach,Security Suite,Q1 2026,2026-01-20,Dead,0,,23700,
PROS-03455,REP-0071,Pulse Holdings,1000-5000,Inbound Call,Cloud Storage,Q1 2026,2026-02-10,Won,5,2026-03-05,26700,29200
PROS-03456,REP-0078,Redshift Holdings,51-200,Paid Marketing,Security Suite,Q2 2026,2026-04-28,Lost,3,2026-05-16,44800,
PROS-03457,REP-0062,Orbit Digital,1-50,Referral,AI Platform,Q1 2026,2026-02-28,Dead,0,,42400,
PROS-03458,REP-0031,Sterling Dynamics,51-200,Cold Outreach,AI Platform,Q2 2026,2026-04-10,Dead,0,,47300,
PROS-03459,REP-0037,Horizon Technologies,51-200,Inbound Call,Cloud Compute,Q2 2026,2026-06-07,Open,0,,19300,
PROS-03460,REP-0062,Granite Digital,1-50,Cold Outreach,Cloud Storage,Q2 2026,2026-05-22,Dead,0,,6100,
PROS-03461,REP-0001,Nova Systems,201-1000,Cold Outreach,Data Analytics,Q4 2025,2025-12-11,Dead,0,,53100,
PROS-03462,REP-0024,Wavefront Dynamics,51-200,Cold Outreach,Cloud Compute,Q2 2026,2026-05-23,Lost,2,2026-06-15,23100,
PROS-03463,REP-0047,Nova Holdings,201-1000,Conference,AI Platform,Q2 2026,2026-06-05,Open,0,,87100,
PROS-03464,REP-0086,Orbit Networks,51-200,Inbound Call,Cloud Storage,Q4 2025,2025-10-08,Lost,5,2025-11-15,8200,
PROS-03465,REP-0050,Summit Labs,5000+,LinkedIn,Cloud Compute,Q1 2026,2026-03-15,Dead,1,,79000,
PROS-03466,REP-0103,Northgate Networks,51-200,Paid Marketing,AI Platform,Q2 2026,2026-04-04,Dead,1,,47800,
PROS-03467,REP-0092,Wavefront Systems,5000+,Website Inquiry,AI Platform,Q1 2026,2026-02-06,Lost,2,2026-04-07,293600,
PROS-03468,REP-0094,Orbit Holdings,1-50,Cold Outreach,Security Suite,Q1 2026,2026-03-03,Dead,0,,20300,
PROS-03469,REP-0102,Cobalt Industries,201-1000,LinkedIn,Cloud Storage,Q1 2026,2026-02-08,Lost,3,2026-02-27,18400,
PROS-03470,REP-0001,Anchor Solutions,201-1000,Paid Marketing,Cloud Compute,Q1 2026,2026-02-12,Dead,0,,52900,
PROS-03471,REP-0036,Wavefront Holdings,201-1000,Website Inquiry,Data Analytics,Q2 2026,2026-06-13,Won,6,2026-06-30,32400,37500
PROS-03472,REP-0089,Granite Networks,1-50,Cold Outreach,Cloud Storage,Q4 2025,2025-10-10,Lost,5,2025-10-26,4500,
PROS-03473,REP-0098,Vertex Systems,1000-5000,LinkedIn,Data Analytics,Q4 2025,2025-10-28,Lost,5,2025-11-27,85700,
PROS-03474,REP-0083,Sterling Technologies,1000-5000,Cold Outreach,Data Analytics,Q4 2025,2025-12-22,Lost,3,2026-01-08,63200,
PROS-03475,REP-0012,Ridgeline Works,51-200,LinkedIn,Security Suite,Q4 2025,2025-12-22,Won,4,2026-01-02,24500,22700
PROS-03476,REP-0001,Drift Dynamics,201-1000,Paid Marketing,Cloud Compute,Q2 2026,2026-04-03,Lost,2,2026-05-15,49100,
PROS-03477,REP-0073,Nimbus Technologies,51-200,Website Inquiry,Cloud Compute,Q2 2026,2026-06-01,Open,2,,11800,
PROS-03478,REP-0074,Zenith Labs,51-200,Inbound Call,Security Suite,Q1 2026,2026-01-27,Dead,1,,52200,
PROS-03479,REP-0003,Ironclad Digital,51-200,Cold Outreach,AI Platform,Q2 2026,2026-06-26,Open,0,,54000,
PROS-03480,REP-0071,Northgate Technologies,201-1000,Paid Marketing,Cloud Compute,Q2 2026,2026-06-30,Lost,5,2026-06-30,24100,
PROS-03481,REP-0069,Ridgeline Industries,201-1000,Website Inquiry,Cloud Compute,Q1 2026,2026-02-28,Lost,3,2026-04-17,32400,
PROS-03482,REP-0028,Solace Systems,201-1000,Website Inquiry,AI Platform,Q1 2026,2026-02-26,Lost,2,2026-03-21,118400,
PROS-03483,REP-0095,Nova Solutions,201-1000,Paid Marketing,Cloud Compute,Q1 2026,2026-01-22,Dead,2,,48700,
PROS-03484,REP-0049,Beacon Industries,51-200,LinkedIn,Cloud Compute,Q2 2026,2026-04-06,Won,3,2026-05-10,23800,28500
PROS-03485,REP-0097,Quantum Partners,201-1000,Paid Marketing,Cloud Storage,Q2 2026,2026-04-02,Lost,2,2026-05-16,11900,
PROS-03486,REP-0064,Anchor Digital,1000-5000,Inbound Call,Cloud Compute,Q1 2026,2026-02-03,Lost,5,2026-02-20,42200,
PROS-03487,REP-0007,Nimbus Group,1000-5000,Paid Marketing,Cloud Compute,Q2 2026,2026-05-25,Lost,5,2026-06-25,37400,
PROS-03488,REP-0076,Fusion Industries,1-50,LinkedIn,Cloud Compute,Q2 2026,2026-04-20,Won,4,2026-05-08,12700,14300
PROS-03489,REP-0072,Vantage Solutions,1000-5000,Paid Marketing,AI Platform,Q2 2026,2026-06-25,Open,2,,160500,
PROS-03490,REP-0004,Ember Systems,1-50,Website Inquiry,AI Platform,Q2 2026,2026-06-01,Open,1,,58500,
PROS-03491,REP-0098,Helix Systems,51-200,Paid Marketing,Security Suite,Q1 2026,2026-03-07,Lost,3,2026-04-13,47500,
PROS-03492,REP-0063,Quantum Partners,1-50,Website Inquiry,AI Platform,Q2 2026,2026-05-03,Lost,2,2026-05-10,27200,
PROS-03493,REP-0054,Solace Dynamics,201-1000,Referral,Cloud Storage,Q2 2026,2026-06-10,Open,1,,21600,
PROS-03494,REP-0063,Orbit Dynamics,1-50,Cold Outreach,AI Platform,Q1 2026,2026-03-18,Dead,0,,20100,
PROS-03495,REP-0068,Quantum Digital,201-1000,Paid Marketing,AI Platform,Q2 2026,2026-04-11,Lost,3,2026-05-25,54000,
PROS-03496,REP-0014,Pulse Works,201-1000,Cold Outreach,Cloud Compute,Q2 2026,2026-04-18,Lost,3,2026-06-07,34200,
PROS-03497,REP-0046,Beacon Industries,1000-5000,Cold Outreach,AI Platform,Q1 2026,2026-02-06,Dead,0,,102900,
PROS-03498,REP-0054,Quantum Works,201-1000,Website Inquiry,AI Platform,Q1 2026,2026-02-03,Lost,5,2026-02-18,153500,
PROS-03499,REP-0003,Nimbus Industries,1-50,Paid Marketing,Data Analytics,Q1 2026,2026-02-28,Lost,2,2026-03-17,15700,
PROS-03500,REP-0074,Beacon Systems,51-200,Cold Outreach,Cloud Compute,Q4 2025,2025-10-03,Dead,0,,22500,
PROS-03501,REP-0006,Meridian Holdings,1000-5000,Cold Outreach,Data Analytics,Q1 2026,2026-03-21,Dead,0,,70800,
PROS-03502,REP-0067,Ember Industries,1000-5000,Referral,AI Platform,Q2 2026,2026-06-18,Open,0,,164200,
PROS-03503,REP-0055,Beacon Solutions,1000-5000,Cold Outreach,Security Suite,Q2 2026,2026-05-01,Won,6,2026-06-30,65000,60200
PROS-03504,REP-0031,Ridgeline Systems,1000-5000,Inbound Call,Cloud Storage,Q1 2026,2026-03-11,Dead,0,,27600,
PROS-03505,REP-0047,Nimbus Technologies,201-1000,Paid Marketing,Cloud Compute,Q4 2025,2025-12-26,Lost,3,2026-01-24,33300,
PROS-03506,REP-0088,Horizon Digital,1-50,LinkedIn,Cloud Storage,Q4 2025,2025-10-14,Dead,1,,6600,
PROS-03507,REP-0005,Zenith Dynamics,51-200,Referral,Cloud Compute,Q1 2026,2026-02-18,Lost,4,2026-03-14,13600,
PROS-03508,REP-0047,Catalyst Systems,201-1000,LinkedIn,AI Platform,Q2 2026,2026-04-01,Won,5,2026-04-28,94000,91100
PROS-03509,REP-0059,Lattice Technologies,1-50,Paid Marketing,Data Analytics,Q2 2026,2026-04-16,Lost,5,2026-04-26,17900,
PROS-03510,REP-0097,Helix Technologies,51-200,Cold Outreach,Cloud Compute,Q4 2025,2025-10-06,Won,6,2025-11-07,27100,29100
PROS-03511,REP-0007,Nova Holdings,201-1000,Conference,Cloud Compute,Q1 2026,2026-02-06,Dead,1,,19300,
PROS-03512,REP-0021,Nova Dynamics,1-50,Website Inquiry,Cloud Storage,Q2 2026,2026-04-27,Won,2,2026-05-10,3600,3900
PROS-03513,REP-0044,Horizon Digital,51-200,Website Inquiry,AI Platform,Q2 2026,2026-04-16,Lost,3,2026-05-03,100200,
PROS-03514,REP-0023,Solace Works,5000+,LinkedIn,AI Platform,Q2 2026,2026-04-16,Lost,5,2026-06-02,85600,
PROS-03515,REP-0076,Pulse Networks,1-50,Inbound Call,AI Platform,Q2 2026,2026-04-08,Lost,4,2026-05-03,19300,
PROS-03516,REP-0099,Granite Works,201-1000,Inbound Call,AI Platform,Q2 2026,2026-04-27,Lost,4,2026-06-06,92100,
PROS-03517,REP-0025,Redshift Digital,51-200,Paid Marketing,Security Suite,Q4 2025,2025-10-07,Lost,4,2025-11-02,44200,
PROS-03518,REP-0030,Ember Digital,1000-5000,LinkedIn,Cloud Storage,Q1 2026,2026-03-05,Lost,4,2026-04-12,24000,
PROS-03519,REP-0059,Granite Systems,51-200,Website Inquiry,Data Analytics,Q2 2026,2026-06-06,Open,0,,21500,
PROS-03520,REP-0076,Lattice Industries,201-1000,Paid Marketing,Cloud Compute,Q2 2026,2026-06-19,Open,2,,21300,
PROS-03521,REP-0109,Quantum Labs,1-50,Paid Marketing,AI Platform,Q2 2026,2026-06-16,Open,1,,28400,
PROS-03522,REP-0077,Ember Dynamics,1-50,Inbound Call,AI Platform,Q4 2025,2025-10-13,Won,2,2025-10-29,29300,32300
PROS-03523,REP-0086,Northgate Industries,51-200,Conference,Cloud Compute,Q1 2026,2026-02-15,Dead,0,,14600,
PROS-03524,REP-0081,Helix Works,1-50,Cold Outreach,Cloud Compute,Q2 2026,2026-05-12,Won,3,2026-05-24,14300,13300
PROS-03525,REP-0065,Horizon Digital,1000-5000,Website Inquiry,Cloud Storage,Q4 2025,2025-11-12,Lost,4,2025-12-03,18000,
PROS-03526,REP-0046,Helix Works,51-200,LinkedIn,Cloud Storage,Q4 2025,2025-10-22,Dead,1,,15100,
PROS-03527,REP-0053,Beacon Holdings,51-200,Paid Marketing,Cloud Storage,Q1 2026,2026-03-29,Lost,4,2026-04-13,8800,
PROS-03528,REP-0056,Vantage Works,51-200,LinkedIn,Security Suite,Q4 2025,2025-12-27,Lost,2,2026-01-09,65300,
PROS-03529,REP-0081,Helix Digital,1-50,Paid Marketing,Cloud Storage,Q2 2026,2026-04-18,Lost,3,2026-05-05,6500,
PROS-03530,REP-0054,Lattice Industries,51-200,Inbound Call,Data Analytics,Q2 2026,2026-05-07,Lost,4,2026-06-17,44800,
PROS-03531,REP-0005,Catalyst Industries,51-200,LinkedIn,Cloud Compute,Q1 2026,2026-01-18,Dead,0,,18200,
PROS-03532,REP-0064,Vertex Dynamics,1000-5000,Paid Marketing,AI Platform,Q2 2026,2026-05-30,Won,6,2026-06-27,67900,74700
PROS-03533,REP-0065,Anchor Labs,1000-5000,Cold Outreach,Cloud Compute,Q2 2026,2026-04-05,Lost,3,2026-05-18,48800,
PROS-03534,REP-0098,Northgate Holdings,1000-5000,Referral,Security Suite,Q1 2026,2026-03-27,Won,6,2026-05-03,162000,140400
PROS-03535,REP-0014,Granite Partners,201-1000,Cold Outreach,Security Suite,Q2 2026,2026-05-06,Lost,3,2026-05-27,39100,
PROS-03536,REP-0085,Redshift Labs,201-1000,LinkedIn,Cloud Storage,Q4 2025,2025-11-13,Lost,5,2025-12-20,13000,
PROS-03537,REP-0090,Atlas Networks,201-1000,Cold Outreach,Cloud Storage,Q1 2026,2026-01-15,Lost,3,2026-04-12,13000,
PROS-03538,REP-0012,Beacon Industries,1-50,Paid Marketing,AI Platform,Q2 2026,2026-04-08,Lost,4,2026-04-28,42000,
PROS-03539,REP-0049,Beacon Industries,201-1000,Cold Outreach,AI Platform,Q4 2025,2025-12-02,Lost,2,2025-12-25,95200,
PROS-03540,REP-0110,Wavefront Dynamics,201-1000,Cold Outreach,Cloud Compute,Q1 2026,2026-02-17,Lost,5,2026-03-27,16600,
PROS-03541,REP-0010,Fusion Group,1000-5000,Website Inquiry,Security Suite,Q2 2026,2026-04-15,Lost,4,2026-04-30,108300,
PROS-03542,REP-0011,Orbit Dynamics,1-50,Paid Marketing,Cloud Storage,Q4 2025,2025-10-25,Won,2,2025-11-17,3400,4100
PROS-03543,REP-0075,Ember Holdings,201-1000,Paid Marketing,Cloud Compute,Q4 2025,2025-11-16,Lost,5,2025-12-31,26700,
PROS-03544,REP-0107,Summit Systems,201-1000,Website Inquiry,Cloud Compute,Q1 2026,2026-02-24,Lost,2,2026-03-19,37000,
PROS-03545,REP-0079,Cobalt Holdings,1-50,Cold Outreach,Cloud Storage,Q2 2026,2026-06-14,Open,3,,5400,
PROS-03546,REP-0091,Northgate Group,1000-5000,Paid Marketing,Cloud Compute,Q2 2026,2026-06-06,Open,1,,54900,
PROS-03547,REP-0019,Cobalt Networks,51-200,Cold Outreach,AI Platform,Q2 2026,2026-06-16,Open,1,,62800,
PROS-03548,REP-0026,Fusion Digital,201-1000,Paid Marketing,Cloud Storage,Q1 2026,2026-02-10,Dead,0,,17300,
PROS-03549,REP-0037,Ember Networks,1000-5000,Website Inquiry,Data Analytics,Q1 2026,2026-02-12,Dead,0,,113800,
PROS-03550,REP-0081,Cobalt Labs,1-50,Paid Marketing,Security Suite,Q4 2025,2025-10-12,Dead,0,,13600,
PROS-03551,REP-0010,Fusion Digital,1000-5000,Paid Marketing,Cloud Compute,Q4 2025,2025-12-30,Dead,0,,52300,
PROS-03552,REP-0110,Helix Networks,201-1000,Cold Outreach,Cloud Compute,Q2 2026,2026-04-18,Lost,4,2026-05-15,18500,
PROS-03553,REP-0025,Ironclad Works,51-200,Website Inquiry,Cloud Compute,Q1 2026,2026-03-25,Dead,0,,17400,
PROS-03554,REP-0019,Meridian Industries,201-1000,Website Inquiry,Cloud Compute,Q2 2026,2026-05-10,Dead,1,,39300,
PROS-03555,REP-0104,Solace Industries,1000-5000,Cold Outreach,Security Suite,Q4 2025,2025-12-21,Lost,5,2026-01-29,133100,
PROS-03556,REP-0080,Pulse Works,201-1000,LinkedIn,Cloud Compute,Q4 2025,2025-10-27,Lost,2,2025-12-10,38000,
PROS-03557,REP-0052,Meridian Solutions,201-1000,Paid Marketing,Cloud Storage,Q1 2026,2026-02-12,Lost,4,2026-03-18,20100,
PROS-03558,REP-0005,Zenith Holdings,51-200,LinkedIn,AI Platform,Q4 2025,2025-12-09,Lost,4,2025-12-18,76800,
PROS-03559,REP-0099,Orbit Digital,1000-5000,Conference,Cloud Compute,Q4 2025,2025-12-30,Won,4,2026-01-16,52100,55900
PROS-03560,REP-0053,Solace Systems,1-50,Paid Marketing,AI Platform,Q1 2026,2026-03-16,Dead,0,,35800,
PROS-03561,REP-0015,Nova Industries,1-50,Cold Outreach,AI Platform,Q4 2025,2025-12-12,Dead,0,,29100,
PROS-03562,REP-0096,Sterling Holdings,1-50,Referral,Security Suite,Q1 2026,2026-01-30,Won,3,2026-02-08,18900,18100
PROS-03563,REP-0101,Quantum Holdings,51-200,LinkedIn,Security Suite,Q4 2025,2025-10-21,Won,5,2025-11-12,85100,97700
PROS-03564,REP-0075,Nimbus Digital,201-1000,Paid Marketing,Data Analytics,Q2 2026,2026-06-02,Open,1,,28500,
PROS-03565,REP-0071,Catalyst Group,201-1000,Website Inquiry,Data Analytics,Q4 2025,2025-10-20,Lost,5,2025-11-15,34800,
PROS-03566,REP-0034,Summit Solutions,51-200,Cold Outreach,Cloud Compute,Q2 2026,2026-04-10,Lost,2,2026-04-29,27300,
PROS-03567,REP-0073,Nova Holdings,1000-5000,Paid Marketing,AI Platform,Q2 2026,2026-06-14,Lost,5,2026-06-29,151100,
PROS-03568,REP-0077,Quantum Systems,51-200,Cold Outreach,Data Analytics,Q4 2025,2025-12-04,Lost,3,2025-12-12,21800,
PROS-03569,REP-0027,Ironclad Group,1000-5000,Cold Outreach,Data Analytics,Q2 2026,2026-04-23,Dead,0,,83500,
PROS-03570,REP-0018,Solace Dynamics,1000-5000,LinkedIn,Security Suite,Q2 2026,2026-06-13,Open,0,,115100,
PROS-03571,REP-0083,Pulse Industries,1000-5000,Inbound Call,Security Suite,Q2 2026,2026-05-14,Dead,1,,95700,
PROS-03572,REP-0022,Solace Dynamics,201-1000,Paid Marketing,Cloud Compute,Q2 2026,2026-06-27,Open,0,,26900,
PROS-03573,REP-0047,Apex Networks,201-1000,Referral,Security Suite,Q4 2025,2025-12-25,Lost,5,2026-02-09,46100,
PROS-03574,REP-0081,Ironclad Partners,51-200,Inbound Call,Data Analytics,Q4 2025,2025-12-26,Won,2,2026-01-05,31200,26900
PROS-03575,REP-0091,Drift Industries,51-200,Paid Marketing,Cloud Compute,Q4 2025,2025-10-24,Lost,4,2025-11-28,14100,
PROS-03576,REP-0053,Fusion Group,1-50,Cold Outreach,AI Platform,Q2 2026,2026-04-26,Lost,3,2026-05-14,50900,
PROS-03577,REP-0070,Fusion Partners,201-1000,Inbound Call,Data Analytics,Q4 2025,2025-10-29,Dead,1,,50400,
PROS-03578,REP-0029,Solace Works,51-200,LinkedIn,Cloud Storage,Q1 2026,2026-02-05,Dead,0,,9500,
PROS-03579,REP-0109,Meridian Industries,1-50,Website Inquiry,AI Platform,Q2 2026,2026-06-12,Lost,3,2026-06-28,39900,
PROS-03580,REP-0060,Vertex Dynamics,1000-5000,LinkedIn,Cloud Storage,Q4 2025,2025-11-20,Dead,0,,33400,
PROS-03581,REP-0056,Nimbus Technologies,1-50,Cold Outreach,Cloud Compute,Q4 2025,2025-10-03,Lost,4,2025-10-14,7000,
PROS-03582,REP-0004,Ember Labs,51-200,Website Inquiry,Data Analytics,Q1 2026,2026-01-29,Lost,5,2026-02-14,19100,
PROS-03583,REP-0070,Nova Digital,201-1000,Paid Marketing,Cloud Storage,Q2 2026,2026-06-10,Open,0,,13700,
PROS-03584,REP-0072,Northgate Solutions,51-200,Website Inquiry,Cloud Storage,Q2 2026,2026-06-17,Open,2,,8300,
PROS-03585,REP-0062,Wavefront Systems,51-200,LinkedIn,Cloud Compute,Q2 2026,2026-06-23,Open,1,,25600,
PROS-03586,REP-0109,Lattice Dynamics,1-50,Inbound Call,Cloud Storage,Q2 2026,2026-06-20,Open,1,,4300,
PROS-03587,REP-0066,Sterling Labs,1000-5000,Paid Marketing,Data Analytics,Q4 2025,2025-10-12,Won,6,2025-10-30,34600,31900
PROS-03588,REP-0081,Wavefront Group,1-50,Conference,Cloud Storage,Q2 2026,2026-05-24,Won,2,2026-06-08,5600,5500
PROS-03589,REP-0057,Vertex Systems,1000-5000,Paid Marketing,AI Platform,Q2 2026,2026-06-17,Open,0,,106200,
PROS-03590,REP-0028,Redshift Technologies,51-200,Paid Marketing,Data Analytics,Q4 2025,2025-12-15,Dead,0,,21600,
PROS-03591,REP-0083,Ridgeline Technologies,201-1000,Paid Marketing,Security Suite,Q2 2026,2026-04-13,Dead,1,,71000,
PROS-03592,REP-0022,Cobalt Partners,201-1000,Paid Marketing,AI Platform,Q1 2026,2026-01-10,Dead,0,,115300,
PROS-03593,REP-0053,Catalyst Partners,51-200,Referral,Cloud Storage,Q2 2026,2026-05-25,Dead,0,,7100,
PROS-03594,REP-0092,Wavefront Industries,1000-5000,Paid Marketing,AI Platform,Q4 2025,2025-10-14,Dead,0,,85200,
PROS-03595,REP-0060,Meridian Holdings,1000-5000,Inbound Call,Cloud Compute,Q1 2026,2026-02-04,Dead,1,,73200,
PROS-03596,REP-0044,Sterling Works,1-50,LinkedIn,Cloud Compute,Q2 2026,2026-04-12,Dead,0,,12100,
PROS-03597,REP-0060,Sterling Technologies,5000+,Paid Marketing,Data Analytics,Q4 2025,2025-12-16,Lost,3,2026-02-13,103100,
PROS-03598,REP-0010,Granite Digital,201-1000,Paid Marketing,AI Platform,Q2 2026,2026-04-13,Dead,0,,73500,
PROS-03599,REP-0006,Ember Group,5000+,Paid Marketing,Cloud Compute,Q2 2026,2026-05-19,Lost,4,2026-06-28,69200,
PROS-03600,REP-0049,Horizon Digital,51-200,Cold Outreach,Security Suite,Q2 2026,2026-06-20,Open,0,,45100,
PROS-03601,REP-0048,Apex Labs,5000+,LinkedIn,Cloud Compute,Q2 2026,2026-06-28,Open,0,,71400,
PROS-03602,REP-0066,Zenith Partners,1000-5000,Cold Outreach,Security Suite,Q4 2025,2025-11-26,Dead,0,,117300,
PROS-03603,REP-0019,Horizon Systems,51-200,Website Inquiry,AI Platform,Q2 2026,2026-06-26,Open,3,,32500,
PROS-03604,REP-0004,Beacon Digital,51-200,LinkedIn,AI Platform,Q1 2026,2026-02-03,Dead,0,,117500,
PROS-03605,REP-0041,Orbit Works,201-1000,Inbound Call,Security Suite,Q1 2026,2026-01-25,Won,4,2026-02-26,107200,91700
PROS-03606,REP-0008,Apex Systems,1000-5000,Paid Marketing,Cloud Storage,Q4 2025,2025-12-17,Lost,2,2026-01-12,16800,
PROS-03607,REP-0073,Zenith Technologies,1000-5000,LinkedIn,Security Suite,Q2 2026,2026-06-29,Open,1,,62800,
PROS-03608,REP-0101,Summit Holdings,51-200,Cold Outreach,Cloud Compute,Q1 2026,2026-03-04,Lost,4,2026-04-16,15500,
PROS-03609,REP-0052,Nova Networks,5000+,Paid Marketing,Security Suite,Q4 2025,2025-12-27,Lost,4,2026-02-08,211400,
PROS-03610,REP-0074,Quantum Industries,201-1000,Website Inquiry,Security Suite,Q2 2026,2026-06-15,Open,2,,38600,
PROS-03611,REP-0019,Catalyst Holdings,201-1000,LinkedIn,AI Platform,Q1 2026,2026-03-07,Dead,0,,123900,
PROS-03612,REP-0024,Atlas Industries,51-200,LinkedIn,Security Suite,Q2 2026,2026-06-15,Won,2,2026-06-28,45200,47800
PROS-03613,REP-0021,Nova Holdings,51-200,Conference,Cloud Storage,Q4 2025,2025-11-28,Won,4,2025-12-17,4800,5700
PROS-03614,REP-0006,Anchor Industries,1000-5000,Cold Outreach,Cloud Compute,Q1 2026,2026-03-07,Lost,3,2026-06-02,50700,
PROS-03615,REP-0091,Cobalt Labs,201-1000,LinkedIn,Cloud Compute,Q1 2026,2026-03-09,Dead,1,,21300,
PROS-03616,REP-0036,Atlas Dynamics,51-200,Website Inquiry,Cloud Compute,Q1 2026,2026-03-18,Lost,3,2026-05-04,19800,
PROS-03617,REP-0024,Drift Industries,1-50,Paid Marketing,Security Suite,Q4 2025,2025-10-24,Lost,5,2025-11-04,19700,
PROS-03618,REP-0035,Nimbus Labs,1000-5000,Inbound Call,Cloud Compute,Q1 2026,2026-02-15,Lost,4,2026-03-24,65900,
PROS-03619,REP-0088,Drift Group,201-1000,Referral,Cloud Compute,Q2 2026,2026-04-22,Won,4,2026-05-06,28600,32700
PROS-03620,REP-0038,Solace Dynamics,201-1000,Website Inquiry,Data Analytics,Q2 2026,2026-05-28,Open,1,,41900,
PROS-03621,REP-0106,Quantum Networks,201-1000,Inbound Call,Cloud Compute,Q1 2026,2026-02-07,Lost,2,2026-03-18,32600,
PROS-03622,REP-0081,Orbit Solutions,51-200,Website Inquiry,Security Suite,Q1 2026,2026-01-13,Dead,1,,26500,
PROS-03623,REP-0004,Orbit Holdings,1-50,Website Inquiry,Cloud Storage,Q4 2025,2025-11-16,Lost,2,2025-11-26,10100,
PROS-03624,REP-0068,Ember Partners,201-1000,Website Inquiry,Cloud Compute,Q2 2026,2026-05-19,Lost,2,2026-06-24,18600,
PROS-03625,REP-0043,Vertex Dynamics,201-1000,Website Inquiry,Security Suite,Q2 2026,2026-06-28,Open,0,,55500,
PROS-03626,REP-0005,Granite Industries,1-50,Cold Outreach,AI Platform,Q2 2026,2026-05-12,Lost,5,2026-05-28,61000,
PROS-03627,REP-0010,Fusion Networks,1000-5000,Paid Marketing,Security Suite,Q2 2026,2026-06-06,Open,3,,86700,
PROS-03628,REP-0055,Solace Works,5000+,Inbound Call,AI Platform,Q2 2026,2026-04-25,Lost,3,2026-06-28,147800,
PROS-03629,REP-0047,Sterling Holdings,201-1000,LinkedIn,Data Analytics,Q4 2025,2025-11-23,Dead,0,,40000,
PROS-03630,REP-0055,Zenith Group,5000+,Paid Marketing,Cloud Compute,Q4 2025,2025-12-11,Dead,0,,90000,
PROS-03631,REP-0036,Pulse Group,51-200,LinkedIn,Cloud Compute,Q4 2025,2025-12-24,Lost,3,2026-01-30,30300,
PROS-03632,REP-0052,Redshift Industries,1000-5000,Cold Outreach,Cloud Compute,Q2 2026,2026-06-06,Open,0,,42300,
PROS-03633,REP-0106,Sterling Partners,201-1000,Website Inquiry,Cloud Compute,Q4 2025,2025-11-02,Dead,0,,30600,
PROS-03634,REP-0102,Anchor Systems,1-50,LinkedIn,Data Analytics,Q1 2026,2026-02-26,Dead,1,,14300,
PROS-03635,REP-0068,Orbit Digital,201-1000,Paid Marketing,Security Suite,Q2 2026,2026-06-26,Open,1,,50400,
PROS-03636,REP-0014,Ember Partners,51-200,Cold Outreach,Cloud Storage,Q2 2026,2026-06-14,Open,3,,10100,
PROS-03637,REP-0080,Zenith Industries,201-1000,LinkedIn,Security Suite,Q4 2025,2025-10-27,Lost,5,2025-11-15,90400,
PROS-03638,REP-0008,Lattice Partners,201-1000,Cold Outreach,Security Suite,Q2 2026,2026-04-29,Won,5,2026-06-05,47900,56400
PROS-03639,REP-0066,Ironclad Partners,201-1000,Website Inquiry,Security Suite,Q1 2026,2026-01-14,Lost,3,2026-02-26,55700,
PROS-03640,REP-0019,Fusion Works,1000-5000,Paid Marketing,Cloud Compute,Q2 2026,2026-05-30,Open,1,,43400,
PROS-03641,REP-0062,Anchor Networks,1-50,Conference,Cloud Storage,Q2 2026,2026-06-16,Open,1,,7400,
PROS-03642,REP-0077,Atlas Industries,51-200,Inbound Call,AI Platform,Q4 2025,2025-11-24,Won,2,2025-12-06,81900,88400
PROS-03643,REP-0077,Helix Dynamics,51-200,Referral,Cloud Storage,Q4 2025,2025-10-05,Dead,1,,10700,
PROS-03644,REP-0005,Northgate Works,1-50,Cold Outreach,Cloud Compute,Q4 2025,2025-12-31,Dead,0,,8700,
PROS-03645,REP-0100,Catalyst Labs,51-200,Inbound Call,AI Platform,Q4 2025,2025-12-02,Dead,0,,67900,
PROS-03646,REP-0080,Quantum Partners,201-1000,Website Inquiry,AI Platform,Q2 2026,2026-06-28,Open,2,,95400,
PROS-03647,REP-0005,Atlas Digital,1-50,LinkedIn,Data Analytics,Q2 2026,2026-05-27,Won,4,2026-06-20,19500,17200
PROS-03648,REP-0005,Orbit Solutions,1-50,Inbound Call,Cloud Storage,Q1 2026,2026-02-24,Dead,0,,6000,
PROS-03649,REP-0068,Anchor Industries,201-1000,Paid Marketing,AI Platform,Q1 2026,2026-02-12,Dead,2,,113500,
PROS-03650,REP-0076,Wavefront Technologies,51-200,Conference,AI Platform,Q1 2026,2026-03-07,Lost,2,2026-03-16,94600,
PROS-03651,REP-0053,Nova Holdings,201-1000,Paid Marketing,Cloud Compute,Q2 2026,2026-05-30,Open,2,,30600,
PROS-03652,REP-0091,Summit Group,201-1000,Cold Outreach,AI Platform,Q4 2025,2025-10-15,Lost,3,2025-11-05,57900,
PROS-03653,REP-0110,Atlas Technologies,51-200,Inbound Call,Cloud Storage,Q4 2025,2025-11-17,Won,5,2025-12-30,14000,12700
PROS-03654,REP-0005,Orbit Holdings,1-50,Cold Outreach,AI Platform,Q1 2026,2026-02-07,Lost,4,2026-03-02,36100,
PROS-03655,REP-0081,Fusion Networks,51-200,Cold Outreach,Security Suite,Q1 2026,2026-01-31,Lost,2,2026-02-11,30400,
PROS-03656,REP-0017,Atlas Industries,201-1000,Paid Marketing,Cloud Compute,Q2 2026,2026-04-13,Lost,5,2026-05-14,12900,
PROS-03657,REP-0018,Granite Labs,5000+,Inbound Call,Cloud Compute,Q2 2026,2026-05-02,Dead,0,,51600,
PROS-03658,REP-0100,Quantum Networks,1000-5000,LinkedIn,Cloud Storage,Q4 2025,2025-10-10,Lost,3,2025-11-03,17100,
PROS-03659,REP-0071,Wavefront Systems,51-200,Paid Marketing,Security Suite,Q2 2026,2026-04-19,Lost,2,2026-06-07,21900,
PROS-03660,REP-0034,Atlas Works,51-200,Paid Marketing,Data Analytics,Q1 2026,2026-01-01,Lost,2,2026-01-31,24500,
PROS-03661,REP-0087,Vantage Works,201-1000,Website Inquiry,Cloud Compute,Q4 2025,2025-10-25,Lost,4,2025-11-24,37600,
PROS-03662,REP-0065,Horizon Group,201-1000,Cold Outreach,Data Analytics,Q1 2026,2026-01-04,Won,3,2026-02-04,27900,29000
PROS-03663,REP-0026,Ember Partners,201-1000,LinkedIn,Security Suite,Q2 2026,2026-06-09,Open,3,,82900,
PROS-03664,REP-0032,Cobalt Networks,5000+,Website Inquiry,Security Suite,Q4 2025,2025-12-17,Lost,4,2026-02-24,167000,
PROS-03665,REP-0017,Cobalt Works,201-1000,Cold Outreach,Security Suite,Q4 2025,2025-11-15,Lost,5,2025-12-11,66200,
PROS-03666,REP-0108,Meridian Dynamics,51-200,Website Inquiry,Cloud Compute,Q1 2026,2026-03-18,Lost,4,2026-04-05,16700,
PROS-03667,REP-0080,Quantum Dynamics,201-1000,Paid Marketing,AI Platform,Q4 2025,2025-10-22,Lost,2,2025-11-08,118200,
PROS-03668,REP-0016,Pulse Labs,5000+,LinkedIn,Cloud Storage,Q2 2026,2026-06-18,Open,1,,26900,
PROS-03669,REP-0039,Ember Partners,5000+,Paid Marketing,Cloud Compute,Q4 2025,2025-12-09,Lost,5,2026-02-18,55300,
PROS-03670,REP-0021,Beacon Labs,1-50,LinkedIn,Data Analytics,Q4 2025,2025-10-20,Dead,0,,12000,
PROS-03671,REP-0026,Drift Networks,51-200,Referral,Cloud Compute,Q2 2026,2026-06-07,Open,0,,12000,
PROS-03672,REP-0015,Catalyst Digital,51-200,Website Inquiry,Data Analytics,Q1 2026,2026-01-07,Won,3,2026-01-23,17400,18400
PROS-03673,REP-0062,Ember Dynamics,51-200,Inbound Call,Security Suite,Q1 2026,2026-03-03,Lost,5,2026-03-21,41700,
PROS-03674,REP-0024,Cobalt Works,1-50,Referral,Data Analytics,Q2 2026,2026-05-21,Dead,0,,11900,
PROS-03675,REP-0041,Anchor Digital,201-1000,Paid Marketing,AI Platform,Q1 2026,2026-03-09,Dead,0,,51800,
PROS-03676,REP-0046,Helix Works,201-1000,LinkedIn,Cloud Storage,Q2 2026,2026-05-17,Lost,2,2026-06-11,11300,
PROS-03677,REP-0028,Catalyst Systems,1-50,LinkedIn,Cloud Compute,Q4 2025,2025-12-24,Won,3,2026-01-18,9000,9400
PROS-03678,REP-0016,Wavefront Digital,1000-5000,Inbound Call,Cloud Storage,Q2 2026,2026-05-10,Won,5,2026-06-19,25400,22400
PROS-03679,REP-0077,Nimbus Dynamics,1-50,Paid Marketing,Cloud Storage,Q1 2026,2026-03-21,Lost,4,2026-04-05,4700,
PROS-03680,REP-0036,Quantum Works,201-1000,Inbound Call,Cloud Compute,Q4 2025,2025-11-01,Won,4,2025-12-19,48300,53300
PROS-03681,REP-0047,Helix Digital,201-1000,Cold Outreach,AI Platform,Q4 2025,2025-12-10,Won,6,2026-01-26,75500,68200
PROS-03682,REP-0015,Anchor Networks,1-50,Paid Marketing,Cloud Compute,Q1 2026,2026-03-26,Lost,3,2026-04-18,6900,
PROS-03683,REP-0038,Lattice Works,201-1000,Paid Marketing,Security Suite,Q4 2025,2025-11-07,Lost,5,2025-12-22,45100,
PROS-03684,REP-0091,Nova Networks,1000-5000,Paid Marketing,Cloud Compute,Q4 2025,2025-11-15,Lost,4,2025-12-03,43400,
PROS-03685,REP-0003,Sterling Technologies,51-200,LinkedIn,Cloud Storage,Q1 2026,2026-03-30,Won,3,2026-04-15,10100,10900
PROS-03686,REP-0085,Vertex Industries,5000+,Cold Outreach,Security Suite,Q4 2025,2025-10-25,Lost,5,2026-01-05,95400,
PROS-03687,REP-0006,Vantage Partners,5000+,LinkedIn,Cloud Compute,Q2 2026,2026-04-09,Lost,5,2026-05-22,93400,
PROS-03688,REP-0005,Cobalt Digital,1-50,Cold Outreach,Cloud Compute,Q1 2026,2026-03-29,Dead,1,,9600,
PROS-03689,REP-0028,Atlas Group,1-50,Paid Marketing,Security Suite,Q1 2026,2026-02-16,Lost,2,2026-03-05,21500,
PROS-03690,REP-0024,Fusion Solutions,51-200,LinkedIn,AI Platform,Q1 2026,2026-01-17,Dead,0,,67600,
PROS-03691,REP-0105,Northgate Group,201-1000,Website Inquiry,AI Platform,Q1 2026,2026-03-14,Dead,0,,53400,
PROS-03692,REP-0022,Wavefront Group,201-1000,Website Inquiry,Data Analytics,Q2 2026,2026-04-27,Lost,4,2026-05-17,47300,
PROS-03693,REP-0102,Quantum Solutions,1-50,LinkedIn,Data Analytics,Q1 2026,2026-01-13,Dead,0,,19400,
PROS-03694,REP-0023,Meridian Systems,5000+,Website Inquiry,AI Platform,Q2 2026,2026-05-03,Lost,2,2026-06-29,173500,
PROS-03695,REP-0042,Ember Industries,201-1000,Website Inquiry,Security Suite,Q4 2025,2025-11-02,Lost,2,2025-11-12,58000,
PROS-03696,REP-0109,Nimbus Works,1-50,Cold Outreach,Cloud Storage,Q2 2026,2026-06-17,Open,1,,4600,
PROS-03697,REP-0015,Lattice Technologies,51-200,Cold Outreach,Cloud Compute,Q4 2025,2025-12-19,Dead,1,,15800,
PROS-03698,REP-0078,Wavefront Partners,201-1000,LinkedIn,Data Analytics,Q2 2026,2026-04-25,Dead,0,,42100,
PROS-03699,REP-0029,Northgate Partners,201-1000,LinkedIn,Security Suite,Q4 2025,2025-12-09,Dead,1,,50400,
PROS-03700,REP-0069,Helix Digital,51-200,Conference,Cloud Compute,Q1 2026,2026-03-10,Won,3,2026-04-26,14300,14200
PROS-03701,REP-0092,Ridgeline Group,5000+,LinkedIn,Cloud Storage,Q2 2026,2026-06-03,Open,2,,43000,
PROS-03702,REP-0033,Northgate Works,1000-5000,Cold Outreach,Data Analytics,Q2 2026,2026-04-30,Lost,4,2026-06-30,53800,
PROS-03703,REP-0021,Meridian Solutions,1-50,Paid Marketing,Cloud Compute,Q4 2025,2025-12-23,Lost,2,2026-01-08,11900,
PROS-03704,REP-0023,Wavefront Partners,1000-5000,Conference,Security Suite,Q2 2026,2026-05-13,Dead,0,,85000,
PROS-03705,REP-0021,Northgate Dynamics,1-50,Paid Marketing,Cloud Storage,Q4 2025,2025-12-09,Lost,3,2025-12-23,2800,
PROS-03706,REP-0087,Horizon Works,1000-5000,Inbound Call,Security Suite,Q4 2025,2025-12-15,Lost,5,2026-02-01,144900,
PROS-03707,REP-0098,Sterling Works,1000-5000,Website Inquiry,Data Analytics,Q4 2025,2025-12-24,Dead,0,,42500,
PROS-03708,REP-0109,Summit Holdings,51-200,Paid Marketing,Data Analytics,Q1 2026,2026-02-09,Dead,1,,38400,
PROS-03709,REP-0018,Pulse Holdings,1000-5000,Inbound Call,Cloud Storage,Q2 2026,2026-05-14,Lost,3,2026-06-13,17500,
PROS-03710,REP-0086,Solace Networks,51-200,Cold Outreach,Data Analytics,Q4 2025,2025-10-12,Lost,5,2025-11-13,16000,
PROS-03711,REP-0007,Nova Works,51-200,LinkedIn,Cloud Compute,Q2 2026,2026-05-31,Open,3,,26400,
PROS-03712,REP-0042,Ironclad Holdings,1-50,Website Inquiry,AI Platform,Q2 2026,2026-04-22,Lost,3,2026-05-06,43700,
PROS-03713,REP-0096,Beacon Holdings,1-50,Inbound Call,Cloud Compute,Q2 2026,2026-04-30,Won,3,2026-05-24,10900,9900
PROS-03714,REP-0005,Ridgeline Solutions,1-50,LinkedIn,Cloud Compute,Q4 2025,2025-10-29,Lost,3,2025-11-19,12500,
PROS-03715,REP-0019,Meridian Industries,51-200,Paid Marketing,Cloud Compute,Q1 2026,2026-01-29,Dead,0,,28700,
PROS-03716,REP-0036,Sterling Partners,1000-5000,Website Inquiry,Security Suite,Q4 2025,2025-12-27,Lost,3,2026-01-22,196200,
PROS-03717,REP-0066,Pulse Digital,51-200,Conference,Cloud Compute,Q1 2026,2026-01-15,Lost,5,2026-03-03,14100,
PROS-03718,REP-0077,Helix Systems,1-50,Paid Marketing,Cloud Storage,Q1 2026,2026-01-22,Lost,4,2026-02-05,7700,
PROS-03719,REP-0021,Drift Systems,51-200,Paid Marketing,Cloud Compute,Q1 2026,2026-01-29,Lost,2,2026-02-21,16800,
PROS-03720,REP-0021,Helix Solutions,51-200,Paid Marketing,AI Platform,Q2 2026,2026-04-05,Lost,5,2026-04-29,68500,
PROS-03721,REP-0057,Anchor Solutions,1000-5000,LinkedIn,Security Suite,Q4 2025,2025-12-09,Lost,2,2026-01-20,121500,
PROS-03722,REP-0050,Ironclad Dynamics,1000-5000,Paid Marketing,Cloud Storage,Q1 2026,2026-03-15,Lost,5,2026-04-20,23000,
PROS-03723,REP-0063,Lattice Works,1-50,Website Inquiry,Cloud Compute,Q2 2026,2026-06-23,Lost,5,2026-06-27,10100,
PROS-03724,REP-0072,Helix Technologies,201-1000,Cold Outreach,Cloud Compute,Q4 2025,2025-10-02,Lost,3,2025-10-30,28600,
PROS-03725,REP-0076,Helix Partners,51-200,Website Inquiry,Cloud Storage,Q4 2025,2025-11-11,Lost,5,2025-12-03,12500,
PROS-03726,REP-0106,Redshift Labs,1000-5000,Conference,Cloud Compute,Q1 2026,2026-03-24,Lost,3,2026-04-30,23300,
PROS-03727,REP-0014,Anchor Networks,201-1000,Paid Marketing,AI Platform,Q2 2026,2026-04-15,Dead,1,,100400,
PROS-03728,REP-0094,Quantum Systems,51-200,Paid Marketing,Cloud Storage,Q1 2026,2026-02-03,Dead,0,,7600,
PROS-03729,REP-0093,Lattice Holdings,1-50,Cold Outreach,Data Analytics,Q2 2026,2026-05-16,Lost,4,2026-06-08,15900,
PROS-03730,REP-0036,Nova Industries,201-1000,Inbound Call,Security Suite,Q1 2026,2026-03-25,Lost,4,2026-04-12,84500,
PROS-03731,REP-0106,Pulse Solutions,201-1000,Conference,Security Suite,Q4 2025,2025-10-07,Dead,0,,75100,
PROS-03732,REP-0062,Anchor Networks,1-50,Paid Marketing,Cloud Storage,Q4 2025,2025-11-23,Lost,4,2025-12-01,5300,
PROS-03733,REP-0088,Redshift Digital,1-50,Website Inquiry,AI Platform,Q2 2026,2026-06-12,Open,0,,17400,
PROS-03734,REP-0009,Nimbus Holdings,5000+,Inbound Call,Cloud Compute,Q4 2025,2025-10-22,Won,4,2026-01-18,65400,70400
PROS-03735,REP-0054,Pulse Solutions,51-200,Paid Marketing,Security Suite,Q4 2025,2025-10-14,Lost,4,2025-11-20,54100,
PROS-03736,REP-0069,Orbit Group,201-1000,Paid Marketing,Cloud Compute,Q4 2025,2025-11-11,Lost,5,2025-12-13,32600,
PROS-03737,REP-0102,Cobalt Dynamics,1-50,Conference,Security Suite,Q1 2026,2026-02-26,Lost,3,2026-03-07,21800,
PROS-03738,REP-0021,Quantum Networks,201-1000,Cold Outreach,AI Platform,Q2 2026,2026-05-21,Lost,4,2026-06-04,96100,
PROS-03739,REP-0011,Vantage Partners,1-50,LinkedIn,Cloud Storage,Q4 2025,2025-10-03,Dead,1,,4900,
PROS-03740,REP-0013,Nimbus Digital,1000-5000,LinkedIn,Data Analytics,Q2 2026,2026-06-15,Open,0,,61600,
PROS-03741,REP-0027,Beacon Networks,5000+,Conference,Cloud Compute,Q1 2026,2026-01-15,Lost,3,2026-04-09,76200,
PROS-03742,REP-0083,Cobalt Technologies,201-1000,Cold Outreach,AI Platform,Q2 2026,2026-06-27,Open,1,,119900,
PROS-03743,REP-0017,Atlas Digital,201-1000,Paid Marketing,Cloud Storage,Q2 2026,2026-05-04,Lost,4,2026-05-22,11400,
PROS-03744,REP-0072,Sterling Digital,201-1000,Website Inquiry,AI Platform,Q2 2026,2026-06-03,Open,1,,115100,
PROS-03745,REP-0085,Summit Systems,1000-5000,Paid Marketing,Cloud Storage,Q1 2026,2026-03-11,Lost,3,2026-04-22,12900,
PROS-03746,REP-0103,Wavefront Holdings,51-200,Inbound Call,Cloud Storage,Q2 2026,2026-06-23,Open,0,,9900,
PROS-03747,REP-0071,Summit Group,201-1000,Website Inquiry,AI Platform,Q4 2025,2025-11-26,Dead,1,,69500,
PROS-03748,REP-0001,Lattice Technologies,201-1000,Website Inquiry,Cloud Compute,Q1 2026,2026-02-10,Lost,4,2026-03-01,24100,
PROS-03749,REP-0081,Quantum Solutions,1-50,Inbound Call,Cloud Compute,Q1 2026,2026-03-08,Lost,3,2026-03-28,15400,
PROS-03750,REP-0088,Northgate Solutions,201-1000,LinkedIn,Security Suite,Q4 2025,2025-12-25,Dead,0,,34900,
PROS-03751,REP-0025,Quantum Digital,51-200,LinkedIn,Cloud Compute,Q1 2026,2026-01-27,Lost,3,2026-02-26,20900,
PROS-03752,REP-0081,Northgate Partners,1-50,Paid Marketing,Data Analytics,Q2 2026,2026-04-20,Lost,4,2026-05-04,15000,
PROS-03753,REP-0036,Fusion Systems,1000-5000,Referral,Data Analytics,Q1 2026,2026-02-08,Won,6,2026-03-12,92900,82200
PROS-03754,REP-0028,Beacon Solutions,1-50,Cold Outreach,Cloud Compute,Q2 2026,2026-04-27,Dead,2,,13600,
PROS-03755,REP-0005,Drift Digital,51-200,Cold Outreach,AI Platform,Q1 2026,2026-03-21,Won,2,2026-04-09,86300,89300
PROS-03756,REP-0094,Wavefront Industries,51-200,Cold Outreach,Cloud Storage,Q4 2025,2025-10-22,Lost,3,2025-11-13,13100,
PROS-03757,REP-0025,Nova Networks,201-1000,Cold Outreach,AI Platform,Q2 2026,2026-06-27,Open,0,,117900,
PROS-03758,REP-0028,Catalyst Technologies,1-50,Website Inquiry,Security Suite,Q1 2026,2026-03-30,Lost,2,2026-04-20,25000,
PROS-03759,REP-0065,Ridgeline Dynamics,51-200,Referral,Security Suite,Q2 2026,2026-05-26,Won,3,2026-06-28,34500,35900
PROS-03760,REP-0066,Ember Solutions,51-200,LinkedIn,AI Platform,Q2 2026,2026-05-13,Dead,0,,32300,
PROS-03761,REP-0093,Beacon Group,1-50,Website Inquiry,Security Suite,Q2 2026,2026-05-29,Open,0,,30300,
PROS-03762,REP-0005,Anchor Holdings,1-50,Referral,Security Suite,Q2 2026,2026-04-07,Dead,0,,34900,
PROS-03763,REP-0023,Helix Works,1000-5000,Cold Outreach,Cloud Compute,Q4 2025,2025-11-18,Lost,4,2026-02-07,33500,
PROS-03764,REP-0025,Helix Digital,51-200,LinkedIn,Cloud Compute,Q4 2025,2025-10-05,Dead,2,,12200,
PROS-03765,REP-0028,Vertex Partners,1-50,Cold Outreach,Cloud Storage,Q2 2026,2026-06-25,Open,1,,6300,
PROS-03766,REP-0089,Orbit Group,51-200,Website Inquiry,Cloud Storage,Q4 2025,2025-11-30,Lost,5,2025-12-12,6700,
PROS-03767,REP-0022,Ridgeline Holdings,201-1000,LinkedIn,Cloud Storage,Q1 2026,2026-03-24,Dead,0,,16300,
PROS-03768,REP-0077,Catalyst Industries,1-50,Website Inquiry,Cloud Compute,Q1 2026,2026-02-16,Lost,2,2026-02-27,14100,
PROS-03769,REP-0098,Solace Industries,51-200,Inbound Call,AI Platform,Q2 2026,2026-06-05,Open,0,,100200,
PROS-03770,REP-0077,Catalyst Group,1-50,Inbound Call,Cloud Storage,Q2 2026,2026-05-19,Won,2,2026-06-08,6200,5300
PROS-03771,REP-0004,Ironclad Technologies,1-50,Referral,Cloud Storage,Q1 2026,2026-02-26,Won,2,2026-03-09,7100,8000
PROS-03772,REP-0060,Helix Solutions,1000-5000,Website Inquiry,Cloud Compute,Q2 2026,2026-06-22,Open,1,,44500,
PROS-03773,REP-0028,Ember Industries,1-50,Website Inquiry,Cloud Compute,Q4 2025,2025-11-06,Lost,3,2025-11-25,9400,
PROS-03774,REP-0096,Solace Industries,51-200,Website Inquiry,Cloud Storage,Q1 2026,2026-03-05,Dead,0,,6600,
PROS-03775,REP-0025,Apex Group,1000-5000,Paid Marketing,Cloud Storage,Q1 2026,2026-03-16,Won,6,2026-04-02,37100,39200
PROS-03776,REP-0044,Helix Labs,1-50,Inbound Call,Data Analytics,Q1 2026,2026-01-22,Lost,2,2026-02-03,9400,
PROS-03777,REP-0015,Helix Systems,1-50,Conference,Data Analytics,Q1 2026,2026-03-28,Lost,4,2026-04-04,11000,
PROS-03778,REP-0103,Fusion Digital,51-200,Website Inquiry,Cloud Compute,Q4 2025,2025-10-25,Dead,0,,10500,
PROS-03779,REP-0029,Nova Labs,201-1000,LinkedIn,Data Analytics,Q4 2025,2025-11-02,Lost,5,2025-12-15,33100,
PROS-03780,REP-0015,Sterling Dynamics,1-50,Paid Marketing,Data Analytics,Q4 2025,2025-10-24,Dead,0,,10500,
PROS-03781,REP-0024,Ridgeline Solutions,1-50,Paid Marketing,Cloud Compute,Q4 2025,2025-11-08,Lost,5,2025-11-28,7000,
PROS-03782,REP-0069,Pulse Industries,1000-5000,Conference,Cloud Storage,Q1 2026,2026-01-31,Lost,5,2026-02-28,22400,
PROS-03783,REP-0011,Ember Works,51-200,Website Inquiry,Cloud Compute,Q1 2026,2026-02-10,Won,3,2026-03-07,23500,20500
PROS-03784,REP-0108,Cobalt Technologies,1-50,Paid Marketing,Cloud Storage,Q4 2025,2025-10-16,Lost,5,2025-10-25,9100,
PROS-03785,REP-0036,Summit Solutions,51-200,Website Inquiry,Security Suite,Q2 2026,2026-04-05,Won,5,2026-05-15,53600,55000
PROS-03786,REP-0012,Helix Solutions,51-200,Cold Outreach,Cloud Compute,Q1 2026,2026-01-17,Lost,5,2026-01-24,16600,
PROS-03787,REP-0081,Atlas Group,1-50,Paid Marketing,Cloud Storage,Q2 2026,2026-06-09,Open,3,,6100,
PROS-03788,REP-0095,Drift Digital,51-200,Inbound Call,AI Platform,Q1 2026,2026-01-03,Dead,0,,70900,
PROS-03789,REP-0091,Nova Group,1000-5000,LinkedIn,AI Platform,Q2 2026,2026-06-14,Lost,5,2026-06-30,113200,
PROS-03790,REP-0004,Vantage Solutions,51-200,Cold Outreach,Data Analytics,Q1 2026,2026-01-14,Dead,0,,41300,
PROS-03791,REP-0099,Quantum Systems,201-1000,Inbound Call,Security Suite,Q4 2025,2025-12-05,Won,6,2025-12-28,34400,30400
PROS-03792,REP-0093,Catalyst Systems,1-50,LinkedIn,Cloud Storage,Q2 2026,2026-06-11,Open,0,,4700,
PROS-03793,REP-0035,Summit Partners,5000+,Paid Marketing,Security Suite,Q1 2026,2026-01-17,Lost,4,2026-03-26,315000,
PROS-03794,REP-0104,Vantage Works,1000-5000,Website Inquiry,Data Analytics,Q4 2025,2025-12-06,Dead,0,,50100,
PROS-03795,REP-0040,Orbit Digital,51-200,Paid Marketing,AI Platform,Q2 2026,2026-05-06,Lost,2,2026-06-03,88200,
PROS-03796,REP-0015,Cobalt Dynamics,51-200,LinkedIn,AI Platform,Q4 2025,2025-11-23,Lost,3,2025-12-06,39300,
PROS-03797,REP-0077,Catalyst Dynamics,1-50,Inbound Call,Cloud Storage,Q1 2026,2026-01-22,Lost,4,2026-02-11,4300,
PROS-03798,REP-0109,Lattice Networks,1-50,Website Inquiry,Data Analytics,Q4 2025,2025-12-18,Lost,5,2026-01-05,16900,
PROS-03799,REP-0098,Wavefront Systems,201-1000,Conference,Security Suite,Q4 2025,2025-12-13,Won,4,2026-01-19,90500,80100
PROS-03800,REP-0038,Drift Partners,1000-5000,Cold Outreach,Data Analytics,Q4 2025,2025-12-06,Lost,4,2026-01-11,62300,
PROS-03801,REP-0077,Atlas Networks,1-50,Cold Outreach,AI Platform,Q4 2025,2025-12-13,Lost,3,2025-12-24,40800,
PROS-03802,REP-0040,Zenith Labs,201-1000,LinkedIn,AI Platform,Q1 2026,2026-01-18,Lost,3,2026-02-04,62500,
PROS-03803,REP-0103,Horizon Works,51-200,Paid Marketing,Cloud Compute,Q4 2025,2025-11-11,Lost,5,2025-12-01,14700,
PROS-03804,REP-0032,Cobalt Technologies,1000-5000,Cold Outreach,Cloud Compute,Q2 2026,2026-06-20,Open,0,,57100,
PROS-03805,REP-0017,Helix Digital,1000-5000,Referral,Cloud Storage,Q4 2025,2025-10-31,Lost,2,2025-11-16,13200,
PROS-03806,REP-0024,Fusion Group,1-50,Conference,AI Platform,Q4 2025,2025-10-12,Lost,2,2025-11-02,47900,
PROS-03807,REP-0005,Ironclad Dynamics,51-200,Cold Outreach,Cloud Compute,Q4 2025,2025-11-14,Lost,3,2025-11-29,20800,
PROS-03808,REP-0065,Cobalt Industries,201-1000,Cold Outreach,Data Analytics,Q1 2026,2026-03-03,Lost,3,2026-04-13,56400,
PROS-03809,REP-0076,Atlas Partners,51-200,Paid Marketing,AI Platform,Q2 2026,2026-05-23,Dead,0,,88500,
PROS-03810,REP-0072,Vantage Partners,201-1000,Paid Marketing,Data Analytics,Q1 2026,2026-01-16,Dead,0,,18400,
PROS-03811,REP-0077,Nova Partners,1-50,Paid Marketing,Data Analytics,Q2 2026,2026-04-07,Lost,5,2026-04-19,22200,
PROS-03812,REP-0071,Redshift Works,201-1000,Paid Marketing,Cloud Storage,Q1 2026,2026-02-10,Lost,2,2026-03-05,19700,
PROS-03813,REP-0005,Vantage Industries,1-50,Cold Outreach,Cloud Compute,Q2 2026,2026-06-22,Lost,3,2026-06-30,6500,
PROS-03814,REP-0014,Nimbus Holdings,51-200,Paid Marketing,AI Platform,Q2 2026,2026-06-08,Open,3,,65100,
PROS-03815,REP-0049,Horizon Technologies,201-1000,Website Inquiry,Cloud Compute,Q2 2026,2026-05-09,Dead,1,,19300,
PROS-03816,REP-0095,Sterling Solutions,1-50,Paid Marketing,Cloud Compute,Q1 2026,2026-03-14,Lost,2,2026-03-30,10300,
PROS-03817,REP-0025,Redshift Technologies,51-200,Cold Outreach,Security Suite,Q1 2026,2026-02-02,Dead,0,,42600,
PROS-03818,REP-0056,Vertex Digital,1-50,Website Inquiry,Cloud Storage,Q2 2026,2026-05-03,Won,3,2026-05-24,5900,6700
PROS-03819,REP-0056,Quantum Group,1-50,LinkedIn,Security Suite,Q1 2026,2026-02-26,Dead,0,,33800,
PROS-03820,REP-0053,Nimbus Works,1-50,Website Inquiry,AI Platform,Q2 2026,2026-06-03,Lost,3,2026-06-18,21700,
PROS-03821,REP-0059,Anchor Industries,51-200,Website Inquiry,Cloud Storage,Q1 2026,2026-03-05,Won,2,2026-03-22,12600,10800
PROS-03822,REP-0011,Zenith Networks,1-50,Inbound Call,Data Analytics,Q4 2025,2025-12-06,Dead,1,,7400,
PROS-03823,REP-0064,Meridian Labs,201-1000,Paid Marketing,Cloud Compute,Q1 2026,2026-03-12,Won,6,2026-04-29,29800,34200
PROS-03824,REP-0004,Northgate Works,1-50,Inbound Call,Cloud Compute,Q1 2026,2026-02-16,Won,2,2026-02-28,17500,16500
PROS-03825,REP-0004,Wavefront Industries,51-200,Paid Marketing,Cloud Storage,Q2 2026,2026-05-31,Open,2,,13400,
PROS-03826,REP-0087,Lattice Industries,1000-5000,Referral,AI Platform,Q2 2026,2026-06-10,Open,2,,178700,
PROS-03827,REP-0068,Summit Technologies,201-1000,LinkedIn,Cloud Storage,Q2 2026,2026-04-15,Lost,4,2026-05-04,12500,
PROS-03828,REP-0094,Helix Partners,1-50,Paid Marketing,Security Suite,Q1 2026,2026-02-04,Won,4,2026-02-26,26700,26900
PROS-03829,REP-0037,Solace Labs,201-1000,LinkedIn,Cloud Storage,Q2 2026,2026-06-05,Open,1,,21700,
PROS-03830,REP-0017,Cobalt Solutions,201-1000,Cold Outreach,Security Suite,Q4 2025,2025-11-16,Dead,1,,67000,
PROS-03831,REP-0059,Redshift Systems,1-50,Paid Marketing,Data Analytics,Q1 2026,2026-02-07,Lost,2,2026-02-24,11800,
PROS-03832,REP-0005,Orbit Digital,51-200,Website Inquiry,Cloud Storage,Q2 2026,2026-05-14,Lost,3,2026-05-25,7200,
PROS-03833,REP-0020,Cobalt Networks,5000+,Referral,AI Platform,Q4 2025,2025-10-23,Dead,0,,185600,
PROS-03834,REP-0077,Cobalt Dynamics,1-50,Paid Marketing,AI Platform,Q2 2026,2026-05-30,Open,0,,67900,
PROS-03835,REP-0029,Nova Digital,201-1000,Cold Outreach,Cloud Compute,Q4 2025,2025-12-03,Lost,5,2026-01-19,25500,
PROS-03836,REP-0090,Zenith Works,1000-5000,Cold Outreach,Cloud Compute,Q4 2025,2025-10-28,Lost,2,2025-12-29,58800,
PROS-03837,REP-0096,Beacon Works,51-200,Paid Marketing,Security Suite,Q2 2026,2026-04-25,Lost,4,2026-05-05,53200,
PROS-03838,REP-0092,Nimbus Dynamics,1000-5000,Paid Marketing,Cloud Storage,Q4 2025,2025-10-05,Dead,0,,16300,
PROS-03839,REP-0026,Northgate Holdings,201-1000,Conference,Security Suite,Q1 2026,2026-03-15,Won,4,2026-04-01,76700,78800
PROS-03840,REP-0100,Quantum Labs,1000-5000,Paid Marketing,Cloud Storage,Q1 2026,2026-02-23,Lost,2,2026-03-27,30800,
PROS-03841,REP-0028,Ridgeline Partners,51-200,Conference,Cloud Storage,Q2 2026,2026-05-22,Dead,0,,10500,
PROS-03842,REP-0001,Quantum Dynamics,201-1000,Cold Outreach,Cloud Storage,Q4 2025,2025-12-31,Dead,0,,22900,
PROS-03843,REP-0092,Orbit Dynamics,5000+,Cold Outreach,AI Platform,Q2 2026,2026-06-04,Open,1,,154400,
PROS-03844,REP-0057,Wavefront Networks,5000+,Paid Marketing,AI Platform,Q2 2026,2026-04-25,Dead,0,,182000,
PROS-03845,REP-0080,Orbit Industries,201-1000,Cold Outreach,Cloud Compute,Q1 2026,2026-03-18,Dead,0,,26000,
PROS-03846,REP-0076,Helix Digital,1-50,Cold Outreach,Cloud Compute,Q2 2026,2026-06-07,Open,1,,16700,
PROS-03847,REP-0015,Apex Works,1-50,Conference,Cloud Compute,Q1 2026,2026-01-15,Won,3,2026-02-02,9800,11500
PROS-03848,REP-0020,Nova Labs,1000-5000,Inbound Call,Cloud Storage,Q4 2025,2025-12-30,Lost,2,2026-02-25,24000,
PROS-03849,REP-0034,Fusion Partners,201-1000,Cold Outreach,Cloud Compute,Q2 2026,2026-06-07,Open,1,,22800,
PROS-03850,REP-0091,Apex Labs,201-1000,Inbound Call,Data Analytics,Q1 2026,2026-03-10,Lost,3,2026-03-30,33300,
PROS-03851,REP-0008,Solace Solutions,201-1000,Inbound Call,Data Analytics,Q2 2026,2026-04-28,Lost,5,2026-05-18,50100,
PROS-03852,REP-0033,Anchor Digital,1000-5000,LinkedIn,Data Analytics,Q4 2025,2025-12-03,Lost,4,2026-02-18,59000,
PROS-03853,REP-0024,Sterling Networks,1-50,Conference,Cloud Storage,Q4 2025,2025-11-22,Lost,2,2025-11-30,6100,
PROS-03854,REP-0033,Quantum Industries,1000-5000,Paid Marketing,AI Platform,Q2 2026,2026-06-08,Open,1,,138200,
PROS-03855,REP-0015,Ironclad Networks,201-1000,Cold Outreach,Cloud Compute,Q4 2025,2025-11-20,Lost,2,2025-12-09,28100,
PROS-03856,REP-0021,Quantum Works,201-1000,Inbound Call,Cloud Compute,Q2 2026,2026-04-18,Lost,2,2026-05-01,29100,
PROS-03857,REP-0109,Orbit Works,51-200,Paid Marketing,Cloud Storage,Q4 2025,2025-12-22,Lost,3,2026-01-06,14000,
PROS-03858,REP-0025,Catalyst Holdings,51-200,Cold Outreach,AI Platform,Q4 2025,2025-11-30,Dead,2,,55400,
PROS-03859,REP-0046,Cobalt Systems,1000-5000,LinkedIn,Cloud Compute,Q2 2026,2026-04-03,Lost,3,2026-05-16,72900,
PROS-03860,REP-0008,Solace Holdings,1000-5000,Conference,AI Platform,Q2 2026,2026-05-23,Lost,4,2026-06-27,185100,
PROS-03861,REP-0098,Nimbus Systems,201-1000,Conference,AI Platform,Q1 2026,2026-01-29,Lost,2,2026-03-19,65800,
PROS-03862,REP-0086,Ironclad Solutions,201-1000,LinkedIn,AI Platform,Q2 2026,2026-05-21,Lost,5,2026-06-25,113900,
PROS-03863,REP-0028,Pulse Industries,51-200,Cold Outreach,Cloud Storage,Q4 2025,2025-10-09,Lost,3,2025-10-20,5500,
PROS-03864,REP-0046,Catalyst Industries,201-1000,Inbound Call,Cloud Storage,Q1 2026,2026-01-17,Lost,5,2026-02-24,12700,
PROS-03865,REP-0016,Nova Group,1000-5000,Cold Outreach,Cloud Compute,Q4 2025,2025-11-10,Lost,4,2026-01-13,30100,
PROS-03866,REP-0088,Ironclad Works,51-200,Paid Marketing,Cloud Compute,Q4 2025,2025-10-26,Lost,4,2025-11-14,14200,
PROS-03867,REP-0012,Solace Holdings,1-50,Website Inquiry,Security Suite,Q2 2026,2026-06-04,Open,2,,16700,
PROS-03868,REP-0089,Meridian Labs,1-50,Cold Outreach,Cloud Storage,Q4 2025,2025-11-30,Won,4,2025-12-15,4100,3600
PROS-03869,REP-0015,Ironclad Solutions,1-50,Paid Marketing,Cloud Storage,Q4 2025,2025-11-13,Won,3,2025-12-05,4900,4700
PROS-03870,REP-0005,Redshift Holdings,1-50,Paid Marketing,Cloud Compute,Q1 2026,2026-03-11,Won,3,2026-03-25,12500,12600
PROS-03871,REP-0004,Cobalt Systems,51-200,Paid Marketing,Cloud Compute,Q4 2025,2025-11-17,Lost,2,2025-12-08,27600,
PROS-03872,REP-0095,Sterling Technologies,1-50,LinkedIn,Data Analytics,Q1 2026,2026-02-21,Lost,2,2026-03-02,11900,
PROS-03873,REP-0016,Summit Labs,1000-5000,Paid Marketing,Cloud Compute,Q1 2026,2026-03-06,Lost,2,2026-04-07,44900,
PROS-03874,REP-0065,Zenith Digital,1000-5000,Website Inquiry,Cloud Storage,Q4 2025,2025-12-03,Won,5,2026-01-09,27800,30700
PROS-03875,REP-0044,Helix Industries,51-200,Website Inquiry,Cloud Storage,Q1 2026,2026-02-12,Won,3,2026-03-09,10300,9200
PROS-03876,REP-0089,Beacon Labs,1-50,Website Inquiry,Data Analytics,Q1 2026,2026-03-15,Dead,0,,7400,
PROS-03877,REP-0076,Nova Works,51-200,Paid Marketing,Cloud Compute,Q4 2025,2025-11-13,Dead,1,,24900,
PROS-03878,REP-0098,Cobalt Industries,51-200,Inbound Call,Cloud Storage,Q4 2025,2025-12-23,Lost,4,2026-01-17,7900,
PROS-03879,REP-0052,Zenith Works,5000+,LinkedIn,AI Platform,Q1 2026,2026-03-06,Lost,3,2026-04-05,316000,
PROS-03880,REP-0004,Solace Networks,1-50,Conference,Cloud Storage,Q4 2025,2025-12-30,Won,3,2026-01-13,5500,5200
PROS-03881,REP-0017,Cobalt Partners,201-1000,Website Inquiry,Data Analytics,Q1 2026,2026-01-02,Lost,2,2026-01-20,19000,
PROS-03882,REP-0060,Nimbus Labs,1000-5000,Cold Outreach,Security Suite,Q1 2026,2026-01-31,Won,6,2026-03-20,68200,60300
PROS-03883,REP-0044,Quantum Works,1-50,Cold Outreach,Cloud Compute,Q4 2025,2025-11-08,Lost,3,2025-12-02,13200,
PROS-03884,REP-0042,Catalyst Digital,201-1000,LinkedIn,Data Analytics,Q4 2025,2025-11-25,Won,2,2025-12-13,37100,36500
PROS-03885,REP-0096,Ironclad Holdings,1-50,Cold Outreach,Cloud Storage,Q1 2026,2026-01-05,Lost,2,2026-01-16,3200,
PROS-03886,REP-0047,Apex Solutions,201-1000,Website Inquiry,Data Analytics,Q4 2025,2025-12-26,Dead,0,,37700,
PROS-03887,REP-0053,Wavefront Holdings,51-200,Inbound Call,AI Platform,Q2 2026,2026-05-13,Lost,4,2026-05-20,39000,
PROS-03888,REP-0039,Meridian Technologies,5000+,Referral,AI Platform,Q1 2026,2026-02-02,Won,4,2026-03-26,325800,388700
PROS-03889,REP-0070,Fusion Digital,201-1000,Website Inquiry,Cloud Compute,Q1 2026,2026-03-02,Dead,0,,36600,
PROS-03890,REP-0069,Orbit Digital,51-200,Cold Outreach,Data Analytics,Q4 2025,2025-12-24,Lost,3,2026-01-08,28400,
PROS-03891,REP-0024,Zenith Technologies,1-50,Cold Outreach,Security Suite,Q1 2026,2026-02-02,Won,4,2026-02-20,13600,15000
PROS-03892,REP-0027,Orbit Technologies,1000-5000,Paid Marketing,AI Platform,Q2 2026,2026-04-27,Lost,3,2026-06-01,168800,
PROS-03893,REP-0030,Horizon Technologies,1000-5000,Website Inquiry,Data Analytics,Q1 2026,2026-03-28,Lost,2,2026-05-06,58700,
PROS-03894,REP-0083,Atlas Industries,51-200,Website Inquiry,Cloud Compute,Q4 2025,2025-12-07,Lost,5,2026-01-11,19200,
PROS-03895,REP-0086,Anchor Works,201-1000,Paid Marketing,AI Platform,Q4 2025,2025-12-17,Lost,2,2026-02-04,45700,
PROS-03896,REP-0059,Summit Networks,1-50,Website Inquiry,Data Analytics,Q4 2025,2025-11-14,Dead,0,,15600,
PROS-03897,REP-0001,Granite Holdings,201-1000,Cold Outreach,Security Suite,Q4 2025,2025-10-08,Dead,0,,103900,
PROS-03898,REP-0017,Vantage Solutions,201-1000,Inbound Call,Cloud Storage,Q2 2026,2026-04-03,Lost,3,2026-05-18,10100,
PROS-03899,REP-0037,Fusion Systems,1000-5000,Referral,AI Platform,Q2 2026,2026-06-01,Open,2,,191900,
PROS-03900,REP-0004,Beacon Solutions,51-200,LinkedIn,AI Platform,Q1 2026,2026-03-10,Lost,4,2026-03-27,46700,
PROS-03901,REP-0077,Solace Industries,51-200,Website Inquiry,Data Analytics,Q1 2026,2026-02-13,Won,4,2026-02-23,24000,22200
PROS-03902,REP-0005,Helix Technologies,1-50,Paid Marketing,Data Analytics,Q4 2025,2025-10-24,Dead,0,,16600,
PROS-03903,REP-0042,Orbit Holdings,51-200,LinkedIn,Security Suite,Q2 2026,2026-05-28,Dead,0,,60800,
PROS-03904,REP-0062,Orbit Networks,51-200,Cold Outreach,Cloud Compute,Q4 2025,2025-11-25,Lost,2,2025-12-03,11800,
PROS-03905,REP-0049,Ridgeline Solutions,201-1000,Website Inquiry,AI Platform,Q2 2026,2026-06-24,Open,2,,36300,
PROS-03906,REP-0047,Horizon Networks,201-1000,Conference,AI Platform,Q2 2026,2026-05-05,Lost,5,2026-05-28,89800,
PROS-03907,REP-0020,Summit Technologies,1000-5000,Cold Outreach,Data Analytics,Q2 2026,2026-04-10,Won,8,2026-06-10,41600,43300
PROS-03908,REP-0020,Fusion Solutions,5000+,LinkedIn,Data Analytics,Q2 2026,2026-05-17,Lost,5,2026-06-29,107800,
PROS-03909,REP-0065,Ember Dynamics,51-200,LinkedIn,Cloud Compute,Q1 2026,2026-01-10,Dead,0,,15900,
PROS-03910,REP-0089,Summit Holdings,1-50,Paid Marketing,Security Suite,Q1 2026,2026-03-17,Lost,3,2026-03-25,17300,
PROS-03911,REP-0011,Ironclad Networks,1-50,LinkedIn,AI Platform,Q1 2026,2026-02-24,Lost,3,2026-03-17,33700,
PROS-03912,REP-0042,Vantage Holdings,1-50,Paid Marketing,Cloud Compute,Q4 2025,2025-10-26,Dead,1,,13700,
PROS-03913,REP-0039,Drift Holdings,1000-5000,Website Inquiry,Security Suite,Q1 2026,2026-03-11,Dead,1,,75600,
PROS-03914,REP-0028,Nova Partners,1-50,Paid Marketing,Security Suite,Q1 2026,2026-02-13,Lost,5,2026-03-09,24200,
PROS-03915,REP-0057,Sterling Labs,5000+,Paid Marketing,Cloud Compute,Q4 2025,2025-12-03,Dead,0,,59300,
PROS-03916,REP-0028,Ember Systems,1-50,Cold Outreach,AI Platform,Q2 2026,2026-04-03,Dead,0,,26200,
PROS-03917,REP-0045,Fusion Technologies,5000+,Cold Outreach,AI Platform,Q2 2026,2026-06-06,Open,0,,320400,
PROS-03918,REP-0098,Solace Labs,1000-5000,Cold Outreach,Cloud Compute,Q1 2026,2026-02-19,Dead,1,,71500,
PROS-03919,REP-0005,Catalyst Digital,201-1000,Website Inquiry,Data Analytics,Q2 2026,2026-06-12,Open,0,,35200,
PROS-03920,REP-0070,Summit Industries,201-1000,Referral,AI Platform,Q4 2025,2025-12-07,Won,3,2025-12-23,60900,56000
PROS-03921,REP-0087,Meridian Systems,1000-5000,Referral,Cloud Storage,Q1 2026,2026-03-31,Lost,3,2026-04-21,19400,
PROS-03922,REP-0088,Ironclad Networks,201-1000,Cold Outreach,Data Analytics,Q2 2026,2026-05-24,Dead,1,,56000,
PROS-03923,REP-0092,Helix Group,1000-5000,Paid Marketing,AI Platform,Q4 2025,2025-11-19,Lost,4,2026-02-03,122800,
PROS-03924,REP-0045,Vertex Labs,5000+,Cold Outreach,Cloud Compute,Q1 2026,2026-03-27,Lost,3,2026-06-08,46500,
PROS-03925,REP-0062,Fusion Labs,1-50,Website Inquiry,AI Platform,Q2 2026,2026-04-26,Won,4,2026-05-12,15500,17800
PROS-03926,REP-0026,Beacon Dynamics,201-1000,LinkedIn,Cloud Compute,Q2 2026,2026-06-08,Open,1,,39700,
PROS-03927,REP-0016,Nova Dynamics,1000-5000,LinkedIn,Cloud Storage,Q4 2025,2025-12-16,Lost,3,2026-02-06,30500,
PROS-03928,REP-0102,Vantage Systems,1-50,Referral,Cloud Compute,Q2 2026,2026-06-29,Open,3,,5200,
PROS-03929,REP-0046,Sterling Group,201-1000,Website Inquiry,Data Analytics,Q1 2026,2026-03-29,Lost,3,2026-04-16,43000,
PROS-03930,REP-0090,Summit Labs,201-1000,Cold Outreach,Cloud Compute,Q4 2025,2025-12-15,Lost,4,2026-02-07,24000,
PROS-03931,REP-0106,Catalyst Partners,201-1000,Paid Marketing,Cloud Storage,Q4 2025,2025-10-02,Dead,1,,11500,
PROS-03932,REP-0021,Drift Systems,51-200,Website Inquiry,Cloud Compute,Q1 2026,2026-02-16,Dead,0,,12100,
PROS-03933,REP-0003,Quantum Works,1-50,Website Inquiry,Cloud Storage,Q1 2026,2026-02-28,Lost,4,2026-03-25,3800,
PROS-03934,REP-0022,Northgate Labs,201-1000,LinkedIn,Cloud Storage,Q1 2026,2026-01-18,Dead,2,,16500,
PROS-03935,REP-0108,Atlas Partners,1-50,Paid Marketing,Cloud Compute,Q1 2026,2026-02-12,Lost,2,2026-02-21,12800,
PROS-03936,REP-0056,Catalyst Systems,51-200,Cold Outreach,Cloud Compute,Q2 2026,2026-06-15,Won,2,2026-06-30,12200,11700
PROS-03937,REP-0007,Catalyst Networks,201-1000,Inbound Call,Cloud Compute,Q4 2025,2025-12-16,Lost,5,2026-02-03,39300,
PROS-03938,REP-0032,Ironclad Solutions,1000-5000,Paid Marketing,Cloud Compute,Q2 2026,2026-04-14,Lost,5,2026-05-18,47700,
PROS-03939,REP-0029,Nova Labs,51-200,Referral,Data Analytics,Q4 2025,2025-12-30,Lost,3,2026-02-06,20900,
PROS-03940,REP-0051,Helix Holdings,1000-5000,Website Inquiry,Cloud Storage,Q1 2026,2026-02-09,Dead,0,,10600,
PROS-03941,REP-0079,Catalyst Digital,1-50,Inbound Call,Cloud Compute,Q2 2026,2026-04-05,Lost,5,2026-04-21,12400,
PROS-03942,REP-0024,Catalyst Networks,1-50,Paid Marketing,Data Analytics,Q2 2026,2026-05-13,Lost,4,2026-06-04,7000,
PROS-03943,REP-0081,Horizon Partners,51-200,Website Inquiry,Security Suite,Q1 2026,2026-03-25,Dead,1,,55700,
PROS-03944,REP-0074,Sterling Networks,201-1000,Cold Outreach,Data Analytics,Q1 2026,2026-02-25,Lost,2,2026-03-23,21100,
PROS-03945,REP-0031,Quantum Dynamics,201-1000,Website Inquiry,Cloud Storage,Q2 2026,2026-05-08,Dead,0,,9100,
PROS-03946,REP-0005,Vantage Networks,51-200,Website Inquiry,AI Platform,Q2 2026,2026-05-27,Open,1,,47300,
PROS-03947,REP-0044,Apex Networks,1-50,Cold Outreach,Cloud Storage,Q1 2026,2026-01-31,Lost,4,2026-02-19,6600,
PROS-03948,REP-0016,Ember Networks,5000+,LinkedIn,Data Analytics,Q2 2026,2026-04-10,Lost,2,2026-05-12,80300,
PROS-03949,REP-0076,Horizon Works,1-50,Paid Marketing,Data Analytics,Q1 2026,2026-02-26,Dead,0,,11200,
PROS-03950,REP-0081,Ridgeline Digital,1-50,Paid Marketing,Security Suite,Q2 2026,2026-05-04,Lost,2,2026-05-11,19900,
PROS-03951,REP-0094,Fusion Group,51-200,Website Inquiry,Cloud Compute,Q4 2025,2025-12-23,Dead,0,,30900,
PROS-03952,REP-0029,Ridgeline Networks,1000-5000,Cold Outreach,Cloud Storage,Q1 2026,2026-02-09,Lost,3,2026-03-05,12300,
PROS-03953,REP-0055,Redshift Technologies,1000-5000,Paid Marketing,Data Analytics,Q1 2026,2026-03-20,Lost,2,2026-06-04,72600,
PROS-03954,REP-0066,Solace Holdings,201-1000,Conference,Data Analytics,Q1 2026,2026-01-19,Dead,1,,52900,
PROS-03955,REP-0086,Ironclad Holdings,51-200,Paid Marketing,Cloud Compute,Q2 2026,2026-05-03,Lost,5,2026-05-23,17200,
PROS-03956,REP-0043,Granite Group,201-1000,Paid Marketing,AI Platform,Q2 2026,2026-06-03,Lost,5,2026-06-30,102800,
PROS-03957,REP-0043,Ridgeline Systems,201-1000,Conference,Cloud Storage,Q1 2026,2026-03-11,Dead,0,,18100,
PROS-03958,REP-0047,Anchor Systems,201-1000,Cold Outreach,Cloud Storage,Q1 2026,2026-01-03,Dead,0,,8600,
PROS-03959,REP-0054,Meridian Partners,201-1000,Website Inquiry,Data Analytics,Q4 2025,2025-11-06,Lost,2,2025-12-17,30700,
PROS-03960,REP-0110,Atlas Systems,51-200,Cold Outreach,Cloud Compute,Q1 2026,2026-02-08,Lost,2,2026-03-06,11600,
PROS-03961,REP-0063,Quantum Networks,51-200,Cold Outreach,Cloud Storage,Q2 2026,2026-04-29,Lost,5,2026-05-11,10500,
PROS-03962,REP-0054,Quantum Solutions,51-200,Conference,Data Analytics,Q4 2025,2025-11-17,Won,3,2025-12-15,37400,40600
PROS-03963,REP-0109,Orbit Industries,1-50,Cold Outreach,Cloud Storage,Q1 2026,2026-01-26,Lost,3,2026-02-17,7100,
PROS-03964,REP-0081,Anchor Industries,1-50,Cold Outreach,Security Suite,Q1 2026,2026-03-19,Dead,0,,19500,
PROS-03965,REP-0074,Cobalt Labs,1000-5000,Paid Marketing,Cloud Storage,Q4 2025,2025-11-16,Lost,4,2025-12-03,18200,
PROS-03966,REP-0081,Vantage Holdings,201-1000,Cold Outreach,AI Platform,Q1 2026,2026-03-15,Dead,0,,124600,
PROS-03967,REP-0106,Nimbus Networks,51-200,Inbound Call,Cloud Compute,Q2 2026,2026-04-21,Lost,5,2026-05-15,10700,
PROS-03968,REP-0097,Ridgeline Solutions,201-1000,Paid Marketing,Cloud Storage,Q2 2026,2026-04-15,Lost,5,2026-05-03,10300,
PROS-03969,REP-0064,Pulse Dynamics,1000-5000,Paid Marketing,AI Platform,Q1 2026,2026-03-17,Lost,4,2026-04-10,83200,
PROS-03970,REP-0065,Horizon Holdings,201-1000,Referral,Cloud Compute,Q1 2026,2026-03-14,Won,3,2026-04-01,28500,31600
PROS-03971,REP-0079,Fusion Labs,1-50,LinkedIn,AI Platform,Q2 2026,2026-04-06,Dead,0,,44700,
PROS-03972,REP-0056,Vertex Networks,51-200,Cold Outreach,Data Analytics,Q2 2026,2026-05-05,Won,4,2026-05-24,37100,40800
PROS-03973,REP-0044,Meridian Works,1-50,Referral,Data Analytics,Q4 2025,2025-11-03,Dead,0,,10600,
PROS-03974,REP-0108,Anchor Labs,51-200,Paid Marketing,Cloud Storage,Q4 2025,2025-10-17,Lost,3,2025-11-01,13200,
PROS-03975,REP-0030,Solace Holdings,5000+,Inbound Call,Security Suite,Q2 2026,2026-04-28,Won,7,2026-06-28,158100,160900
PROS-03976,REP-0097,Granite Group,201-1000,Cold Outreach,Cloud Compute,Q1 2026,2026-03-01,Lost,4,2026-04-14,23900,
PROS-03977,REP-0040,Lattice Group,1000-5000,Cold Outreach,Security Suite,Q4 2025,2025-10-30,Won,5,2025-11-26,61300,63200
PROS-03978,REP-0098,Anchor Systems,1000-5000,LinkedIn,Security Suite,Q2 2026,2026-05-08,Dead,1,,145000,
PROS-03979,REP-0101,Beacon Works,51-200,Paid Marketing,Cloud Storage,Q4 2025,2025-11-13,Dead,0,,14400,
PROS-03980,REP-0011,Granite Works,1-50,Conference,AI Platform,Q2 2026,2026-05-10,Won,3,2026-05-26,44600,40200
PROS-03981,REP-0055,Vertex Technologies,5000+,Conference,Cloud Storage,Q4 2025,2025-11-20,Dead,1,,38500,
PROS-03982,REP-0086,Northgate Works,201-1000,Paid Marketing,Cloud Compute,Q1 2026,2026-01-28,Lost,2,2026-03-17,42900,
PROS-03983,REP-0044,Wavefront Digital,1-50,Conference,Data Analytics,Q2 2026,2026-06-01,Dead,2,,10900,
PROS-03984,REP-0110,Summit Digital,1000-5000,Website Inquiry,Data Analytics,Q4 2025,2025-11-03,Dead,0,,43600,
PROS-03985,REP-0007,Nimbus Dynamics,201-1000,Paid Marketing,Cloud Storage,Q4 2025,2025-11-04,Lost,4,2025-12-04,18200,
PROS-03986,REP-0040,Helix Group,51-200,Cold Outreach,Cloud Storage,Q2 2026,2026-04-02,Dead,0,,9700,
PROS-03987,REP-0064,Wavefront Dynamics,1000-5000,Conference,Cloud Compute,Q2 2026,2026-05-01,Won,4,2026-05-29,58700,59700
PROS-03988,REP-0062,Ridgeline Industries,1-50,Paid Marketing,AI Platform,Q2 2026,2026-06-23,Open,0,,14700,
PROS-03989,REP-0096,Anchor Works,51-200,LinkedIn,Cloud Compute,Q1 2026,2026-03-20,Lost,2,2026-03-27,24300,
PROS-03990,REP-0042,Horizon Labs,51-200,LinkedIn,Cloud Storage,Q2 2026,2026-06-27,Open,0,,10000,
PROS-03991,REP-0045,Ridgeline Systems,201-1000,Cold Outreach,Cloud Compute,Q1 2026,2026-02-09,Dead,0,,25700,
PROS-03992,REP-0073,Cobalt Group,201-1000,LinkedIn,Data Analytics,Q1 2026,2026-03-22,Lost,5,2026-04-13,47000,
PROS-03993,REP-0059,Ember Technologies,51-200,Website Inquiry,Security Suite,Q1 2026,2026-02-03,Lost,2,2026-02-11,26900,
PROS-03994,REP-0110,Ironclad Industries,1000-5000,Referral,Data Analytics,Q4 2025,2025-12-27,Dead,0,,68500,
PROS-03995,REP-0005,Ember Group,51-200,Inbound Call,Security Suite,Q2 2026,2026-05-29,Open,2,,37300,
PROS-03996,REP-0005,Granite Dynamics,1-50,Website Inquiry,Cloud Storage,Q4 2025,2025-11-25,Lost,2,2025-12-17,4700,
PROS-03997,REP-0083,Beacon Solutions,201-1000,Paid Marketing,AI Platform,Q2 2026,2026-06-29,Open,1,,110100,
PROS-03998,REP-0040,Atlas Solutions,201-1000,Conference,Cloud Compute,Q4 2025,2025-11-15,Lost,5,2025-12-07,19600,
PROS-03999,REP-0004,Horizon Dynamics,1-50,LinkedIn,AI Platform,Q2 2026,2026-06-24,Open,3,,39400,
PROS-04000,REP-0093,Ridgeline Industries,1-50,Cold Outreach,Cloud Storage,Q2 2026,2026-05-03,Dead,0,,6000,
PROS-04001,REP-0036,Anchor Networks,1000-5000,Paid Marketing,Cloud Storage,Q2 2026,2026-04-08,Lost,4,2026-05-19,32000,
PROS-04002,REP-0001,Lattice Solutions,51-200,Referral,Security Suite,Q1 2026,2026-01-25,Dead,0,,68100,
PROS-04003,REP-0107,Zenith Dynamics,1000-5000,Website Inquiry,Cloud Compute,Q4 2025,2025-10-10,Won,6,2025-11-08,38600,35800
PROS-04004,REP-0022,Helix Networks,1000-5000,LinkedIn,AI Platform,Q1 2026,2026-01-31,Lost,4,2026-03-21,173500,
PROS-04005,REP-0080,Granite Partners,201-1000,Inbound Call,Cloud Storage,Q1 2026,2026-02-02,Lost,4,2026-03-14,15000,
PROS-04006,REP-0109,Pulse Partners,1-50,Cold Outreach,Security Suite,Q1 2026,2026-02-24,Lost,5,2026-03-08,35300,
PROS-04007,REP-0041,Redshift Partners,201-1000,Paid Marketing,Cloud Compute,Q4 2025,2025-12-06,Dead,0,,30500,
PROS-04008,REP-0024,Cobalt Solutions,51-200,LinkedIn,Cloud Storage,Q4 2025,2025-10-11,Lost,4,2025-11-02,6200,
PROS-04009,REP-0012,Zenith Labs,1-50,Website Inquiry,Cloud Compute,Q4 2025,2025-12-07,Won,2,2025-12-21,12600,14700
PROS-04010,REP-0107,Nimbus Partners,1000-5000,Paid Marketing,Cloud Compute,Q2 2026,2026-04-19,Lost,5,2026-05-30,31600,
PROS-04011,REP-0109,Meridian Dynamics,1-50,LinkedIn,Cloud Storage,Q4 2025,2025-10-07,Lost,3,2025-10-17,3800,
PROS-04012,REP-0096,Granite Digital,51-200,Cold Outreach,Cloud Storage,Q1 2026,2026-01-13,Lost,5,2026-01-23,10400,
PROS-04013,REP-0065,Wavefront Partners,51-200,Website Inquiry,Data Analytics,Q2 2026,2026-06-06,Open,3,,31300,
PROS-04014,REP-0060,Solace Dynamics,5000+,Paid Marketing,Cloud Compute,Q1 2026,2026-03-28,Dead,1,,56700,
PROS-04015,REP-0005,Wavefront Networks,1-50,Paid Marketing,AI Platform,Q2 2026,2026-06-02,Open,0,,16400,
PROS-04016,REP-0099,Lattice Technologies,201-1000,Website Inquiry,Data Analytics,Q1 2026,2026-01-12,Dead,1,,63000,
PROS-04017,REP-0024,Orbit Technologies,51-200,Cold Outreach,Cloud Compute,Q4 2025,2025-10-22,Dead,1,,12100,
PROS-04018,REP-0070,Sterling Systems,1000-5000,Conference,Cloud Compute,Q1 2026,2026-03-09,Won,6,2026-03-30,67100,68300
PROS-04019,REP-0005,Ironclad Technologies,1-50,Referral,Cloud Compute,Q1 2026,2026-01-22,Dead,0,,13700,
PROS-04020,REP-0040,Northgate Solutions,201-1000,Paid Marketing,AI Platform,Q2 2026,2026-05-03,Dead,0,,64800,
PROS-04021,REP-0066,Summit Group,1000-5000,Referral,Cloud Compute,Q2 2026,2026-06-06,Won,6,2026-06-29,46900,43400
PROS-04022,REP-0077,Fusion Dynamics,51-200,Referral,Security Suite,Q1 2026,2026-03-09,Dead,0,,63600,
PROS-04023,REP-0003,Zenith Dynamics,51-200,Inbound Call,Cloud Compute,Q1 2026,2026-03-02,Dead,0,,21200,
PROS-04024,REP-0027,Ember Holdings,1000-5000,Inbound Call,AI Platform,Q4 2025,2025-12-29,Lost,2,2026-03-28,86500,
PROS-04025,REP-0044,Sterling Industries,1-50,Website Inquiry,AI Platform,Q4 2025,2025-10-22,Lost,5,2025-10-30,20500,
PROS-04026,REP-0081,Orbit Digital,1-50,LinkedIn,Cloud Compute,Q1 2026,2026-02-15,Lost,5,2026-03-04,9800,
PROS-04027,REP-0103,Summit Holdings,51-200,Cold Outreach,Cloud Storage,Q1 2026,2026-02-20,Lost,5,2026-03-16,10400,
PROS-04028,REP-0063,Ember Works,201-1000,Paid Marketing,Security Suite,Q4 2025,2025-10-24,Dead,1,,42500,
PROS-04029,REP-0019,Solace Labs,201-1000,Paid Marketing,Security Suite,Q1 2026,2026-02-04,Lost,2,2026-03-05,90300,
PROS-04030,REP-0009,Cobalt Technologies,201-1000,Conference,Cloud Storage,Q2 2026,2026-04-07,Lost,3,2026-06-15,14500,
PROS-04031,REP-0034,Zenith Group,201-1000,Website Inquiry,Cloud Storage,Q2 2026,2026-05-26,Lost,3,2026-06-29,14800,
PROS-04032,REP-0027,Ironclad Holdings,1000-5000,Paid Marketing,Cloud Storage,Q4 2025,2025-12-11,Lost,3,2026-03-06,19800,
PROS-04033,REP-0021,Helix Systems,51-200,LinkedIn,Data Analytics,Q1 2026,2026-03-06,Won,2,2026-03-19,21300,20700
PROS-04034,REP-0039,Horizon Holdings,5000+,Paid Marketing,Security Suite,Q4 2025,2025-12-18,Lost,3,2026-01-17,104700,
PROS-04035,REP-0081,Atlas Holdings,51-200,Paid Marketing,Data Analytics,Q1 2026,2026-03-24,Dead,0,,24600,
PROS-04036,REP-0044,Nimbus Holdings,1-50,Cold Outreach,Cloud Compute,Q2 2026,2026-06-30,Open,1,,10900,
PROS-04037,REP-0108,Wavefront Works,51-200,Inbound Call,Data Analytics,Q2 2026,2026-05-06,Won,2,2026-05-31,39200,38500
PROS-04038,REP-0075,Orbit Labs,1000-5000,Website Inquiry,Security Suite,Q4 2025,2025-11-09,Dead,1,,113000,
PROS-04039,REP-0066,Helix Dynamics,51-200,Paid Marketing,AI Platform,Q2 2026,2026-06-26,Lost,5,2026-06-28,47600,
PROS-04040,REP-0064,Sterling Solutions,51-200,Referral,Cloud Storage,Q1 2026,2026-02-21,Lost,4,2026-03-30,6900,
PROS-04041,REP-0081,Meridian Digital,51-200,Cold Outreach,Cloud Compute,Q4 2025,2025-10-20,Lost,4,2025-10-30,14000,
PROS-04042,REP-0009,Cobalt Dynamics,5000+,Cold Outreach,AI Platform,Q2 2026,2026-05-26,Lost,5,2026-06-29,177800,
PROS-04043,REP-0101,Northgate Dynamics,201-1000,Referral,Cloud Compute,Q4 2025,2025-12-02,Won,6,2025-12-31,43100,43500
PROS-04044,REP-0010,Zenith Works,201-1000,Paid Marketing,Cloud Storage,Q4 2025,2025-12-16,Lost,3,2026-01-09,11400,
PROS-04045,REP-0066,Redshift Technologies,51-200,Paid Marketing,Cloud Compute,Q1 2026,2026-03-27,Lost,4,2026-05-08,15500,
PROS-04046,REP-0076,Helix Technologies,1-50,Paid Marketing,Data Analytics,Q2 2026,2026-05-14,Lost,2,2026-06-08,12400,
PROS-04047,REP-0073,Beacon Works,201-1000,Website Inquiry,Cloud Storage,Q1 2026,2026-03-10,Lost,2,2026-04-18,16000,
PROS-04048,REP-0007,Vertex Systems,1000-5000,LinkedIn,Security Suite,Q4 2025,2025-11-16,Dead,0,,117700,
PROS-04049,REP-0079,Horizon Industries,51-200,Website Inquiry,AI Platform,Q2 2026,2026-06-12,Open,1,,46900,
PROS-04050,REP-0077,Redshift Systems,51-200,Paid Marketing,Cloud Storage,Q1 2026,2026-01-16,Lost,5,2026-01-30,8400,
PROS-04051,REP-0051,Quantum Group,5000+,Paid Marketing,Data Analytics,Q1 2026,2026-01-26,Lost,5,2026-03-22,110200,
PROS-04052,REP-0096,Cobalt Systems,1-50,Conference,Cloud Storage,Q4 2025,2025-10-15,Won,3,2025-11-08,4700,5500
PROS-04053,REP-0088,Cobalt Technologies,1-50,LinkedIn,Cloud Storage,Q2 2026,2026-04-09,Dead,1,,7700,
PROS-04054,REP-0043,Granite Networks,201-1000,Referral,Data Analytics,Q4 2025,2025-12-07,Dead,1,,26500,
PROS-04055,REP-0068,Northgate Partners,51-200,Cold Outreach,Cloud Compute,Q1 2026,2026-02-12,Lost,3,2026-04-02,30200,
PROS-04056,REP-0042,Sterling Systems,201-1000,Referral,AI Platform,Q2 2026,2026-05-29,Won,3,2026-06-05,91400,100900
PROS-04057,REP-0089,Helix Systems,1-50,Inbound Call,Cloud Compute,Q1 2026,2026-03-06,Lost,5,2026-03-14,12100,
PROS-04058,REP-0089,Sterling Digital,51-200,Paid Marketing,AI Platform,Q4 2025,2025-12-26,Lost,3,2026-01-18,44900,
PROS-04059,REP-0038,Northgate Labs,201-1000,Conference,Cloud Compute,Q2 2026,2026-04-04,Lost,2,2026-05-21,15100,
PROS-04060,REP-0021,Vertex Group,51-200,Inbound Call,AI Platform,Q2 2026,2026-06-22,Open,1,,49500,
PROS-04061,REP-0077,Pulse Solutions,1-50,Website Inquiry,Cloud Compute,Q2 2026,2026-06-14,Open,1,,16900,
PROS-04062,REP-0036,Cobalt Systems,201-1000,Website Inquiry,Security Suite,Q1 2026,2026-02-13,Won,3,2026-03-30,55500,56000
PROS-04063,REP-0088,Sterling Group,51-200,Referral,Cloud Storage,Q2 2026,2026-06-30,Open,2,,11000,
PROS-04064,REP-0003,Apex Works,1-50,Paid Marketing,Cloud Compute,Q1 2026,2026-03-31,Lost,2,2026-04-17,8800,
PROS-04065,REP-0009,Vertex Labs,1000-5000,Paid Marketing,AI Platform,Q1 2026,2026-01-18,Lost,5,2026-02-23,153100,
PROS-04066,REP-0024,Northgate Partners,1-50,Referral,Cloud Storage,Q1 2026,2026-03-06,Dead,1,,3700,
PROS-04067,REP-0049,Redshift Solutions,201-1000,Website Inquiry,Cloud Storage,Q2 2026,2026-05-07,Dead,0,,8400,
PROS-04068,REP-0085,Apex Technologies,1000-5000,Website Inquiry,Cloud Storage,Q4 2025,2025-11-19,Lost,4,2026-02-17,23800,
PROS-04069,REP-0094,Orbit Labs,201-1000,LinkedIn,Security Suite,Q4 2025,2025-12-25,Won,3,2026-01-16,88800,97400
PROS-04070,REP-0076,Nova Solutions,51-200,Website Inquiry,AI Platform,Q1 2026,2026-01-26,Lost,3,2026-02-08,73500,
PROS-04071,REP-0071,Drift Networks,1000-5000,Paid Marketing,Security Suite,Q1 2026,2026-03-06,Lost,5,2026-03-26,51200,
PROS-04072,REP-0007,Meridian Solutions,51-200,Paid Marketing,Data Analytics,Q2 2026,2026-06-15,Open,0,,25200,
PROS-04073,REP-0068,Beacon Labs,51-200,Cold Outreach,Security Suite,Q2 2026,2026-04-27,Lost,2,2026-05-14,53400,
PROS-04074,REP-0040,Vertex Partners,51-200,LinkedIn,AI Platform,Q2 2026,2026-05-20,Lost,2,2026-06-06,68100,
PROS-04075,REP-0087,Drift Labs,201-1000,Paid Marketing,Data Analytics,Q1 2026,2026-03-29,Dead,0,,43400,
PROS-04076,REP-0088,Nova Holdings,1-50,Paid Marketing,AI Platform,Q2 2026,2026-04-05,Lost,5,2026-04-30,19900,
PROS-04077,REP-0096,Quantum Technologies,51-200,Paid Marketing,Cloud Storage,Q1 2026,2026-01-24,Dead,1,,12400,
PROS-04078,REP-0028,Horizon Dynamics,1-50,Cold Outreach,AI Platform,Q2 2026,2026-04-02,Lost,4,2026-04-11,20700,
PROS-04079,REP-0089,Fusion Holdings,51-200,Inbound Call,Data Analytics,Q1 2026,2026-03-28,Won,3,2026-04-07,29400,33800
PROS-04080,REP-0068,Summit Holdings,201-1000,Website Inquiry,AI Platform,Q2 2026,2026-04-03,Lost,4,2026-04-18,66600,
PROS-04081,REP-0015,Vantage Partners,201-1000,Conference,Security Suite,Q4 2025,2025-11-24,Won,2,2025-12-19,50100,53100
PROS-04082,REP-0103,Anchor Technologies,1-50,Cold Outreach,Cloud Compute,Q4 2025,2025-12-12,Lost,3,2025-12-23,5800,
PROS-04083,REP-0044,Northgate Dynamics,51-200,Inbound Call,Cloud Compute,Q4 2025,2025-11-17,Lost,2,2025-12-11,19500,
PROS-04084,REP-0079,Ironclad Industries,1-50,Inbound Call,Security Suite,Q2 2026,2026-05-31,Open,3,,15400,
PROS-04085,REP-0074,Horizon Systems,51-200,Cold Outreach,Cloud Compute,Q1 2026,2026-01-19,Dead,0,,12600,
PROS-04086,REP-0097,Zenith Solutions,1000-5000,Paid Marketing,Cloud Compute,Q1 2026,2026-03-12,Dead,0,,76400,
PROS-04087,REP-0098,Redshift Networks,51-200,Website Inquiry,Cloud Compute,Q4 2025,2025-12-05,Dead,0,,16300,
PROS-04088,REP-0043,Granite Partners,51-200,Conference,AI Platform,Q4 2025,2025-12-10,Dead,0,,88600,
PROS-04089,REP-0046,Lattice Works,201-1000,Paid Marketing,Security Suite,Q2 2026,2026-04-02,Lost,3,2026-04-24,54500,
PROS-04090,REP-0003,Fusion Group,51-200,LinkedIn,Cloud Storage,Q4 2025,2025-11-21,Lost,2,2025-12-12,8700,
PROS-04091,REP-0063,Horizon Systems,1-50,Referral,Cloud Compute,Q2 2026,2026-06-05,Open,1,,10300,
PROS-04092,REP-0056,Lattice Labs,201-1000,Inbound Call,Cloud Storage,Q2 2026,2026-05-30,Lost,5,2026-06-17,10000,
PROS-04093,REP-0064,Meridian Systems,201-1000,Website Inquiry,Security Suite,Q1 2026,2026-03-24,Lost,2,2026-04-13,45300,
PROS-04094,REP-0052,Vantage Dynamics,1000-5000,Cold Outreach,Cloud Storage,Q2 2026,2026-06-24,Open,0,,26800,
PROS-04095,REP-0090,Helix Industries,1000-5000,Inbound Call,Security Suite,Q2 2026,2026-04-09,Lost,3,2026-06-14,116600,
PROS-04096,REP-0049,Pulse Partners,51-200,Cold Outreach,Cloud Storage,Q1 2026,2026-03-02,Lost,5,2026-04-17,6900,
PROS-04097,REP-0060,Cobalt Dynamics,1000-5000,Paid Marketing,Data Analytics,Q1 2026,2026-02-08,Lost,2,2026-03-28,91100,
PROS-04098,REP-0044,Nova Digital,1-50,Paid Marketing,Data Analytics,Q1 2026,2026-01-12,Lost,3,2026-01-26,19500,
PROS-04099,REP-0045,Nimbus Solutions,1000-5000,Paid Marketing,Cloud Compute,Q1 2026,2026-03-24,Lost,4,2026-05-29,45400,
PROS-04100,REP-0052,Fusion Labs,1000-5000,Paid Marketing,Security Suite,Q2 2026,2026-05-16,Lost,3,2026-06-27,84700,
PROS-04101,REP-0004,Nova Group,1-50,Inbound Call,AI Platform,Q1 2026,2026-02-16,Won,4,2026-03-07,42200,50400
PROS-04102,REP-0094,Wavefront Digital,51-200,Paid Marketing,Cloud Compute,Q4 2025,2025-10-29,Dead,0,,34300,
PROS-04103,REP-0063,Vantage Networks,1-50,Inbound Call,AI Platform,Q2 2026,2026-04-30,Dead,0,,32800,
PROS-04104,REP-0091,Vantage Industries,51-200,Paid Marketing,Cloud Storage,Q4 2025,2025-11-30,Lost,5,2025-12-27,7500,
PROS-04105,REP-0109,Solace Works,1-50,Paid Marketing,Cloud Compute,Q1 2026,2026-01-29,Lost,2,2026-02-05,14100,
PROS-04106,REP-0070,Sterling Holdings,201-1000,Paid Marketing,Cloud Storage,Q4 2025,2025-11-15,Dead,0,,14200,
PROS-04107,REP-0015,Solace Systems,1-50,Referral,Data Analytics,Q4 2025,2025-10-22,Won,2,2025-11-03,18200,17700
PROS-04108,REP-0042,Nova Holdings,1-50,Paid Marketing,Cloud Storage,Q2 2026,2026-06-21,Open,1,,8900,
PROS-04109,REP-0039,Lattice Systems,5000+,Referral,AI Platform,Q1 2026,2026-02-04,Won,5,2026-04-18,330600,339200
PROS-04110,REP-0007,Redshift Technologies,51-200,Cold Outreach,Cloud Compute,Q2 2026,2026-06-02,Open,0,,13900,
PROS-04111,REP-0102,Catalyst Industries,51-200,Paid Marketing,AI Platform,Q2 2026,2026-06-21,Lost,2,2026-06-30,75000,
PROS-04112,REP-0030,Northgate Industries,201-1000,Paid Marketing,Cloud Storage,Q4 2025,2025-12-25,Lost,4,2026-03-16,14600,
PROS-04113,REP-0047,Northgate Partners,201-1000,Website Inquiry,Cloud Storage,Q4 2025,2025-11-23,Lost,4,2025-12-24,13700,
PROS-04114,REP-0066,Ridgeline Partners,201-1000,LinkedIn,Cloud Storage,Q2 2026,2026-04-17,Lost,5,2026-05-30,10100,
PROS-04115,REP-0096,Catalyst Works,201-1000,Paid Marketing,Cloud Compute,Q4 2025,2025-10-14,Dead,0,,17500,
PROS-04116,REP-0088,Ember Group,1-50,Cold Outreach,Cloud Compute,Q1 2026,2026-02-05,Dead,1,,19100,
PROS-04117,REP-0040,Helix Labs,1000-5000,Paid Marketing,Cloud Storage,Q2 2026,2026-06-11,Open,1,,35400,
PROS-04118,REP-0074,Catalyst Industries,1000-5000,Referral,Cloud Compute,Q4 2025,2025-11-25,Lost,5,2026-01-12,47000,
PROS-04119,REP-0004,Vantage Networks,51-200,Cold Outreach,Cloud Compute,Q1 2026,2026-03-31,Dead,0,,21300,
PROS-04120,REP-0087,Horizon Systems,201-1000,Paid Marketing,Cloud Compute,Q4 2025,2025-12-11,Dead,1,,25400,
PROS-04121,REP-0104,Nova Dynamics,1000-5000,Website Inquiry,Cloud Compute,Q2 2026,2026-05-29,Lost,4,2026-06-27,57900,
PROS-04122,REP-0053,Cobalt Digital,201-1000,Paid Marketing,AI Platform,Q2 2026,2026-06-12,Open,1,,116700,
PROS-04123,REP-0085,Pulse Labs,1000-5000,Paid Marketing,Data Analytics,Q2 2026,2026-04-13,Won,8,2026-06-07,41400,41800
PROS-04124,REP-0032,Cobalt Labs,1000-5000,Cold Outreach,Cloud Storage,Q4 2025,2025-12-17,Dead,0,,24900,
PROS-04125,REP-0034,Sterling Networks,51-200,LinkedIn,Cloud Storage,Q1 2026,2026-03-09,Dead,0,,11600,
PROS-04126,REP-0108,Northgate Works,51-200,Website Inquiry,Cloud Storage,Q2 2026,2026-05-23,Won,4,2026-06-16,17800,17300
PROS-04127,REP-0069,Drift Technologies,51-200,Inbound Call,Cloud Storage,Q4 2025,2025-11-17,Lost,2,2025-12-25,6600,
PROS-04128,REP-0078,Beacon Technologies,201-1000,Website Inquiry,Cloud Storage,Q2 2026,2026-04-29,Dead,0,,13600,
PROS-04129,REP-0046,Meridian Solutions,201-1000,Paid Marketing,AI Platform,Q2 2026,2026-04-14,Lost,4,2026-06-03,61000,
PROS-04130,REP-0004,Vertex Solutions,1-50,Cold Outreach,Cloud Storage,Q4 2025,2025-10-20,Lost,3,2025-11-08,7700,
PROS-04131,REP-0054,Fusion Digital,201-1000,Cold Outreach,Data Analytics,Q4 2025,2025-12-31,Won,5,2026-02-09,67500,79600
PROS-04132,REP-0065,Zenith Dynamics,201-1000,Paid Marketing,Cloud Compute,Q1 2026,2026-01-26,Won,3,2026-02-26,31900,31200
PROS-04133,REP-0053,Horizon Works,1-50,Cold Outreach,Cloud Compute,Q1 2026,2026-03-28,Dead,0,,6400,
PROS-04134,REP-0046,Catalyst Networks,1000-5000,LinkedIn,AI Platform,Q2 2026,2026-06-12,Open,0,,123000,
PROS-04135,REP-0058,Ridgeline Solutions,1000-5000,Inbound Call,Cloud Compute,Q2 2026,2026-06-06,Open,3,,62600,
PROS-04136,REP-0102,Catalyst Labs,1-50,Website Inquiry,Cloud Compute,Q4 2025,2025-12-29,Lost,4,2026-01-17,8900,
PROS-04137,REP-0049,Nimbus Holdings,201-1000,Cold Outreach,Cloud Storage,Q2 2026,2026-05-03,Lost,2,2026-06-04,9700,
PROS-04138,REP-0041,Zenith Solutions,1000-5000,Paid Marketing,AI Platform,Q2 2026,2026-06-06,Open,1,,175900,
PROS-04139,REP-0068,Pulse Systems,201-1000,Website Inquiry,Cloud Compute,Q2 2026,2026-04-26,Dead,0,,33300,
PROS-04140,REP-0015,Vertex Partners,1-50,Paid Marketing,Cloud Compute,Q4 2025,2025-11-24,Dead,2,,16500,
PROS-04141,REP-0100,Fusion Technologies,201-1000,Referral,AI Platform,Q2 2026,2026-04-29,Lost,5,2026-05-23,130000,
PROS-04142,REP-0106,Ironclad Labs,1000-5000,Conference,Cloud Compute,Q2 2026,2026-04-16,Lost,3,2026-05-05,37100,
PROS-04143,REP-0025,Northgate Labs,201-1000,Cold Outreach,Security Suite,Q2 2026,2026-06-08,Open,1,,83500,
PROS-04144,REP-0027,Nova Systems,1000-5000,Paid Marketing,Cloud Compute,Q2 2026,2026-05-28,Open,1,,47200,
PROS-04145,REP-0098,Cobalt Systems,51-200,Referral,Cloud Storage,Q1 2026,2026-02-12,Won,4,2026-03-21,13100,11500
PROS-04146,REP-0046,Nova Works,201-1000,Website Inquiry,Security Suite,Q1 2026,2026-01-22,Dead,1,,50600,
PROS-04147,REP-0059,Wavefront Group,51-200,Cold Outreach,AI Platform,Q2 2026,2026-05-18,Lost,3,2026-06-07,48200,
PROS-04148,REP-0026,Ember Systems,1000-5000,Cold Outreach,Cloud Compute,Q2 2026,2026-06-06,Open,2,,28700,
PROS-04149,REP-0062,Solace Works,51-200,LinkedIn,Data Analytics,Q1 2026,2026-03-18,Won,2,2026-04-07,30000,29400
PROS-04150,REP-0108,Wavefront Works,51-200,Inbound Call,Cloud Compute,Q4 2025,2025-10-21,Won,3,2025-10-30,34100,35700
PROS-04151,REP-0087,Apex Solutions,201-1000,Website Inquiry,Security Suite,Q2 2026,2026-05-06,Lost,2,2026-05-27,58100,
PROS-04152,REP-0047,Catalyst Labs,1000-5000,LinkedIn,AI Platform,Q4 2025,2025-11-28,Lost,5,2026-01-15,144400,
PROS-04153,REP-0028,Helix Solutions,1-50,Paid Marketing,Cloud Storage,Q1 2026,2026-02-03,Lost,2,2026-02-19,4300,
PROS-04154,REP-0076,Ridgeline Works,1-50,Inbound Call,Data Analytics,Q1 2026,2026-02-25,Lost,3,2026-03-17,18700,
PROS-04155,REP-0043,Meridian Works,1000-5000,LinkedIn,Cloud Compute,Q4 2025,2025-11-04,Dead,0,,59400,
PROS-04156,REP-0077,Granite Partners,51-200,Inbound Call,Security Suite,Q1 2026,2026-03-03,Won,2,2026-03-10,74400,74900
PROS-04157,REP-0105,Vertex Solutions,1000-5000,LinkedIn,Cloud Storage,Q1 2026,2026-03-27,Lost,4,2026-05-13,28100,
PROS-04158,REP-0019,Pulse Networks,51-200,Paid Marketing,AI Platform,Q2 2026,2026-06-18,Open,3,,56600,
PROS-04159,REP-0100,Sterling Digital,201-1000,Inbound Call,Security Suite,Q4 2025,2025-10-18,Dead,0,,43400,
PROS-04160,REP-0083,Catalyst Labs,51-200,Inbound Call,Cloud Storage,Q4 2025,2025-12-29,Lost,2,2026-02-11,9300,
PROS-04161,REP-0043,Meridian Networks,201-1000,Inbound Call,Cloud Compute,Q2 2026,2026-06-04,Lost,5,2026-06-25,22100,
PROS-04162,REP-0068,Vertex Technologies,201-1000,Paid Marketing,Data Analytics,Q2 2026,2026-06-07,Open,2,,35200,
PROS-04163,REP-0067,Orbit Digital,201-1000,Paid Marketing,Cloud Compute,Q4 2025,2025-10-29,Lost,2,2026-01-14,26100,
PROS-04164,REP-0015,Nova Industries,51-200,Paid Marketing,Cloud Compute,Q2 2026,2026-06-29,Open,0,,14600,
PROS-04165,REP-0045,Lattice Solutions,1000-5000,Conference,AI Platform,Q2 2026,2026-04-07,Won,4,2026-05-26,166900,157400
PROS-04166,REP-0071,Ridgeline Dynamics,1000-5000,Cold Outreach,Security Suite,Q4 2025,2025-11-25,Dead,0,,63400,
PROS-04167,REP-0057,Apex Systems,1000-5000,Paid Marketing,Cloud Compute,Q2 2026,2026-04-25,Lost,4,2026-06-01,24600,
PROS-04168,REP-0065,Beacon Technologies,201-1000,Cold Outreach,Cloud Compute,Q4 2025,2025-10-13,Lost,5,2025-11-28,27900,
PROS-04169,REP-0077,Vertex Technologies,201-1000,Paid Marketing,Cloud Compute,Q4 2025,2025-10-06,Dead,0,,31100,
PROS-04170,REP-0088,Orbit Digital,1-50,Cold Outreach,Cloud Compute,Q2 2026,2026-04-01,Lost,3,2026-04-21,9500,
PROS-04171,REP-0028,Helix Technologies,1-50,Referral,AI Platform,Q1 2026,2026-03-28,Lost,3,2026-04-09,17900,
PROS-04172,REP-0100,Cobalt Networks,201-1000,Paid Marketing,Cloud Compute,Q4 2025,2025-12-26,Dead,0,,28600,
PROS-04173,REP-0091,Solace Networks,201-1000,Paid Marketing,Security Suite,Q4 2025,2025-12-03,Dead,0,,64100,
PROS-04174,REP-0079,Apex Partners,1-50,LinkedIn,AI Platform,Q2 2026,2026-05-26,Lost,4,2026-06-16,26000,
PROS-04175,REP-0087,Nova Digital,201-1000,Paid Marketing,Cloud Compute,Q2 2026,2026-04-20,Lost,4,2026-05-12,38000,
PROS-04176,REP-0043,Ember Group,201-1000,Paid Marketing,Cloud Storage,Q2 2026,2026-04-24,Dead,2,,18300,
PROS-04177,REP-0076,Quantum Group,51-200,Inbound Call,AI Platform,Q1 2026,2026-03-28,Won,4,2026-04-05,95900,114000
PROS-04178,REP-0107,Catalyst Systems,201-1000,Conference,Security Suite,Q2 2026,2026-06-24,Open,0,,52300,
PROS-04179,REP-0102,Apex Partners,201-1000,Conference,Cloud Compute,Q1 2026,2026-01-11,Dead,0,,30600,
PROS-04180,REP-0060,Vertex Networks,1000-5000,LinkedIn,Cloud Compute,Q2 2026,2026-06-22,Open,0,,32000,
PROS-04181,REP-0110,Drift Systems,201-1000,Paid Marketing,Security Suite,Q1 2026,2026-03-21,Lost,2,2026-04-12,45100,
PROS-04182,REP-0063,Anchor Networks,51-200,Website Inquiry,Data Analytics,Q2 2026,2026-06-27,Open,0,,21800,
PROS-04183,REP-0091,Summit Works,201-1000,LinkedIn,Security Suite,Q4 2025,2025-11-26,Lost,3,2026-01-08,61200,
PROS-04184,REP-0044,Beacon Digital,51-200,Paid Marketing,Cloud Compute,Q4 2025,2025-12-19,Lost,3,2026-01-08,20700,
PROS-04185,REP-0005,Pulse Labs,1-50,Conference,Cloud Storage,Q2 2026,2026-06-09,Lost,2,2026-06-21,6300,
PROS-04186,REP-0067,Nova Dynamics,1000-5000,Paid Marketing,AI Platform,Q2 2026,2026-06-06,Open,2,,146300,
PROS-04187,REP-0010,Orbit Solutions,51-200,Paid Marketing,Cloud Storage,Q1 2026,2026-03-24,Lost,5,2026-05-02,12000,
PROS-04188,REP-0033,Ember Labs,5000+,Cold Outreach,Cloud Compute,Q4 2025,2025-11-09,Lost,4,2026-01-29,66400,
PROS-04189,REP-0027,Pulse Digital,5000+,LinkedIn,Cloud Storage,Q4 2025,2025-12-03,Lost,5,2026-02-24,20000,
PROS-04190,REP-0038,Northgate Solutions,201-1000,Website Inquiry,Cloud Storage,Q2 2026,2026-04-22,Dead,0,,16700,
PROS-04191,REP-0009,Zenith Systems,5000+,LinkedIn,Cloud Compute,Q4 2025,2025-10-11,Lost,4,2025-12-13,93100,
PROS-04192,REP-0050,Catalyst Solutions,1000-5000,LinkedIn,Security Suite,Q2 2026,2026-06-05,Open,1,,93700,
PROS-04193,REP-0109,Atlas Technologies,51-200,Inbound Call,Cloud Compute,Q4 2025,2025-11-22,Won,3,2025-12-05,25000,29200
PROS-04194,REP-0013,Vertex Digital,5000+,Referral,Cloud Storage,Q4 2025,2025-12-10,Won,4,2026-01-11,16900,14900
PROS-04195,REP-0029,Solace Networks,1000-5000,Paid Marketing,Cloud Compute,Q4 2025,2025-10-08,Lost,3,2025-11-09,43500,
PROS-04196,REP-0081,Solace Group,1-50,Website Inquiry,Cloud Storage,Q1 2026,2026-01-13,Dead,0,,3500,
PROS-04197,REP-0070,Vertex Partners,1000-5000,LinkedIn,Data Analytics,Q4 2025,2025-12-05,Lost,2,2026-01-13,78300,
PROS-04198,REP-0109,Apex Solutions,201-1000,Cold Outreach,Cloud Storage,Q4 2025,2025-12-06,Lost,5,2025-12-15,20400,
PROS-04199,REP-0081,Vantage Systems,1-50,Referral,Data Analytics,Q4 2025,2025-12-01,Won,4,2025-12-23,16900,16600
PROS-04200,REP-0044,Ridgeline Systems,51-200,Cold Outreach,Cloud Compute,Q2 2026,2026-04-24,Lost,5,2026-05-07,21700,
PROS-04201,REP-0097,Wavefront Group,1000-5000,Cold Outreach,AI Platform,Q4 2025,2025-12-23,Dead,1,,227900,
PROS-04202,REP-0080,Anchor Partners,201-1000,Paid Marketing,Data Analytics,Q4 2025,2025-10-13,Dead,1,,56000,
PROS-04203,REP-0052,Northgate Labs,5000+,Website Inquiry,Cloud Storage,Q4 2025,2025-12-20,Lost,2,2026-03-17,42000,
PROS-04204,REP-0092,Granite Solutions,201-1000,Inbound Call,Cloud Storage,Q2 2026,2026-06-10,Open,0,,20500,
PROS-04205,REP-0095,Fusion Technologies,51-200,Cold Outreach,Cloud Storage,Q4 2025,2025-10-03,Won,4,2025-10-13,13000,15200
PROS-04206,REP-0013,Atlas Dynamics,1000-5000,Conference,Data Analytics,Q1 2026,2026-02-27,Dead,1,,51100,
PROS-04207,REP-0003,Helix Solutions,1-50,Cold Outreach,Cloud Compute,Q1 2026,2026-01-17,Lost,2,2026-02-07,13600,
PROS-04208,REP-0059,Ironclad Networks,51-200,Paid Marketing,Cloud Compute,Q2 2026,2026-06-13,Open,1,,21400,
PROS-04209,REP-0005,Quantum Holdings,1-50,Website Inquiry,Cloud Storage,Q4 2025,2025-10-05,Dead,1,,3200,
PROS-04210,REP-0035,Atlas Labs,1000-5000,LinkedIn,Cloud Storage,Q1 2026,2026-02-07,Lost,4,2026-04-15,38100,
PROS-04211,REP-0027,Horizon Systems,1000-5000,Cold Outreach,Cloud Compute,Q1 2026,2026-02-03,Lost,5,2026-03-08,64300,
PROS-04212,REP-0003,Sterling Holdings,51-200,Website Inquiry,AI Platform,Q1 2026,2026-01-18,Lost,2,2026-01-29,51800,
PROS-04213,REP-0094,Sterling Networks,51-200,Cold Outreach,Cloud Storage,Q4 2025,2025-12-02,Lost,3,2025-12-17,8700,
PROS-04214,REP-0017,Ironclad Solutions,201-1000,Conference,Cloud Compute,Q2 2026,2026-06-04,Open,1,,18000,
PROS-04215,REP-0092,Granite Labs,5000+,Paid Marketing,AI Platform,Q2 2026,2026-05-28,Open,0,,215600,
PROS-04216,REP-0042,Solace Labs,201-1000,Inbound Call,Cloud Compute,Q1 2026,2026-03-30,Lost,2,2026-04-19,21300,
PROS-04217,REP-0046,Horizon Networks,1000-5000,Paid Marketing,Cloud Storage,Q1 2026,2026-02-27,Lost,2,2026-03-30,21100,
PROS-04218,REP-0082,Ironclad Digital,51-200,Paid Marketing,Data Analytics,Q1 2026,2026-03-13,Lost,3,2026-04-25,35200,
PROS-04219,REP-0028,Zenith Solutions,51-200,Inbound Call,AI Platform,Q1 2026,2026-01-30,Won,4,2026-02-18,75500,89600
PROS-04220,REP-0022,Ember Labs,1000-5000,Paid Marketing,Cloud Compute,Q1 2026,2026-03-17,Lost,2,2026-04-05,50000,
PROS-04221,REP-0086,Orbit Technologies,1000-5000,Inbound Call,Data Analytics,Q2 2026,2026-04-23,Won,6,2026-05-26,40500,41900
PROS-04222,REP-0018,Cobalt Group,1000-5000,Inbound Call,AI Platform,Q2 2026,2026-05-09,Dead,0,,126000,
PROS-04223,REP-0023,Apex Dynamics,1000-5000,Paid Marketing,AI Platform,Q1 2026,2026-03-15,Lost,4,2026-06-08,190300,
PROS-04224,REP-0042,Zenith Holdings,1-50,Cold Outreach,Cloud Storage,Q2 2026,2026-04-07,Lost,5,2026-05-01,5200,
PROS-04225,REP-0056,Northgate Works,51-200,Conference,AI Platform,Q2 2026,2026-05-27,Open,1,,110900,
PROS-04226,REP-0089,Lattice Partners,1-50,Inbound Call,Data Analytics,Q2 2026,2026-05-31,Open,3,,9100,
PROS-04227,REP-0066,Fusion Digital,201-1000,Paid Marketing,Cloud Storage,Q4 2025,2025-12-23,Dead,0,,12800,
PROS-04228,REP-0015,Granite Dynamics,1-50,Paid Marketing,Security Suite,Q1 2026,2026-03-19,Dead,1,,36300,
PROS-04229,REP-0088,Ridgeline Technologies,51-200,Cold Outreach,Security Suite,Q4 2025,2025-10-03,Dead,1,,31800,
PROS-04230,REP-0017,Nova Works,201-1000,Inbound Call,Cloud Compute,Q1 2026,2026-03-20,Lost,2,2026-05-06,13600,
PROS-04231,REP-0019,Granite Digital,51-200,LinkedIn,Data Analytics,Q1 2026,2026-02-12,Won,4,2026-03-12,18700,18400
PROS-04232,REP-0095,Nova Digital,51-200,Cold Outreach,Security Suite,Q4 2025,2025-10-10,Lost,3,2025-11-03,69400,
PROS-04233,REP-0005,Catalyst Group,1-50,Conference,AI Platform,Q2 2026,2026-06-17,Open,0,,41800,
PROS-04234,REP-0082,Vertex Solutions,1000-5000,Website Inquiry,Cloud Compute,Q2 2026,2026-05-14,Dead,0,,62300,
PROS-04235,REP-0070,Horizon Systems,201-1000,Paid Marketing,AI Platform,Q1 2026,2026-01-31,Won,3,2026-03-20,58600,53600
PROS-04236,REP-0099,Northgate Labs,201-1000,Paid Marketing,Cloud Compute,Q2 2026,2026-05-30,Open,2,,41000,
PROS-04237,REP-0108,Helix Works,201-1000,Conference,Data Analytics,Q4 2025,2025-12-12,Won,3,2025-12-24,37100,31800
PROS-04238,REP-0044,Atlas Systems,1-50,Referral,Cloud Compute,Q4 2025,2025-12-20,Lost,4,2026-01-04,11800,
PROS-04239,REP-0108,Atlas Partners,1-50,Website Inquiry,AI Platform,Q2 2026,2026-05-07,Dead,1,,47900,
PROS-04240,REP-0067,Ridgeline Digital,201-1000,LinkedIn,AI Platform,Q2 2026,2026-06-25,Open,2,,82200,
PROS-04241,REP-0006,Apex Dynamics,5000+,Cold Outreach,Security Suite,Q2 2026,2026-04-28,Dead,0,,85300,
PROS-04242,REP-0063,Zenith Holdings,51-200,Cold Outreach,Cloud Storage,Q1 2026,2026-03-20,Dead,0,,5800,
PROS-04243,REP-0015,Redshift Labs,1-50,Website Inquiry,Security Suite,Q2 2026,2026-06-30,Open,1,,32500,
PROS-04244,REP-0061,Ironclad Networks,5000+,Conference,Cloud Compute,Q2 2026,2026-06-01,Lost,2,2026-06-28,83900,
PROS-04245,REP-0069,Pulse Technologies,51-200,Website Inquiry,Cloud Compute,Q4 2025,2025-12-13,Dead,0,,11800,
PROS-04246,REP-0045,Helix Labs,201-1000,LinkedIn,Data Analytics,Q2 2026,2026-05-04,Dead,0,,21200,
PROS-04247,REP-0005,Nimbus Digital,1-50,Inbound Call,Security Suite,Q2 2026,2026-06-27,Won,4,2026-06-27,21000,23000
PROS-04248,REP-0054,Nimbus Systems,201-1000,Referral,Cloud Storage,Q1 2026,2026-03-06,Won,6,2026-04-23,17700,16700
PROS-04249,REP-0021,Catalyst Networks,51-200,Paid Marketing,AI Platform,Q4 2025,2025-11-26,Dead,1,,81100,
PROS-04250,REP-0005,Northgate Works,51-200,Website Inquiry,Security Suite,Q2 2026,2026-06-13,Open,1,,29500,
PROS-04251,REP-0039,Quantum Networks,1000-5000,LinkedIn,Data Analytics,Q2 2026,2026-06-30,Open,1,,80500,
PROS-04252,REP-0079,Ember Holdings,1-50,Cold Outreach,Security Suite,Q2 2026,2026-06-14,Open,1,,28300,
PROS-04253,REP-0081,Ironclad Systems,1-50,Paid Marketing,Cloud Compute,Q4 2025,2025-12-09,Dead,1,,7100,
PROS-04254,REP-0006,Nimbus Works,5000+,Conference,Cloud Compute,Q2 2026,2026-05-27,Lost,5,2026-06-30,96100,
PROS-04255,REP-0023,Quantum Group,1000-5000,Cold Outreach,AI Platform,Q4 2025,2025-12-06,Lost,5,2026-02-09,65100,
PROS-04256,REP-0056,Orbit Works,1-50,Paid Marketing,Data Analytics,Q4 2025,2025-12-10,Lost,5,2025-12-20,8700,
PROS-04257,REP-0101,Solace Networks,201-1000,Inbound Call,Data Analytics,Q1 2026,2026-02-12,Lost,5,2026-03-25,46000,
PROS-04258,REP-0109,Cobalt Labs,51-200,Conference,Cloud Storage,Q1 2026,2026-03-22,Won,4,2026-04-12,6500,5900
PROS-04259,REP-0102,Horizon Group,1-50,Paid Marketing,Cloud Compute,Q1 2026,2026-01-23,Lost,4,2026-02-16,8000,
PROS-04260,REP-0014,Vertex Group,201-1000,LinkedIn,Cloud Compute,Q2 2026,2026-04-04,Lost,3,2026-05-22,21500,
PROS-04261,REP-0052,Zenith Networks,5000+,Cold Outreach,Security Suite,Q2 2026,2026-04-22,Dead,0,,213200,
PROS-04262,REP-0088,Cobalt Group,1-50,LinkedIn,AI Platform,Q1 2026,2026-03-28,Lost,4,2026-04-12,64800,
PROS-04263,REP-0065,Ridgeline Group,201-1000,Cold Outreach,Data Analytics,Q1 2026,2026-02-27,Dead,0,,36600,
PROS-04264,REP-0026,Solace Industries,201-1000,Website Inquiry,Security Suite,Q2 2026,2026-06-30,Dead,0,,94700,
PROS-04265,REP-0056,Apex Group,1-50,Referral,Cloud Storage,Q1 2026,2026-02-11,Lost,4,2026-03-07,5100,
PROS-04266,REP-0056,Redshift Partners,51-200,Paid Marketing,Cloud Compute,Q4 2025,2025-12-05,Lost,3,2025-12-27,12600,
PROS-04267,REP-0050,Northgate Networks,1000-5000,Conference,Cloud Compute,Q4 2025,2025-10-18,Dead,0,,37400,
PROS-04268,REP-0018,Zenith Holdings,1000-5000,Website Inquiry,Security Suite,Q2 2026,2026-06-28,Open,1,,116900,
PROS-04269,REP-0077,Helix Networks,1-50,Paid Marketing,Cloud Compute,Q1 2026,2026-02-14,Lost,3,2026-03-09,17900,
PROS-04270,REP-0103,Orbit Industries,1-50,LinkedIn,Data Analytics,Q2 2026,2026-06-03,Open,0,,7000,
PROS-04271,REP-0050,Sterling Holdings,1000-5000,Website Inquiry,AI Platform,Q2 2026,2026-04-19,Won,4,2026-05-27,117000,132900
PROS-04272,REP-0007,Northgate Holdings,201-1000,Cold Outreach,Data Analytics,Q1 2026,2026-02-25,Lost,5,2026-03-20,26500,
PROS-04273,REP-0104,Cobalt Digital,5000+,Conference,Cloud Compute,Q1 2026,2026-03-29,Dead,0,,96300,
PROS-04274,REP-0098,Catalyst Group,201-1000,Paid Marketing,Data Analytics,Q1 2026,2026-03-20,Lost,3,2026-04-18,38900,
PROS-04275,REP-0004,Catalyst Networks,1-50,Paid Marketing,AI Platform,Q2 2026,2026-06-13,Open,0,,63300,
PROS-04276,REP-0081,Ironclad Technologies,201-1000,LinkedIn,Cloud Compute,Q2 2026,2026-04-15,Lost,5,2026-05-07,23100,
PROS-04277,REP-0109,Apex Works,201-1000,Paid Marketing,Security Suite,Q2 2026,2026-05-12,Lost,2,2026-05-21,70300,
PROS-04278,REP-0062,Solace Holdings,1-50,Website Inquiry,Cloud Compute,Q2 2026,2026-04-04,Lost,2,2026-04-25,10900,
PROS-04279,REP-0032,Cobalt Works,1000-5000,Website Inquiry,Security Suite,Q2 2026,2026-06-09,Open,0,,71300,
PROS-04280,REP-0108,Granite Solutions,1-50,Cold Outreach,Cloud Storage,Q2 2026,2026-06-26,Open,1,,4900,
PROS-04281,REP-0026,Quantum Dynamics,201-1000,LinkedIn,AI Platform,Q2 2026,2026-06-28,Open,0,,66300,
PROS-04282,REP-0024,Meridian Group,51-200,LinkedIn,Cloud Compute,Q4 2025,2025-11-20,Lost,4,2025-12-08,21900,
PROS-04283,REP-0023,Anchor Solutions,1000-5000,Inbound Call,Cloud Compute,Q1 2026,2026-01-02,Lost,2,2026-02-13,51600,
PROS-04284,REP-0076,Sterling Dynamics,1-50,LinkedIn,Data Analytics,Q1 2026,2026-02-23,Dead,1,,18600,
PROS-04285,REP-0071,Catalyst Holdings,1000-5000,LinkedIn,Cloud Storage,Q1 2026,2026-01-15,Dead,0,,28500,
PROS-04286,REP-0088,Lattice Digital,1-50,LinkedIn,AI Platform,Q2 2026,2026-04-06,Lost,2,2026-04-17,61800,
PROS-04287,REP-0084,Lattice Industries,1000-5000,LinkedIn,Cloud Compute,Q2 2026,2026-05-01,Dead,0,,33700,
PROS-04288,REP-0083,Horizon Dynamics,51-200,Paid Marketing,Cloud Storage,Q4 2025,2025-12-30,Dead,0,,11200,
PROS-04289,REP-0097,Ember Works,201-1000,Inbound Call,Security Suite,Q1 2026,2026-02-15,Won,3,2026-03-27,72000,77400
PROS-04290,REP-0049,Ironclad Dynamics,51-200,Cold Outreach,Data Analytics,Q2 2026,2026-05-27,Dead,0,,21000,
PROS-04291,REP-0056,Quantum Dynamics,1-50,Paid Marketing,AI Platform,Q4 2025,2025-10-02,Lost,5,2025-10-15,33800,
PROS-04292,REP-0095,Granite Networks,1-50,LinkedIn,Cloud Compute,Q1 2026,2026-02-22,Lost,5,2026-03-13,12100,
PROS-04293,REP-0090,Horizon Holdings,5000+,Referral,Cloud Compute,Q4 2025,2025-12-15,Won,5,2026-02-17,76900,66600
PROS-04294,REP-0015,Lattice Systems,51-200,Paid Marketing,AI Platform,Q2 2026,2026-05-17,Dead,0,,66100,
PROS-04295,REP-0041,Fusion Industries,201-1000,Conference,Cloud Compute,Q1 2026,2026-01-19,Dead,0,,17000,
PROS-04296,REP-0021,Horizon Industries,1-50,Website Inquiry,Cloud Compute,Q2 2026,2026-04-02,Lost,4,2026-04-12,12000,
PROS-04297,REP-0044,Meridian Partners,51-200,Website Inquiry,Security Suite,Q2 2026,2026-05-23,Dead,2,,37800,
PROS-04298,REP-0044,Granite Systems,1-50,Cold Outreach,AI Platform,Q2 2026,2026-06-05,Open,1,,38100,
PROS-04299,REP-0070,Atlas Labs,201-1000,Cold Outreach,Cloud Storage,Q2 2026,2026-05-10,Dead,0,,11800,
PROS-04300,REP-0007,Pulse Partners,201-1000,Cold Outreach,AI Platform,Q1 2026,2026-01-08,Dead,0,,129100,
PROS-04301,REP-0065,Ironclad Partners,51-200,Conference,Security Suite,Q4 2025,2025-10-05,Lost,4,2025-10-26,43200,
PROS-04302,REP-0102,Wavefront Dynamics,1-50,LinkedIn,Cloud Compute,Q1 2026,2026-01-16,Lost,2,2026-01-28,11500,
PROS-04303,REP-0025,Quantum Systems,201-1000,LinkedIn,Cloud Storage,Q4 2025,2025-10-30,Lost,4,2025-11-26,13600,
PROS-04304,REP-0065,Apex Technologies,51-200,Website Inquiry,Cloud Storage,Q2 2026,2026-06-07,Open,2,,10500,
PROS-04305,REP-0038,Northgate Technologies,201-1000,Paid Marketing,Cloud Compute,Q4 2025,2025-10-30,Dead,2,,19000,
PROS-04306,REP-0011,Vantage Holdings,1-50,Inbound Call,Data Analytics,Q2 2026,2026-04-12,Lost,4,2026-04-24,10200,
PROS-04307,REP-0033,Fusion Systems,5000+,Inbound Call,Cloud Storage,Q4 2025,2025-11-29,Lost,2,2026-02-25,26500,
PROS-04308,REP-0062,Redshift Networks,1-50,Inbound Call,Cloud Storage,Q2 2026,2026-06-27,Open,1,,7500,
PROS-04309,REP-0060,Horizon Networks,1000-5000,Paid Marketing,Cloud Storage,Q4 2025,2025-12-20,Lost,3,2026-01-23,19500,
PROS-04310,REP-0011,Vantage Industries,1-50,Cold Outreach,Security Suite,Q1 2026,2026-02-26,Lost,2,2026-03-19,29800,
PROS-04311,REP-0099,Lattice Works,201-1000,LinkedIn,AI Platform,Q1 2026,2026-03-05,Dead,0,,117600,
PROS-04312,REP-0103,Apex Technologies,1-50,Website Inquiry,Cloud Compute,Q2 2026,2026-06-16,Open,1,,7800,
PROS-04313,REP-0063,Cobalt Systems,51-200,Paid Marketing,Cloud Compute,Q4 2025,2025-10-30,Dead,1,,16900,
PROS-04314,REP-0057,Nova Networks,1000-5000,Paid Marketing,Data Analytics,Q2 2026,2026-06-06,Lost,5,2026-06-30,65900,
PROS-04315,REP-0083,Ironclad Labs,201-1000,Paid Marketing,AI Platform,Q1 2026,2026-01-19,Lost,5,2026-03-06,112200,
PROS-04316,REP-0077,Quantum Solutions,201-1000,Conference,Cloud Compute,Q1 2026,2026-03-22,Won,3,2026-04-06,28200,27500
PROS-04317,REP-0083,Catalyst Technologies,51-200,Cold Outreach,Cloud Storage,Q4 2025,2025-11-07,Lost,3,2025-11-28,12100,
PROS-04318,REP-0039,Horizon Group,5000+,Paid Marketing,Security Suite,Q1 2026,2026-01-15,Dead,0,,182000,
PROS-04319,REP-0012,Fusion Industries,51-200,Paid Marketing,Cloud Storage,Q1 2026,2026-03-02,Lost,3,2026-03-27,6800,
PROS-04320,REP-0022,Horizon Systems,51-200,Website Inquiry,Cloud Compute,Q2 2026,2026-04-05,Lost,4,2026-05-19,18800,
PROS-04321,REP-0047,Summit Digital,201-1000,Paid Marketing,Cloud Storage,Q4 2025,2025-11-09,Lost,5,2025-12-13,20600,
PROS-04322,REP-0063,Redshift Group,1-50,Paid Marketing,Security Suite,Q4 2025,2025-10-02,Dead,2,,23800,
PROS-04323,REP-0081,Quantum Technologies,201-1000,Inbound Call,Data Analytics,Q1 2026,2026-02-26,Lost,3,2026-03-14,25500,
PROS-04324,REP-0074,Apex Works,201-1000,Cold Outreach,Security Suite,Q1 2026,2026-02-07,Lost,5,2026-03-24,27500,
PROS-04325,REP-0056,Fusion Technologies,1-50,Paid Marketing,Cloud Storage,Q4 2025,2025-10-26,Dead,0,,5600,
PROS-04326,REP-0078,Beacon Works,201-1000,Paid Marketing,AI Platform,Q2 2026,2026-06-24,Open,1,,109900,
PROS-04327,REP-0065,Granite Systems,201-1000,LinkedIn,Security Suite,Q4 2025,2025-11-16,Lost,5,2026-01-02,87100,
PROS-04328,REP-0064,Horizon Solutions,201-1000,LinkedIn,Cloud Compute,Q1 2026,2026-01-10,Lost,5,2026-01-26,15200,
PROS-04329,REP-0069,Cobalt Dynamics,201-1000,Paid Marketing,Cloud Compute,Q1 2026,2026-01-12,Dead,0,,44000,
PROS-04330,REP-0038,Granite Networks,201-1000,Conference,Data Analytics,Q1 2026,2026-03-26,Lost,2,2026-05-01,30800,
PROS-04331,REP-0065,Zenith Partners,201-1000,Cold Outreach,AI Platform,Q4 2025,2025-12-13,Dead,0,,127800,
PROS-04332,REP-0012,Catalyst Networks,1-50,Inbound Call,Security Suite,Q1 2026,2026-03-14,Won,2,2026-04-01,34600,31000
PROS-04333,REP-0059,Drift Dynamics,201-1000,LinkedIn,Data Analytics,Q1 2026,2026-02-11,Dead,0,,52800,
PROS-04334,REP-0004,Ember Works,1-50,Cold Outreach,Security Suite,Q4 2025,2025-10-28,Dead,0,,45600,
PROS-04335,REP-0037,Vantage Group,51-200,Referral,Cloud Compute,Q2 2026,2026-05-30,Open,2,,14800,
PROS-04336,REP-0037,Wavefront Partners,201-1000,Referral,Security Suite,Q4 2025,2025-12-13,Dead,0,,73100,
PROS-04337,REP-0066,Northgate Technologies,1000-5000,LinkedIn,Cloud Storage,Q4 2025,2025-12-01,Won,5,2026-01-06,27400,32600
PROS-04338,REP-0085,Ridgeline Digital,1000-5000,Paid Marketing,AI Platform,Q2 2026,2026-04-21,Lost,4,2026-06-05,204100,
PROS-04339,REP-0004,Pulse Digital,1-50,Paid Marketing,AI Platform,Q2 2026,2026-06-02,Dead,0,,55500,
PROS-04340,REP-0048,Nimbus Dynamics,1000-5000,Inbound Call,Data Analytics,Q2 2026,2026-06-11,Open,2,,34900,
PROS-04341,REP-0077,Ironclad Partners,1-50,Cold Outreach,Data Analytics,Q4 2025,2025-11-28,Lost,3,2025-12-06,13100,
PROS-04342,REP-0103,Nimbus Works,51-200,Paid Marketing,Cloud Compute,Q4 2025,2025-10-22,Lost,5,2025-11-07,24700,
PROS-04343,REP-0100,Orbit Technologies,201-1000,Paid Marketing,AI Platform,Q2 2026,2026-06-12,Open,0,,119500,
PROS-04344,REP-0004,Drift Networks,51-200,Paid Marketing,Data Analytics,Q2 2026,2026-05-04,Won,4,2026-05-21,38400,45200
PROS-04345,REP-0095,Quantum Labs,51-200,Conference,Cloud Storage,Q4 2025,2025-10-15,Won,2,2025-11-09,12700,12600
PROS-04346,REP-0015,Quantum Technologies,51-200,Cold Outreach,Security Suite,Q2 2026,2026-06-06,Open,2,,56500,
PROS-04347,REP-0043,Wavefront Holdings,1000-5000,Paid Marketing,AI Platform,Q1 2026,2026-03-08,Dead,0,,80200,
PROS-04348,REP-0102,Granite Works,1-50,Website Inquiry,Cloud Compute,Q1 2026,2026-02-14,Won,3,2026-03-05,7100,7500
PROS-04349,REP-0064,Wavefront Partners,201-1000,Cold Outreach,Data Analytics,Q2 2026,2026-06-23,Open,0,,46600,
PROS-04350,REP-0024,Drift Solutions,1-50,Website Inquiry,AI Platform,Q1 2026,2026-03-29,Lost,2,2026-04-16,52200,
PROS-04351,REP-0037,Granite Works,201-1000,Cold Outreach,Security Suite,Q2 2026,2026-06-13,Open,3,,70600,
PROS-04352,REP-0059,Pulse Partners,1-50,LinkedIn,Security Suite,Q2 2026,2026-04-30,Lost,3,2026-05-09,17100,
PROS-04353,REP-0101,Quantum Digital,51-200,Website Inquiry,Cloud Storage,Q1 2026,2026-02-04,Dead,0,,15400,
PROS-04354,REP-0089,Summit Networks,1-50,Website Inquiry,Data Analytics,Q2 2026,2026-05-23,Dead,0,,19700,
PROS-04355,REP-0096,Lattice Systems,1-50,Cold Outreach,Data Analytics,Q2 2026,2026-06-20,Open,0,,11700,
PROS-04356,REP-0056,Wavefront Group,1-50,LinkedIn,Cloud Compute,Q2 2026,2026-04-27,Won,4,2026-05-15,10800,11300
PROS-04357,REP-0005,Helix Solutions,1-50,Inbound Call,Security Suite,Q2 2026,2026-06-28,Lost,3,2026-06-29,15600,
PROS-04358,REP-0101,Drift Technologies,201-1000,Inbound Call,Data Analytics,Q4 2025,2025-11-18,Lost,3,2025-12-07,55100,
PROS-04359,REP-0085,Meridian Works,1000-5000,Paid Marketing,Cloud Storage,Q4 2025,2025-12-05,Dead,1,,17500,
PROS-04360,REP-0106,Ember Holdings,51-200,Inbound Call,Security Suite,Q4 2025,2025-10-28,Dead,0,,50900,
PROS-04361,REP-0109,Ember Digital,1-50,Paid Marketing,Security Suite,Q1 2026,2026-01-14,Lost,3,2026-01-28,20600,
PROS-04362,REP-0095,Zenith Dynamics,1-50,Cold Outreach,Data Analytics,Q4 2025,2025-11-19,Lost,2,2025-12-06,19000,
PROS-04363,REP-0025,Lattice Group,51-200,Paid Marketing,Data Analytics,Q2 2026,2026-04-16,Dead,0,,26100,
PROS-04364,REP-0068,Redshift Dynamics,201-1000,Paid Marketing,Security Suite,Q1 2026,2026-01-15,Lost,4,2026-02-01,42700,
PROS-04365,REP-0096,Cobalt Dynamics,51-200,Referral,AI Platform,Q2 2026,2026-06-30,Dead,0,,64400,
PROS-04366,REP-0088,Catalyst Solutions,51-200,Cold Outreach,Data Analytics,Q1 2026,2026-01-19,Lost,5,2026-02-07,16000,
PROS-04367,REP-0108,Orbit Works,51-200,Cold Outreach,AI Platform,Q2 2026,2026-04-04,Dead,0,,53000,
PROS-04368,REP-0008,Orbit Systems,201-1000,Conference,Cloud Storage,Q1 2026,2026-01-14,Dead,0,,12200,
PROS-04369,REP-0089,Helix Partners,201-1000,Inbound Call,AI Platform,Q1 2026,2026-02-26,Dead,1,,71000,
PROS-04370,REP-0085,Pulse Works,1000-5000,LinkedIn,Cloud Compute,Q4 2025,2025-10-13,Lost,4,2025-12-21,27900,
PROS-04371,REP-0109,Sterling Networks,51-200,LinkedIn,AI Platform,Q1 2026,2026-01-16,Lost,2,2026-01-28,79700,
PROS-04372,REP-0072,Wavefront Dynamics,201-1000,Inbound Call,Cloud Storage,Q2 2026,2026-06-08,Open,0,,9600,
PROS-04373,REP-0087,Apex Dynamics,201-1000,Cold Outreach,Cloud Storage,Q2 2026,2026-06-19,Open,1,,11900,
PROS-04374,REP-0087,Ironclad Works,201-1000,Inbound Call,Data Analytics,Q2 2026,2026-04-22,Dead,0,,23800,
PROS-04375,REP-0062,Ember Technologies,1-50,Paid Marketing,Cloud Storage,Q4 2025,2025-11-20,Dead,0,,3400,
PROS-04376,REP-0028,Wavefront Systems,1-50,Cold Outreach,AI Platform,Q2 2026,2026-05-19,Dead,0,,63500,
PROS-04377,REP-0056,Redshift Works,1-50,Cold Outreach,Cloud Compute,Q1 2026,2026-01-10,Dead,0,,8100,
PROS-04378,REP-0026,Pulse Industries,1000-5000,Cold Outreach,Security Suite,Q2 2026,2026-06-30,Dead,0,,151300,
PROS-04379,REP-0109,Zenith Holdings,1-50,Referral,Cloud Storage,Q4 2025,2025-12-27,Dead,0,,4800,
PROS-04380,REP-0022,Granite Technologies,201-1000,LinkedIn,Cloud Compute,Q2 2026,2026-05-12,Lost,3,2026-05-31,36100,
PROS-04381,REP-0049,Nova Technologies,201-1000,Paid Marketing,Cloud Compute,Q2 2026,2026-06-14,Open,1,,30800,
PROS-04382,REP-0030,Vantage Industries,5000+,Paid Marketing,AI Platform,Q1 2026,2026-02-21,Lost,2,2026-05-17,260200,
PROS-04383,REP-0069,Ember Dynamics,201-1000,Paid Marketing,Cloud Compute,Q2 2026,2026-04-22,Lost,5,2026-06-07,22500,
PROS-04384,REP-0053,Meridian Solutions,1-50,Paid Marketing,Security Suite,Q2 2026,2026-04-05,Lost,2,2026-04-23,13100,
PROS-04385,REP-0081,Pulse Solutions,51-200,Paid Marketing,Cloud Storage,Q2 2026,2026-06-30,Open,1,,11500,
PROS-04386,REP-0066,Apex Works,1000-5000,Cold Outreach,Cloud Storage,Q2 2026,2026-06-28,Open,0,,25600,
PROS-04387,REP-0069,Anchor Digital,201-1000,Paid Marketing,Cloud Compute,Q4 2025,2025-12-25,Lost,4,2026-01-10,18900,
PROS-04388,REP-0005,Summit Group,51-200,Cold Outreach,Data Analytics,Q4 2025,2025-11-03,Dead,0,,20300,
PROS-04389,REP-0062,Meridian Networks,1-50,Paid Marketing,Cloud Storage,Q2 2026,2026-05-21,Lost,2,2026-05-31,5600,
PROS-04390,REP-0042,Quantum Digital,1-50,Paid Marketing,Cloud Compute,Q1 2026,2026-02-02,Lost,3,2026-02-16,10700,
PROS-04391,REP-0090,Anchor Dynamics,1000-5000,Conference,AI Platform,Q2 2026,2026-05-20,Lost,2,2026-06-27,193000,
PROS-04392,REP-0064,Lattice Works,51-200,Paid Marketing,AI Platform,Q2 2026,2026-05-05,Dead,0,,78700,
PROS-04393,REP-0012,Apex Partners,1-50,Referral,Cloud Compute,Q2 2026,2026-04-29,Dead,0,,8700,
PROS-04394,REP-0082,Vantage Group,201-1000,Cold Outreach,Cloud Compute,Q2 2026,2026-06-08,Open,0,,26200,
PROS-04395,REP-0009,Sterling Partners,1000-5000,Website Inquiry,Cloud Compute,Q2 2026,2026-05-03,Lost,5,2026-06-27,55300,
PROS-04396,REP-0106,Vertex Labs,1000-5000,LinkedIn,Data Analytics,Q1 2026,2026-02-04,Lost,4,2026-03-08,33900,
PROS-04397,REP-0003,Anchor Works,51-200,Conference,Data Analytics,Q2 2026,2026-06-07,Open,1,,33600,
PROS-04398,REP-0095,Anchor Works,1-50,Website Inquiry,Cloud Compute,Q4 2025,2025-10-09,Won,3,2025-10-24,19300,22600
PROS-04399,REP-0005,Helix Works,201-1000,Inbound Call,Cloud Storage,Q4 2025,2025-11-24,Won,2,2025-12-15,7700,7900
PROS-04400,REP-0102,Vertex Group,1-50,Website Inquiry,Security Suite,Q2 2026,2026-04-14,Lost,5,2026-05-01,17500,
PROS-04401,REP-0019,Beacon Labs,1000-5000,Conference,AI Platform,Q2 2026,2026-04-05,Lost,2,2026-05-05,172800,
PROS-04402,REP-0093,Vantage Labs,1-50,Conference,Cloud Compute,Q2 2026,2026-06-24,Dead,0,,11600,
PROS-04403,REP-0033,Northgate Networks,1000-5000,Cold Outreach,Cloud Compute,Q1 2026,2026-01-12,Lost,2,2026-03-21,61400,
PROS-04404,REP-0098,Fusion Systems,201-1000,Conference,Cloud Storage,Q4 2025,2025-10-25,Dead,1,,12900,
PROS-04405,REP-0057,Helix Industries,1000-5000,LinkedIn,Data Analytics,Q4 2025,2025-10-02,Dead,0,,76800,
PROS-04406,REP-0079,Apex Networks,1-50,Inbound Call,Cloud Storage,Q2 2026,2026-06-06,Open,2,,8600,
PROS-04407,REP-0068,Ironclad Partners,51-200,LinkedIn,Cloud Compute,Q2 2026,2026-04-04,Won,3,2026-05-10,23000,21700
PROS-04408,REP-0015,Apex Labs,51-200,Website Inquiry,Cloud Compute,Q4 2025,2025-10-31,Won,4,2025-11-07,21600,21100
PROS-04409,REP-0003,Redshift Holdings,201-1000,Paid Marketing,Data Analytics,Q2 2026,2026-06-25,Open,0,,60400,
PROS-04410,REP-0040,Redshift Solutions,201-1000,Cold Outreach,Data Analytics,Q2 2026,2026-05-11,Lost,3,2026-06-30,58900,
PROS-04411,REP-0039,Anchor Technologies,1000-5000,Referral,Cloud Compute,Q2 2026,2026-05-06,Dead,0,,69900,
PROS-04412,REP-0024,Anchor Partners,1-50,Paid Marketing,Data Analytics,Q2 2026,2026-04-19,Lost,4,2026-05-04,9000,
PROS-04413,REP-0021,Summit Systems,1-50,Website Inquiry,Cloud Compute,Q2 2026,2026-05-28,Open,0,,9200,
PROS-04414,REP-0011,Vertex Group,201-1000,Website Inquiry,Cloud Compute,Q1 2026,2026-01-09,Dead,0,,13300,
PROS-04415,REP-0011,Redshift Dynamics,1-50,Paid Marketing,Security Suite,Q2 2026,2026-04-10,Lost,2,2026-05-03,11800,
PROS-04416,REP-0068,Northgate Partners,201-1000,Cold Outreach,AI Platform,Q1 2026,2026-02-20,Lost,4,2026-03-10,115200,
PROS-04417,REP-0015,Orbit Technologies,1-50,LinkedIn,AI Platform,Q2 2026,2026-05-11,Dead,1,,26700,
PROS-04418,REP-0070,Lattice Works,201-1000,Referral,Cloud Storage,Q1 2026,2026-02-27,Won,3,2026-04-13,19700,19500
PROS-04419,REP-0081,Redshift Systems,51-200,Paid Marketing,Data Analytics,Q2 2026,2026-04-02,Lost,2,2026-04-23,26300,
PROS-04420,REP-0010,Helix Systems,201-1000,Website Inquiry,Security Suite,Q1 2026,2026-03-07,Lost,5,2026-03-23,74700,
PROS-04421,REP-0105,Wavefront Digital,51-200,Paid Marketing,Security Suite,Q1 2026,2026-02-26,Won,3,2026-03-24,57900,69000
PROS-04422,REP-0076,Zenith Group,1-50,Paid Marketing,Cloud Storage,Q2 2026,2026-04-11,Lost,2,2026-05-04,5400,
PROS-04423,REP-0035,Horizon Labs,1000-5000,Website Inquiry,Cloud Storage,Q1 2026,2026-01-16,Won,6,2026-04-06,37700,32600
PROS-04424,REP-0109,Apex Labs,51-200,LinkedIn,Cloud Compute,Q4 2025,2025-12-21,Dead,0,,33300,
PROS-04425,REP-0073,Zenith Digital,51-200,Paid Marketing,AI Platform,Q1 2026,2026-02-01,Lost,3,2026-03-05,34300,
PROS-04426,REP-0041,Northgate Networks,1000-5000,LinkedIn,Cloud Compute,Q4 2025,2025-12-26,Dead,0,,84800,
PROS-04427,REP-0004,Nimbus Solutions,1-50,Paid Marketing,Cloud Compute,Q4 2025,2025-11-17,Dead,0,,9500,
PROS-04428,REP-0027,Nova Networks,1000-5000,Conference,Security Suite,Q2 2026,2026-04-30,Lost,3,2026-06-29,90500,
PROS-04429,REP-0015,Anchor Labs,1-50,Inbound Call,AI Platform,Q4 2025,2025-10-26,Lost,5,2025-11-16,39100,
PROS-04430,REP-0020,Redshift Labs,1000-5000,Website Inquiry,AI Platform,Q2 2026,2026-05-23,Lost,4,2026-06-28,124000,
PROS-04431,REP-0021,Vertex Works,51-200,Website Inquiry,Cloud Compute,Q1 2026,2026-02-08,Dead,0,,26300,
PROS-04432,REP-0069,Ridgeline Systems,201-1000,LinkedIn,Data Analytics,Q2 2026,2026-05-15,Won,4,2026-06-04,26200,30700
PROS-04433,REP-0040,Fusion Labs,201-1000,Paid Marketing,Security Suite,Q4 2025,2025-10-09,Lost,4,2025-11-14,68600,
PROS-04434,REP-0097,Helix Labs,51-200,Paid Marketing,Security Suite,Q2 2026,2026-05-28,Lost,5,2026-06-30,56000,
PROS-04435,REP-0062,Nova Industries,1-50,Cold Outreach,Security Suite,Q4 2025,2025-11-04,Dead,0,,25800,
PROS-04436,REP-0094,Atlas Systems,1-50,Paid Marketing,Cloud Storage,Q4 2025,2025-12-20,Lost,4,2026-01-09,4900,
PROS-04437,REP-0093,Vertex Digital,1-50,LinkedIn,Cloud Compute,Q2 2026,2026-06-02,Open,1,,12100,
PROS-04438,REP-0066,Meridian Industries,51-200,Paid Marketing,Cloud Storage,Q1 2026,2026-02-27,Lost,5,2026-04-02,8100,
PROS-04439,REP-0009,Zenith Holdings,5000+,Paid Marketing,Data Analytics,Q1 2026,2026-03-01,Lost,4,2026-05-13,63100,
PROS-04440,REP-0001,Atlas Labs,201-1000,LinkedIn,Data Analytics,Q2 2026,2026-06-02,Open,0,,36200,
PROS-04441,REP-0044,Catalyst Solutions,1-50,Cold Outreach,Security Suite,Q2 2026,2026-06-12,Open,2,,17000,
PROS-04442,REP-0083,Nova Labs,201-1000,Paid Marketing,AI Platform,Q1 2026,2026-01-01,Won,3,2026-01-28,66800,68100
PROS-04443,REP-0068,Vertex Group,201-1000,Inbound Call,Security Suite,Q4 2025,2025-10-29,Lost,5,2025-12-08,71900,
PROS-04444,REP-0011,Sterling Technologies,51-200,Inbound Call,Cloud Compute,Q4 2025,2025-10-04,Lost,5,2025-10-12,14400,
PROS-04445,REP-0029,Ridgeline Solutions,201-1000,Website Inquiry,Security Suite,Q4 2025,2025-12-02,Dead,0,,28500,
PROS-04446,REP-0034,Anchor Labs,201-1000,Inbound Call,AI Platform,Q2 2026,2026-06-06,Open,2,,112400,
PROS-04447,REP-0102,Meridian Holdings,1-50,Cold Outreach,Security Suite,Q1 2026,2026-02-28,Dead,1,,14900,
PROS-04448,REP-0059,Vantage Works,1-50,LinkedIn,Cloud Compute,Q2 2026,2026-04-02,Lost,2,2026-04-25,16900,
PROS-04449,REP-0011,Redshift Technologies,51-200,LinkedIn,Data Analytics,Q1 2026,2026-02-14,Dead,1,,35100,
PROS-04450,REP-0089,Meridian Solutions,51-200,Website Inquiry,AI Platform,Q2 2026,2026-05-01,Lost,5,2026-05-25,33800,
PROS-04451,REP-0097,Ember Group,201-1000,Referral,Cloud Compute,Q1 2026,2026-02-05,Won,5,2026-03-10,31400,33500
PROS-04452,REP-0055,Pulse Partners,201-1000,Paid Marketing,Security Suite,Q2 2026,2026-04-16,Lost,3,2026-06-22,70300,
PROS-04453,REP-0056,Ember Industries,1-50,Cold Outreach,Security Suite,Q2 2026,2026-05-07,Dead,0,,34800,
PROS-04454,REP-0040,Lattice Dynamics,201-1000,LinkedIn,Cloud Storage,Q2 2026,2026-05-31,Dead,0,,19700,
PROS-04455,REP-0032,Solace Networks,201-1000,Paid Marketing,AI Platform,Q2 2026,2026-04-28,Lost,4,2026-06-14,93200,
PROS-04456,REP-0035,Beacon Dynamics,1000-5000,LinkedIn,Cloud Compute,Q1 2026,2026-02-27,Dead,0,,37100,
PROS-04457,REP-0025,Zenith Networks,1000-5000,Website Inquiry,Cloud Storage,Q4 2025,2025-10-27,Lost,4,2025-11-16,22700,
PROS-04458,REP-0021,Horizon Technologies,51-200,Inbound Call,Data Analytics,Q4 2025,2025-10-18,Dead,0,,38600,
PROS-04459,REP-0047,Northgate Solutions,51-200,Inbound Call,Cloud Compute,Q4 2025,2025-11-17,Won,4,2025-12-05,28900,32000
PROS-04460,REP-0063,Vertex Group,51-200,LinkedIn,Cloud Compute,Q4 2025,2025-10-19,Dead,0,,14800,
PROS-04461,REP-0088,Anchor Group,51-200,Cold Outreach,Data Analytics,Q2 2026,2026-04-16,Won,2,2026-04-28,24900,24000
PROS-04462,REP-0005,Solace Technologies,51-200,Conference,Data Analytics,Q2 2026,2026-04-09,Lost,4,2026-04-22,38900,
PROS-04463,REP-0062,Quantum Group,1-50,Cold Outreach,Cloud Compute,Q1 2026,2026-01-21,Dead,1,,7200,
PROS-04464,REP-0028,Nova Group,201-1000,Website Inquiry,Cloud Storage,Q4 2025,2025-12-09,Won,2,2025-12-23,8900,8000
PROS-04465,REP-0096,Anchor Technologies,51-200,Paid Marketing,AI Platform,Q1 2026,2026-03-26,Lost,3,2026-04-02,62800,
PROS-04466,REP-0072,Apex Systems,201-1000,Paid Marketing,Security Suite,Q1 2026,2026-01-03,Lost,4,2026-01-29,72000,
PROS-04467,REP-0077,Northgate Solutions,201-1000,Website Inquiry,Cloud Compute,Q4 2025,2025-12-26,Lost,5,2026-01-07,48900,
PROS-04468,REP-0101,Nova Works,1000-5000,LinkedIn,Cloud Compute,Q2 2026,2026-04-07,Dead,0,,62400,
PROS-04469,REP-0033,Catalyst Dynamics,5000+,LinkedIn,Cloud Compute,Q1 2026,2026-02-12,Lost,5,2026-03-21,51700,
PROS-04470,REP-0023,Meridian Partners,201-1000,Website Inquiry,Cloud Compute,Q2 2026,2026-06-17,Open,0,,34200,
PROS-04471,REP-0105,Lattice Group,201-1000,Website Inquiry,Cloud Compute,Q1 2026,2026-02-04,Dead,0,,24400,
PROS-04472,REP-0016,Lattice Partners,1000-5000,Conference,Cloud Compute,Q1 2026,2026-02-21,Dead,0,,54800,
PROS-04473,REP-0058,Northgate Solutions,1000-5000,Inbound Call,Cloud Storage,Q2 2026,2026-05-18,Dead,1,,22500,
PROS-04474,REP-0076,Horizon Technologies,1-50,Cold Outreach,Data Analytics,Q4 2025,2025-10-22,Lost,4,2025-11-05,16200,
PROS-04475,REP-0086,Helix Holdings,201-1000,Conference,Security Suite,Q4 2025,2025-10-05,Dead,0,,52100,
PROS-04476,REP-0015,Vantage Dynamics,51-200,Cold Outreach,Cloud Compute,Q1 2026,2026-01-27,Lost,4,2026-02-20,26100,
PROS-04477,REP-0036,Horizon Partners,201-1000,Paid Marketing,Cloud Compute,Q1 2026,2026-02-23,Lost,4,2026-03-19,21200,
PROS-04478,REP-0069,Meridian Industries,201-1000,LinkedIn,Security Suite,Q1 2026,2026-02-07,Dead,2,,89400,
PROS-04479,REP-0010,Drift Holdings,201-1000,Paid Marketing,Cloud Compute,Q2 2026,2026-06-01,Dead,0,,37300,
PROS-04480,REP-0001,Helix Solutions,1000-5000,LinkedIn,Cloud Storage,Q1 2026,2026-02-07,Won,6,2026-03-25,34900,33300
PROS-04481,REP-0036,Lattice Dynamics,201-1000,Inbound Call,AI Platform,Q1 2026,2026-02-24,Won,5,2026-03-16,109700,128200
PROS-04482,REP-0001,Quantum Holdings,201-1000,Paid Marketing,Cloud Compute,Q2 2026,2026-05-23,Lost,2,2026-06-26,40000,
PROS-04483,REP-0035,Catalyst Systems,1000-5000,Paid Marketing,Cloud Storage,Q4 2025,2025-12-02,Lost,3,2026-02-06,43800,
PROS-04484,REP-0072,Anchor Dynamics,201-1000,Paid Marketing,AI Platform,Q2 2026,2026-05-22,Dead,0,,73200,
PROS-04485,REP-0021,Lattice Solutions,1-50,Cold Outreach,AI Platform,Q4 2025,2025-12-27,Dead,0,,28400,
PROS-04486,REP-0063,Northgate Holdings,51-200,Paid Marketing,Security Suite,Q4 2025,2025-11-30,Lost,3,2025-12-25,52300,
PROS-04487,REP-0102,Solace Networks,51-200,Website Inquiry,Data Analytics,Q1 2026,2026-03-08,Won,2,2026-03-27,30200,28200
PROS-04488,REP-0062,Ironclad Works,51-200,Paid Marketing,Cloud Compute,Q1 2026,2026-03-13,Dead,0,,12000,
PROS-04489,REP-0043,Meridian Dynamics,201-1000,Paid Marketing,Security Suite,Q2 2026,2026-05-27,Open,0,,65400,
PROS-04490,REP-0059,Apex Partners,51-200,Referral,Cloud Storage,Q1 2026,2026-03-22,Dead,0,,11800,
PROS-04491,REP-0032,Pulse Systems,1000-5000,Paid Marketing,Data Analytics,Q4 2025,2025-11-04,Lost,3,2026-01-01,58500,
PROS-04492,REP-0032,Cobalt Holdings,1000-5000,LinkedIn,AI Platform,Q2 2026,2026-05-02,Lost,4,2026-06-29,175300,
PROS-04493,REP-0069,Orbit Labs,1000-5000,Cold Outreach,Data Analytics,Q4 2025,2025-12-01,Lost,5,2025-12-19,53300,
PROS-04494,REP-0088,Ember Networks,51-200,Website Inquiry,Data Analytics,Q4 2025,2025-12-01,Lost,5,2025-12-16,39100,
PROS-04495,REP-0101,Meridian Technologies,1000-5000,Paid Marketing,Cloud Storage,Q4 2025,2025-12-04,Lost,4,2025-12-27,21600,
PROS-04496,REP-0063,Northgate Holdings,1-50,Inbound Call,Cloud Storage,Q4 2025,2025-10-29,Lost,3,2025-11-14,3500,
PROS-04497,REP-0088,Sterling Solutions,1-50,LinkedIn,Security Suite,Q1 2026,2026-01-04,Lost,4,2026-01-19,19200,
PROS-04498,REP-0053,Vantage Holdings,51-200,Conference,Security Suite,Q2 2026,2026-04-27,Dead,0,,19800,
PROS-04499,REP-0001,Sterling Systems,201-1000,Website Inquiry,Cloud Storage,Q4 2025,2025-12-21,Dead,1,,13000,
PROS-04500,REP-0056,Catalyst Holdings,1-50,Conference,Cloud Compute,Q4 2025,2025-11-28,Won,4,2025-12-21,16200,15300
PROS-04501,REP-0068,Helix Labs,201-1000,Paid Marketing,Data Analytics,Q2 2026,2026-04-27,Dead,0,,49500,
PROS-04502,REP-0094,Zenith Group,1-50,LinkedIn,Cloud Compute,Q4 2025,2025-10-24,Won,3,2025-10-31,8700,10300
PROS-04503,REP-0071,Pulse Group,201-1000,Paid Marketing,Security Suite,Q2 2026,2026-05-25,Lost,3,2026-06-27,32900,
PROS-04504,REP-0053,Northgate Solutions,1-50,Cold Outreach,Security Suite,Q2 2026,2026-05-11,Lost,3,2026-05-18,35600,
PROS-04505,REP-0074,Horizon Networks,1000-5000,Paid Marketing,Cloud Compute,Q4 2025,2025-11-11,Dead,0,,22100,
PROS-04506,REP-0095,Fusion Dynamics,1-50,Website Inquiry,Data Analytics,Q2 2026,2026-06-16,Open,0,,15000,
PROS-04507,REP-0005,Orbit Works,1-50,Website Inquiry,Cloud Compute,Q2 2026,2026-05-24,Lost,3,2026-06-10,9100,
PROS-04508,REP-0007,Ironclad Holdings,201-1000,Paid Marketing,Security Suite,Q4 2025,2025-10-11,Lost,4,2025-11-06,62700,
PROS-04509,REP-0057,Pulse Labs,5000+,Cold Outreach,AI Platform,Q2 2026,2026-06-14,Open,0,,204900,
PROS-04510,REP-0054,Granite Industries,1000-5000,Inbound Call,Cloud Compute,Q1 2026,2026-03-12,Won,3,2026-04-18,51800,52600
PROS-04511,REP-0047,Lattice Works,201-1000,LinkedIn,Cloud Storage,Q2 2026,2026-06-27,Open,0,,16300,
PROS-04512,REP-0083,Apex Digital,51-200,LinkedIn,Cloud Compute,Q1 2026,2026-01-03,Dead,1,,13600,
PROS-04513,REP-0075,Solace Works,201-1000,LinkedIn,Cloud Compute,Q2 2026,2026-06-23,Open,1,,31700,
PROS-04514,REP-0076,Pulse Group,1-50,Website Inquiry,Cloud Compute,Q2 2026,2026-06-03,Dead,0,,9100,
PROS-04515,REP-0051,Ridgeline Systems,1000-5000,Conference,Cloud Compute,Q2 2026,2026-06-21,Open,2,,36200,
PROS-04516,REP-0081,Quantum Systems,51-200,Conference,AI Platform,Q1 2026,2026-03-28,Won,2,2026-04-12,59900,60600
PROS-04517,REP-0075,Northgate Networks,201-1000,Referral,Cloud Compute,Q1 2026,2026-02-14,Won,5,2026-03-23,13200,12900
PROS-04518,REP-0051,Anchor Group,1000-5000,Cold Outreach,Data Analytics,Q1 2026,2026-01-22,Lost,2,2026-04-03,85800,
PROS-04519,REP-0050,Drift Networks,1000-5000,Website Inquiry,Data Analytics,Q2 2026,2026-04-20,Dead,0,,72400,
PROS-04520,REP-0066,Drift Partners,201-1000,Inbound Call,AI Platform,Q2 2026,2026-06-28,Lost,5,2026-06-29,124900,
PROS-04521,REP-0099,Anchor Solutions,51-200,Inbound Call,Cloud Storage,Q1 2026,2026-02-12,Lost,4,2026-03-28,10700,
PROS-04522,REP-0017,Quantum Dynamics,201-1000,Referral,Security Suite,Q4 2025,2025-10-09,Lost,2,2025-11-27,76600,
PROS-04523,REP-0108,Vantage Technologies,51-200,Website Inquiry,Data Analytics,Q4 2025,2025-12-31,Dead,0,,28600,
PROS-04524,REP-0043,Fusion Holdings,51-200,Referral,Cloud Storage,Q4 2025,2025-11-01,Dead,0,,5600,
PROS-04525,REP-0064,Nimbus Group,201-1000,Paid Marketing,Data Analytics,Q2 2026,2026-04-23,Lost,5,2026-05-27,39600,
PROS-04526,REP-0068,Cobalt Industries,201-1000,Inbound Call,Cloud Storage,Q1 2026,2026-03-18,Lost,3,2026-05-05,17000,
PROS-04527,REP-0031,Fusion Technologies,201-1000,LinkedIn,Data Analytics,Q2 2026,2026-04-26,Dead,1,,47300,
PROS-04528,REP-0027,Nova Solutions,1000-5000,Cold Outreach,Cloud Compute,Q1 2026,2026-01-05,Dead,0,,40400,
PROS-04529,REP-0022,Helix Digital,1000-5000,LinkedIn,Data Analytics,Q2 2026,2026-04-25,Lost,4,2026-05-13,90800,
PROS-04530,REP-0095,Atlas Holdings,201-1000,Conference,Cloud Storage,Q4 2025,2025-12-21,Won,4,2026-01-08,11800,13000
PROS-04531,REP-0057,Atlas Digital,1000-5000,Website Inquiry,AI Platform,Q1 2026,2026-03-09,Lost,4,2026-04-16,93700,
PROS-04532,REP-0074,Ironclad Systems,201-1000,Paid Marketing,Cloud Compute,Q1 2026,2026-03-30,Won,6,2026-05-16,31000,27400
PROS-04533,REP-0081,Atlas Dynamics,1-50,Website Inquiry,AI Platform,Q1 2026,2026-02-05,Lost,2,2026-02-27,19000,
PROS-04534,REP-0003,Anchor Labs,51-200,Website Inquiry,Data Analytics,Q1 2026,2026-02-11,Dead,0,,20100,
PROS-04535,REP-0033,Fusion Holdings,5000+,Conference,Cloud Compute,Q4 2025,2025-12-20,Dead,0,,60000,
PROS-04536,REP-0066,Drift Networks,1000-5000,LinkedIn,AI Platform,Q2 2026,2026-05-27,Open,0,,104700,
PROS-04537,REP-0064,Zenith Labs,51-200,Conference,Data Analytics,Q1 2026,2026-01-20,Lost,4,2026-02-25,36900,
PROS-04538,REP-0036,Helix Dynamics,1000-5000,Website Inquiry,Security Suite,Q1 2026,2026-02-06,Won,5,2026-03-20,176600,156100
PROS-04539,REP-0095,Sterling Digital,201-1000,Paid Marketing,AI Platform,Q1 2026,2026-02-17,Won,3,2026-03-14,109400,109000
PROS-04540,REP-0029,Horizon Digital,51-200,Paid Marketing,Data Analytics,Q2 2026,2026-05-01,Lost,3,2026-05-19,22300,
PROS-04541,REP-0071,Pulse Technologies,201-1000,Referral,Security Suite,Q1 2026,2026-01-08,Lost,3,2026-02-13,34800,
PROS-04542,REP-0040,Cobalt Solutions,1000-5000,Website Inquiry,Data Analytics,Q4 2025,2025-12-06,Lost,4,2026-01-07,48800,
PROS-04543,REP-0004,Wavefront Digital,1-50,Conference,Data Analytics,Q1 2026,2026-02-22,Dead,0,,12800,
PROS-04544,REP-0063,Wavefront Industries,201-1000,Conference,Data Analytics,Q2 2026,2026-06-04,Open,2,,43000,
PROS-04545,REP-0036,Apex Solutions,1000-5000,Paid Marketing,Cloud Compute,Q2 2026,2026-05-11,Lost,4,2026-06-14,35300,
PROS-04546,REP-0083,Northgate Industries,1000-5000,Conference,AI Platform,Q2 2026,2026-04-14,Lost,2,2026-05-18,236600,
PROS-04547,REP-0104,Catalyst Dynamics,1000-5000,Paid Marketing,Cloud Compute,Q2 2026,2026-06-12,Open,0,,45800,
PROS-04548,REP-0044,Ridgeline Dynamics,1-50,Paid Marketing,Security Suite,Q2 2026,2026-04-07,Lost,4,2026-04-21,13500,
PROS-04549,REP-0042,Anchor Solutions,201-1000,Paid Marketing,Data Analytics,Q4 2025,2025-12-29,Lost,5,2026-01-12,44900,
PROS-04550,REP-0017,Atlas Works,1000-5000,Paid Marketing,Cloud Compute,Q4 2025,2025-12-19,Lost,4,2026-01-30,48500,
PROS-04551,REP-0044,Fusion Labs,1-50,LinkedIn,Cloud Storage,Q4 2025,2025-11-21,Dead,0,,4800,
PROS-04552,REP-0005,Atlas Holdings,1-50,Website Inquiry,Data Analytics,Q4 2025,2025-10-15,Lost,4,2025-10-25,11800,
PROS-04553,REP-0094,Redshift Technologies,51-200,Paid Marketing,AI Platform,Q4 2025,2025-10-19,Won,4,2025-11-08,57900,52200
PROS-04554,REP-0107,Ridgeline Solutions,201-1000,Paid Marketing,Cloud Storage,Q2 2026,2026-05-17,Lost,5,2026-06-20,17800,
PROS-04555,REP-0036,Vertex Digital,201-1000,Paid Marketing,Security Suite,Q2 2026,2026-04-22,Lost,2,2026-05-22,37900,
PROS-04556,REP-0016,Quantum Labs,5000+,Inbound Call,AI Platform,Q1 2026,2026-03-15,Lost,2,2026-06-06,347600,
PROS-04557,REP-0014,Pulse Technologies,201-1000,Conference,Cloud Compute,Q2 2026,2026-06-19,Open,1,,23600,
PROS-04558,REP-0101,Apex Dynamics,201-1000,Website Inquiry,Data Analytics,Q1 2026,2026-02-27,Won,5,2026-03-29,44900,48100
PROS-04559,REP-0080,Beacon Networks,201-1000,Paid Marketing,Cloud Compute,Q2 2026,2026-06-23,Open,0,,21600,
PROS-04560,REP-0090,Anchor Partners,1000-5000,Paid Marketing,Data Analytics,Q4 2025,2025-11-22,Won,7,2025-12-28,48600,45000
PROS-04561,REP-0100,Sterling Systems,201-1000,Paid Marketing,Cloud Compute,Q1 2026,2026-02-24,Dead,0,,28900,
PROS-04562,REP-0053,Northgate Networks,51-200,Referral,AI Platform,Q2 2026,2026-04-09,Dead,2,,36500,
PROS-04563,REP-0011,Zenith Networks,1-50,Conference,Cloud Compute,Q2 2026,2026-04-27,Dead,0,,8100,
PROS-04564,REP-0062,Cobalt Solutions,201-1000,Paid Marketing,Data Analytics,Q4 2025,2025-10-20,Lost,5,2025-11-08,22200,
PROS-04565,REP-0095,Vantage Solutions,201-1000,LinkedIn,Security Suite,Q1 2026,2026-02-14,Dead,1,,86800,
PROS-04566,REP-0022,Helix Group,201-1000,LinkedIn,Cloud Compute,Q1 2026,2026-01-08,Lost,4,2026-01-29,29600,
PROS-04567,REP-0012,Helix Solutions,1-50,Website Inquiry,Cloud Compute,Q2 2026,2026-04-05,Lost,4,2026-04-12,10100,
PROS-04568,REP-0109,Sterling Digital,51-200,Cold Outreach,Data Analytics,Q4 2025,2025-10-31,Lost,4,2025-11-23,45400,
PROS-04569,REP-0071,Wavefront Digital,1000-5000,Cold Outreach,Data Analytics,Q4 2025,2025-11-02,Dead,2,,76300,
PROS-04570,REP-0059,Cobalt Works,1-50,Conference,Cloud Storage,Q1 2026,2026-03-16,Won,4,2026-03-29,7300,8000
PROS-04571,REP-0032,Nova Group,1000-5000,Paid Marketing,Cloud Storage,Q1 2026,2026-01-04,Lost,2,2026-02-13,19300,
PROS-04572,REP-0071,Ridgeline Systems,201-1000,Paid Marketing,Cloud Storage,Q2 2026,2026-06-06,Lost,5,2026-06-29,9400,
PROS-04573,REP-0102,Meridian Networks,51-200,Paid Marketing,Cloud Compute,Q2 2026,2026-05-02,Dead,0,,10500,
PROS-04574,REP-0003,Nimbus Holdings,51-200,Conference,Cloud Storage,Q1 2026,2026-01-18,Lost,4,2026-02-02,11900,
PROS-04575,REP-0070,Northgate Works,201-1000,Paid Marketing,Cloud Storage,Q1 2026,2026-03-15,Lost,3,2026-04-08,10700,
PROS-04576,REP-0010,Catalyst Group,51-200,Website Inquiry,AI Platform,Q2 2026,2026-05-10,Lost,3,2026-06-08,64600,
PROS-04577,REP-0053,Vertex Technologies,51-200,Inbound Call,Security Suite,Q2 2026,2026-06-01,Open,1,,42300,
PROS-04578,REP-0109,Cobalt Digital,1-50,Cold Outreach,Security Suite,Q2 2026,2026-04-03,Dead,0,,39800,
PROS-04579,REP-0084,Redshift Holdings,51-200,LinkedIn,Security Suite,Q2 2026,2026-05-12,Dead,0,,31300,
PROS-04580,REP-0020,Fusion Systems,1000-5000,Website Inquiry,Cloud Compute,Q2 2026,2026-06-01,Open,1,,62300,
PROS-04581,REP-0001,Orbit Group,1000-5000,Paid Marketing,Data Analytics,Q4 2025,2025-11-30,Lost,2,2026-01-09,78500,
PROS-04582,REP-0066,Granite Networks,51-200,Website Inquiry,AI Platform,Q2 2026,2026-06-16,Lost,4,2026-06-30,75400,
PROS-04583,REP-0044,Redshift Holdings,51-200,Website Inquiry,Cloud Compute,Q4 2025,2025-12-13,Lost,5,2025-12-30,29600,
PROS-04584,REP-0053,Sterling Solutions,1-50,LinkedIn,Data Analytics,Q1 2026,2026-03-23,Dead,0,,13600,
PROS-04585,REP-0046,Sterling Works,201-1000,Website Inquiry,Cloud Compute,Q2 2026,2026-06-09,Open,0,,26500,
PROS-04586,REP-0021,Orbit Systems,51-200,Cold Outreach,Cloud Compute,Q4 2025,2025-12-31,Lost,5,2026-01-19,19800,
PROS-04587,REP-0014,Atlas Digital,201-1000,Cold Outreach,Cloud Storage,Q2 2026,2026-06-13,Open,1,,21300,
PROS-04588,REP-0093,Northgate Systems,1-50,LinkedIn,Data Analytics,Q2 2026,2026-06-04,Lost,5,2026-06-12,7800,
PROS-04589,REP-0065,Apex Solutions,51-200,Conference,AI Platform,Q4 2025,2025-12-04,Lost,3,2025-12-26,84900,
PROS-04590,REP-0024,Redshift Dynamics,1-50,Website Inquiry,Security Suite,Q2 2026,2026-06-02,Dead,0,,18600,
PROS-04591,REP-0092,Vantage Technologies,1000-5000,Website Inquiry,Cloud Compute,Q1 2026,2026-01-24,Dead,1,,39500,
PROS-04592,REP-0075,Pulse Systems,1000-5000,Paid Marketing,Data Analytics,Q4 2025,2025-12-02,Dead,1,,56500,
PROS-04593,REP-0019,Cobalt Industries,201-1000,Inbound Call,Data Analytics,Q4 2025,2025-12-31,Won,4,2026-02-16,25300,26700
PROS-04594,REP-0061,Granite Holdings,5000+,Cold Outreach,AI Platform,Q2 2026,2026-04-10,Dead,0,,257800,
PROS-04595,REP-0046,Summit Works,201-1000,Conference,Data Analytics,Q2 2026,2026-05-23,Lost,4,2026-06-30,51800,
PROS-04596,REP-0038,Catalyst Industries,201-1000,Paid Marketing,AI Platform,Q2 2026,2026-05-15,Lost,2,2026-06-09,112300,
PROS-04597,REP-0082,Ridgeline Holdings,201-1000,Cold Outreach,Security Suite,Q2 2026,2026-05-05,Lost,4,2026-06-10,93200,
PROS-04598,REP-0062,Vertex Labs,1-50,Paid Marketing,Cloud Storage,Q4 2025,2025-12-17,Lost,2,2025-12-30,4700,
PROS-04599,REP-0049,Quantum Systems,1000-5000,LinkedIn,Cloud Storage,Q1 2026,2026-02-06,Lost,5,2026-03-22,21400,
PROS-04600,REP-0059,Ember Labs,1-50,Cold Outreach,Cloud Storage,Q2 2026,2026-04-18,Lost,5,2026-05-12,8300,
PROS-04601,REP-0089,Zenith Networks,1-50,Cold Outreach,Data Analytics,Q2 2026,2026-05-01,Dead,1,,12900,
PROS-04602,REP-0108,Vantage Systems,1-50,Referral,Cloud Storage,Q1 2026,2026-01-21,Lost,2,2026-02-02,4400,
PROS-04603,REP-0104,Fusion Labs,5000+,Paid Marketing,AI Platform,Q2 2026,2026-05-27,Open,2,,113900,
PROS-04604,REP-0027,Nimbus Digital,201-1000,Cold Outreach,AI Platform,Q2 2026,2026-05-19,Lost,4,2026-06-27,123400,
PROS-04605,REP-0039,Helix Labs,1000-5000,Website Inquiry,AI Platform,Q2 2026,2026-06-04,Open,1,,225200,
PROS-04606,REP-0083,Ridgeline Systems,201-1000,Website Inquiry,Data Analytics,Q1 2026,2026-03-03,Dead,0,,34300,
PROS-04607,REP-0036,Horizon Holdings,201-1000,Cold Outreach,Cloud Compute,Q1 2026,2026-02-05,Lost,5,2026-03-15,33000,
PROS-04608,REP-0028,Vertex Labs,1-50,Referral,Cloud Compute,Q4 2025,2025-12-15,Dead,0,,7700,
PROS-04609,REP-0040,Meridian Dynamics,201-1000,Website Inquiry,Security Suite,Q2 2026,2026-06-29,Open,1,,89100,
PROS-04610,REP-0077,Catalyst Solutions,1-50,Cold Outreach,AI Platform,Q2 2026,2026-05-04,Lost,4,2026-05-13,72100,
PROS-04611,REP-0010,Northgate Digital,201-1000,Referral,Cloud Compute,Q1 2026,2026-02-21,Lost,2,2026-03-18,15500,
PROS-04612,REP-0077,Wavefront Technologies,1-50,Paid Marketing,Data Analytics,Q2 2026,2026-04-08,Dead,0,,11300,
PROS-04613,REP-0046,Quantum Networks,51-200,Website Inquiry,Cloud Compute,Q4 2025,2025-12-06,Dead,2,,19400,
PROS-04614,REP-0011,Pulse Technologies,1-50,Paid Marketing,Data Analytics,Q2 2026,2026-04-10,Lost,5,2026-04-20,19000,
PROS-04615,REP-0071,Solace Technologies,201-1000,Paid Marketing,Security Suite,Q1 2026,2026-01-19,Dead,0,,63400,
PROS-04616,REP-0103,Fusion Group,1-50,Conference,Cloud Compute,Q1 2026,2026-01-09,Won,2,2026-01-23,11200,11300
PROS-04617,REP-0076,Nova Systems,1-50,Conference,Data Analytics,Q4 2025,2025-10-27,Lost,2,2025-11-11,18700,
PROS-04618,REP-0086,Pulse Solutions,51-200,Inbound Call,Cloud Storage,Q4 2025,2025-11-26,Dead,1,,10200,
PROS-04619,REP-0058,Drift Dynamics,5000+,Website Inquiry,Cloud Compute,Q1 2026,2026-03-07,Lost,2,2026-04-12,91300,
PROS-04620,REP-0037,Beacon Technologies,201-1000,Website Inquiry,Data Analytics,Q2 2026,2026-05-24,Won,5,2026-06-27,74300,65200
PROS-04621,REP-0049,Lattice Solutions,201-1000,Website Inquiry,Data Analytics,Q4 2025,2025-12-18,Dead,0,,52900,
PROS-04622,REP-0021,Ironclad Networks,51-200,Inbound Call,Cloud Compute,Q2 2026,2026-04-24,Lost,4,2026-05-16,12500,
PROS-04623,REP-0007,Lattice Solutions,201-1000,Paid Marketing,Cloud Compute,Q2 2026,2026-06-27,Open,0,,22600,
PROS-04624,REP-0076,Nimbus Digital,1-50,Conference,Cloud Compute,Q2 2026,2026-06-21,Open,0,,16200,
PROS-04625,REP-0034,Ember Networks,1000-5000,Referral,AI Platform,Q2 2026,2026-06-24,Open,1,,134200,
PROS-04626,REP-0083,Beacon Holdings,201-1000,Cold Outreach,Data Analytics,Q4 2025,2025-11-15,Lost,4,2025-12-06,37900,
PROS-04627,REP-0049,Wavefront Group,201-1000,Cold Outreach,AI Platform,Q4 2025,2025-10-10,Lost,4,2025-10-28,99500,
PROS-04628,REP-0058,Atlas Industries,5000+,Cold Outreach,Cloud Compute,Q4 2025,2025-11-10,Dead,1,,114500,
PROS-04629,REP-0009,Pulse Technologies,1000-5000,Website Inquiry,Security Suite,Q2 2026,2026-05-15,Lost,2,2026-06-30,57500,
PROS-04630,REP-0034,Lattice Systems,51-200,Website Inquiry,Security Suite,Q2 2026,2026-04-22,Dead,1,,30600,
PROS-04631,REP-0044,Ridgeline Dynamics,1-50,LinkedIn,Cloud Compute,Q1 2026,2026-02-25,Won,2,2026-03-04,10400,9900
PROS-04632,REP-0101,Ember Digital,201-1000,Paid Marketing,Cloud Storage,Q2 2026,2026-06-17,Open,3,,23000,
PROS-04633,REP-0081,Lattice Networks,1-50,Website Inquiry,Cloud Storage,Q2 2026,2026-06-21,Open,2,,4900,
PROS-04634,REP-0045,Quantum Systems,1000-5000,Inbound Call,Data Analytics,Q2 2026,2026-06-15,Open,2,,72000,
PROS-04635,REP-0030,Anchor Group,5000+,LinkedIn,Security Suite,Q2 2026,2026-06-16,Lost,3,2026-06-28,168000,
PROS-04636,REP-0108,Orbit Partners,1-50,Website Inquiry,Data Analytics,Q2 2026,2026-05-25,Dead,0,,27100,
PROS-04637,REP-0083,Helix Digital,201-1000,Website Inquiry,Cloud Storage,Q4 2025,2025-12-16,Dead,0,,18800,
PROS-04638,REP-0078,Catalyst Partners,201-1000,LinkedIn,Cloud Compute,Q2 2026,2026-06-12,Open,2,,31300,
PROS-04639,REP-0057,Beacon Technologies,1000-5000,Paid Marketing,AI Platform,Q2 2026,2026-05-13,Lost,4,2026-06-29,144200,
PROS-04640,REP-0020,Wavefront Networks,1000-5000,Paid Marketing,Cloud Compute,Q2 2026,2026-06-22,Open,2,,29400,
PROS-04641,REP-0029,Catalyst Industries,1000-5000,Paid Marketing,Cloud Compute,Q2 2026,2026-05-23,Dead,0,,40400,
PROS-04642,REP-0083,Cobalt Industries,201-1000,Website Inquiry,Cloud Compute,Q2 2026,2026-05-01,Won,3,2026-06-06,38700,44000
PROS-04643,REP-0007,Vantage Holdings,201-1000,LinkedIn,Security Suite,Q2 2026,2026-04-28,Lost,5,2026-06-05,81900,
PROS-04644,REP-0003,Cobalt Group,1-50,Cold Outreach,Cloud Storage,Q2 2026,2026-05-25,Lost,4,2026-06-16,3900,
PROS-04645,REP-0031,Granite Systems,201-1000,Inbound Call,Data Analytics,Q2 2026,2026-05-24,Lost,3,2026-06-12,21400,
PROS-04646,REP-0046,Solace Networks,201-1000,LinkedIn,Cloud Compute,Q1 2026,2026-01-08,Dead,0,,43600,
PROS-04647,REP-0035,Orbit Industries,5000+,Website Inquiry,Cloud Storage,Q1 2026,2026-01-22,Lost,5,2026-03-07,40600,
PROS-04648,REP-0050,Apex Holdings,1000-5000,Inbound Call,Data Analytics,Q2 2026,2026-06-11,Dead,0,,77300,
PROS-04649,REP-0020,Ironclad Works,1000-5000,Paid Marketing,Data Analytics,Q2 2026,2026-04-13,Lost,3,2026-05-29,59600,
PROS-04650,REP-0009,Quantum Digital,5000+,Cold Outreach,Cloud Storage,Q4 2025,2025-10-10,Dead,2,,23000,
PROS-04651,REP-0095,Cobalt Labs,1-50,Paid Marketing,Security Suite,Q1 2026,2026-02-26,Lost,4,2026-03-13,26500,
PROS-04652,REP-0078,Redshift Networks,201-1000,Referral,Cloud Storage,Q2 2026,2026-05-01,Dead,0,,13400,
PROS-04653,REP-0003,Horizon Labs,1-50,Paid Marketing,Cloud Storage,Q1 2026,2026-01-31,Dead,0,,6200,
PROS-04654,REP-0062,Ironclad Dynamics,1-50,LinkedIn,Cloud Compute,Q1 2026,2026-03-04,Dead,0,,6100,
PROS-04655,REP-0106,Ridgeline Industries,201-1000,Cold Outreach,Cloud Compute,Q4 2025,2025-12-23,Lost,2,2026-02-07,23600,
PROS-04656,REP-0096,Ironclad Systems,1-50,Cold Outreach,Data Analytics,Q1 2026,2026-02-14,Lost,2,2026-03-06,12500,
PROS-04657,REP-0083,Summit Systems,201-1000,Cold Outreach,Cloud Storage,Q1 2026,2026-02-02,Lost,5,2026-03-17,8800,
PROS-04658,REP-0056,Granite Labs,1-50,Cold Outreach,Cloud Compute,Q4 2025,2025-12-04,Lost,3,2025-12-20,10000,
PROS-04659,REP-0089,Cobalt Group,1-50,LinkedIn,Security Suite,Q4 2025,2025-10-01,Lost,4,2025-10-23,30000,
PROS-04660,REP-0029,Ironclad Labs,1000-5000,Conference,AI Platform,Q2 2026,2026-06-15,Open,2,,79000,
PROS-04661,REP-0025,Horizon Holdings,201-1000,LinkedIn,Cloud Compute,Q1 2026,2026-02-02,Won,4,2026-03-13,20300,17800
PROS-04662,REP-0041,Redshift Systems,1000-5000,LinkedIn,Data Analytics,Q1 2026,2026-03-06,Lost,5,2026-04-25,81900,
PROS-04663,REP-0095,Catalyst Technologies,51-200,Paid Marketing,Cloud Storage,Q1 2026,2026-01-23,Won,2,2026-02-03,13900,13400
PROS-04664,REP-0017,Zenith Works,201-1000,Cold Outreach,Security Suite,Q2 2026,2026-06-27,Open,1,,47700,
PROS-04665,REP-0098,Vantage Group,201-1000,Paid Marketing,Data Analytics,Q4 2025,2025-12-21,Dead,0,,31100,
PROS-04666,REP-0024,Vertex Solutions,1-50,Website Inquiry,Cloud Storage,Q4 2025,2025-12-07,Lost,3,2025-12-27,3300,
PROS-04667,REP-0024,Northgate Group,51-200,Paid Marketing,Data Analytics,Q4 2025,2025-10-18,Lost,5,2025-10-27,19200,
PROS-04668,REP-0095,Apex Digital,1-50,Cold Outreach,Cloud Storage,Q4 2025,2025-12-20,Lost,2,2025-12-30,5700,
PROS-04669,REP-0109,Horizon Technologies,1-50,LinkedIn,AI Platform,Q2 2026,2026-05-12,Lost,4,2026-06-04,46400,
PROS-04670,REP-0107,Anchor Works,1000-5000,Cold Outreach,Security Suite,Q4 2025,2025-12-02,Lost,3,2026-01-17,59100,
PROS-04671,REP-0103,Anchor Solutions,51-200,Conference,Data Analytics,Q4 2025,2025-11-29,Won,2,2025-12-16,17000,19400
PROS-04672,REP-0034,Zenith Technologies,201-1000,Paid Marketing,AI Platform,Q2 2026,2026-05-21,Lost,4,2026-06-18,85100,
PROS-04673,REP-0081,Granite Digital,1-50,Conference,Cloud Storage,Q4 2025,2025-11-10,Dead,0,,7700,
PROS-04674,REP-0087,Quantum Group,51-200,LinkedIn,Security Suite,Q4 2025,2025-12-05,Dead,0,,27200,
PROS-04675,REP-0059,Redshift Networks,1-50,LinkedIn,AI Platform,Q2 2026,2026-04-02,Dead,0,,39900,
PROS-04676,REP-0090,Ember Works,1000-5000,Inbound Call,AI Platform,Q1 2026,2026-01-12,Won,8,2026-03-13,172400,203200
PROS-04677,REP-0028,Catalyst Labs,1-50,Paid Marketing,Security Suite,Q2 2026,2026-06-18,Open,1,,25200,
PROS-04678,REP-0082,Vantage Solutions,201-1000,LinkedIn,AI Platform,Q2 2026,2026-06-04,Open,2,,99200,
PROS-04679,REP-0021,Catalyst Labs,201-1000,LinkedIn,AI Platform,Q1 2026,2026-02-17,Won,2,2026-02-28,44300,41600
PROS-04680,REP-0080,Atlas Works,201-1000,Inbound Call,Cloud Compute,Q2 2026,2026-05-02,Lost,2,2026-06-01,20500,
PROS-04681,REP-0006,Atlas Works,1000-5000,Paid Marketing,Cloud Compute,Q1 2026,2026-03-27,Lost,4,2026-06-12,58400,
PROS-04682,REP-0102,Solace Partners,51-200,Website Inquiry,Cloud Compute,Q1 2026,2026-02-18,Won,4,2026-02-27,22700,22700
PROS-04683,REP-0050,Orbit Dynamics,5000+,LinkedIn,AI Platform,Q2 2026,2026-05-06,Lost,5,2026-06-30,100800,
PROS-04684,REP-0101,Pulse Solutions,51-200,Cold Outreach,Cloud Storage,Q2 2026,2026-05-04,Lost,3,2026-05-20,8500,
PROS-04685,REP-0017,Solace Labs,1000-5000,Cold Outreach,AI Platform,Q1 2026,2026-03-13,Lost,3,2026-04-06,173900,
PROS-04686,REP-0108,Northgate Networks,51-200,Website Inquiry,Security Suite,Q2 2026,2026-05-12,Dead,0,,25100,
PROS-04687,REP-0051,Ironclad Dynamics,1000-5000,LinkedIn,Cloud Storage,Q2 2026,2026-05-27,Open,3,,26900,
PROS-04688,REP-0091,Sterling Dynamics,201-1000,Paid Marketing,Cloud Storage,Q2 2026,2026-04-22,Lost,2,2026-05-24,11500,
PROS-04689,REP-0065,Ridgeline Works,201-1000,Cold Outreach,AI Platform,Q2 2026,2026-06-08,Open,2,,47300,
PROS-04690,REP-0057,Granite Dynamics,5000+,Paid Marketing,AI Platform,Q2 2026,2026-04-01,Lost,4,2026-06-15,153900,
PROS-04691,REP-0090,Apex Networks,201-1000,Paid Marketing,Data Analytics,Q2 2026,2026-06-09,Open,1,,50400,
PROS-04692,REP-0082,Ridgeline Systems,1000-5000,Paid Marketing,Data Analytics,Q1 2026,2026-03-25,Lost,4,2026-04-19,80100,
PROS-04693,REP-0075,Pulse Systems,1000-5000,Paid Marketing,Data Analytics,Q1 2026,2026-02-21,Lost,3,2026-03-27,82600,
PROS-04694,REP-0059,Cobalt Works,51-200,Paid Marketing,AI Platform,Q2 2026,2026-06-16,Lost,4,2026-06-30,69400,
PROS-04695,REP-0081,Vertex Systems,1-50,Cold Outreach,Cloud Storage,Q1 2026,2026-02-14,Dead,1,,4400,
PROS-04696,REP-0047,Northgate Systems,51-200,Paid Marketing,Cloud Compute,Q2 2026,2026-05-28,Open,3,,23100,
PROS-04697,REP-0064,Sterling Systems,51-200,Conference,Data Analytics,Q2 2026,2026-05-16,Lost,2,2026-06-28,14200,
PROS-04698,REP-0045,Granite Solutions,201-1000,Cold Outreach,Security Suite,Q2 2026,2026-04-21,Lost,3,2026-06-04,61600,
PROS-04699,REP-0014,Sterling Labs,201-1000,Inbound Call,Cloud Compute,Q2 2026,2026-06-25,Open,2,,40100,
PROS-04700,REP-0013,Solace Technologies,5000+,Inbound Call,Cloud Compute,Q2 2026,2026-06-06,Open,0,,60300,
PROS-04701,REP-0057,Northgate Dynamics,1000-5000,Referral,Data Analytics,Q2 2026,2026-04-19,Dead,0,,63200,
PROS-04702,REP-0067,Summit Industries,5000+,Cold Outreach,Cloud Compute,Q4 2025,2025-11-01,Lost,5,2026-01-02,41200,
PROS-04703,REP-0089,Solace Holdings,51-200,Paid Marketing,Cloud Storage,Q4 2025,2025-12-06,Lost,2,2025-12-29,10300,
PROS-04704,REP-0094,Redshift Networks,1-50,LinkedIn,Cloud Storage,Q1 2026,2026-01-14,Lost,3,2026-01-27,5800,
PROS-04705,REP-0028,Nimbus Solutions,1-50,Website Inquiry,Data Analytics,Q2 2026,2026-05-19,Lost,4,2026-06-12,11200,
PROS-04706,REP-0080,Vantage Works,201-1000,Conference,Security Suite,Q2 2026,2026-06-26,Open,0,,82000,
PROS-04707,REP-0041,Ironclad Digital,51-200,Website Inquiry,Data Analytics,Q2 2026,2026-05-23,Lost,4,2026-06-29,45600,
PROS-04708,REP-0090,Sterling Industries,201-1000,Conference,AI Platform,Q1 2026,2026-02-25,Dead,1,,87600,
PROS-04709,REP-0082,Catalyst Industries,1000-5000,Inbound Call,Cloud Compute,Q1 2026,2026-02-09,Lost,2,2026-03-30,44400,
PROS-04710,REP-0017,Ironclad Industries,51-200,Website Inquiry,Security Suite,Q2 2026,2026-05-27,Lost,5,2026-06-29,20800,
PROS-04711,REP-0087,Horizon Group,201-1000,Paid Marketing,AI Platform,Q1 2026,2026-01-21,Dead,0,,89900,
PROS-04712,REP-0017,Northgate Works,51-200,Cold Outreach,Cloud Compute,Q4 2025,2025-10-08,Lost,2,2025-11-25,20600,
PROS-04713,REP-0088,Granite Industries,201-1000,Conference,Cloud Compute,Q2 2026,2026-05-21,Dead,0,,45600,
PROS-04714,REP-0038,Vertex Works,51-200,LinkedIn,AI Platform,Q1 2026,2026-01-23,Lost,3,2026-02-25,37100,
PROS-04715,REP-0097,Lattice Works,201-1000,Conference,Cloud Compute,Q1 2026,2026-03-13,Dead,0,,33400,
PROS-04716,REP-0025,Wavefront Dynamics,201-1000,LinkedIn,Security Suite,Q2 2026,2026-06-10,Open,0,,39500,
PROS-04717,REP-0034,Fusion Labs,51-200,LinkedIn,Cloud Storage,Q1 2026,2026-01-15,Lost,3,2026-02-18,5300,
PROS-04718,REP-0028,Wavefront Partners,1-50,Inbound Call,Security Suite,Q2 2026,2026-05-12,Lost,4,2026-06-04,23800,
PROS-04719,REP-0088,Fusion Solutions,1-50,Website Inquiry,Data Analytics,Q1 2026,2026-03-03,Dead,0,,20800,
PROS-04720,REP-0028,Meridian Works,201-1000,Cold Outreach,Cloud Compute,Q1 2026,2026-02-14,Lost,5,2026-03-02,32100,
PROS-04721,REP-0053,Cobalt Industries,1-50,LinkedIn,Data Analytics,Q2 2026,2026-05-13,Lost,3,2026-06-04,8700,
PROS-04722,REP-0046,Granite Networks,51-200,Conference,Cloud Storage,Q2 2026,2026-05-26,Dead,0,,8900,
PROS-04723,REP-0068,Atlas Dynamics,1000-5000,Paid Marketing,AI Platform,Q4 2025,2025-10-15,Won,4,2025-11-11,137200,152200
PROS-04724,REP-0056,Drift Technologies,1-50,Cold Outreach,Cloud Compute,Q4 2025,2025-11-09,Lost,2,2025-11-21,11200,
PROS-04725,REP-0022,Northgate Labs,51-200,Cold Outreach,Data Analytics,Q2 2026,2026-05-26,Lost,5,2026-06-16,21400,
PROS-04726,REP-0065,Sterling Solutions,1000-5000,Paid Marketing,Data Analytics,Q1 2026,2026-02-18,Lost,4,2026-03-18,87000,
PROS-04727,REP-0041,Pulse Partners,51-200,Conference,Security Suite,Q4 2025,2025-11-07,Won,3,2025-12-12,78700,80600
PROS-04728,REP-0011,Apex Systems,51-200,Cold Outreach,Cloud Compute,Q2 2026,2026-05-09,Lost,4,2026-05-21,24100,
PROS-04729,REP-0099,Nova Group,1000-5000,Paid Marketing,Cloud Compute,Q2 2026,2026-05-20,Lost,5,2026-06-29,32000,
PROS-04730,REP-0072,Vertex Digital,201-1000,Paid Marketing,Cloud Compute,Q1 2026,2026-03-22,Lost,2,2026-05-04,23400,
PROS-04731,REP-0057,Cobalt Technologies,5000+,Paid Marketing,Data Analytics,Q2 2026,2026-04-10,Lost,5,2026-05-27,45200,
PROS-04732,REP-0037,Vantage Industries,201-1000,Conference,Cloud Storage,Q2 2026,2026-06-18,Open,0,,10800,
PROS-04733,REP-0005,Anchor Solutions,51-200,LinkedIn,AI Platform,Q2 2026,2026-06-06,Open,2,,73300,
PROS-04734,REP-0059,Summit Labs,1-50,Paid Marketing,Data Analytics,Q4 2025,2025-12-17,Dead,0,,16400,
PROS-04735,REP-0104,Wavefront Holdings,1000-5000,LinkedIn,Cloud Storage,Q4 2025,2025-11-18,Won,5,2026-01-04,16800,19700
PROS-04736,REP-0022,Atlas Industries,201-1000,Website Inquiry,Security Suite,Q1 2026,2026-02-12,Lost,3,2026-03-31,52400,
PROS-04737,REP-0014,Apex Networks,51-200,Referral,Security Suite,Q2 2026,2026-05-23,Dead,1,,54700,
PROS-04738,REP-0067,Vertex Group,1000-5000,Paid Marketing,Security Suite,Q1 2026,2026-02-20,Lost,2,2026-04-07,50100,
PROS-04739,REP-0110,Nova Networks,51-200,Cold Outreach,Cloud Compute,Q4 2025,2025-10-02,Dead,0,,27800,
PROS-04740,REP-0078,Apex Group,201-1000,Cold Outreach,Cloud Compute,Q2 2026,2026-06-03,Dead,0,,21300,
PROS-04741,REP-0041,Pulse Group,201-1000,Paid Marketing,AI Platform,Q2 2026,2026-06-18,Dead,0,,148000,
PROS-04742,REP-0102,Nova Industries,201-1000,Paid Marketing,Cloud Storage,Q1 2026,2026-02-12,Dead,0,,17100,
PROS-04743,REP-0015,Nova Labs,1-50,Inbound Call,Cloud Storage,Q4 2025,2025-10-25,Dead,1,,3900,
PROS-04744,REP-0066,Quantum Technologies,201-1000,LinkedIn,Cloud Storage,Q1 2026,2026-03-11,Lost,2,2026-04-21,9400,
PROS-04745,REP-0017,Ironclad Dynamics,201-1000,Cold Outreach,Security Suite,Q4 2025,2025-12-12,Dead,1,,73500,
PROS-04746,REP-0019,Meridian Dynamics,201-1000,LinkedIn,Cloud Compute,Q2 2026,2026-06-19,Open,0,,18800,
PROS-04747,REP-0042,Summit Networks,1-50,Inbound Call,Cloud Compute,Q2 2026,2026-06-01,Open,1,,15100,
PROS-04748,REP-0070,Granite Technologies,51-200,Referral,Data Analytics,Q4 2025,2025-11-21,Dead,0,,42500,
PROS-04749,REP-0108,Summit Partners,51-200,Cold Outreach,Data Analytics,Q1 2026,2026-03-11,Lost,3,2026-04-04,43600,
PROS-04750,REP-0086,Ember Partners,201-1000,Cold Outreach,AI Platform,Q4 2025,2025-11-05,Lost,2,2025-12-18,64500,
PROS-04751,REP-0024,Vantage Holdings,1-50,Paid Marketing,AI Platform,Q1 2026,2026-03-10,Lost,4,2026-04-04,17100,
PROS-04752,REP-0007,Horizon Networks,51-200,Cold Outreach,Data Analytics,Q4 2025,2025-10-14,Dead,0,,29800,
PROS-04753,REP-0021,Apex Solutions,1-50,Conference,Data Analytics,Q4 2025,2025-11-18,Lost,3,2025-12-12,7000,
PROS-04754,REP-0003,Orbit Systems,1-50,Conference,Cloud Storage,Q1 2026,2026-02-24,Dead,0,,7300,
PROS-04755,REP-0049,Helix Solutions,201-1000,Cold Outreach,Cloud Storage,Q4 2025,2025-12-06,Lost,4,2026-01-10,8100,
PROS-04756,REP-0021,Lattice Technologies,51-200,Website Inquiry,AI Platform,Q2 2026,2026-04-04,Won,4,2026-04-18,86100,97800
PROS-04757,REP-0036,Helix Networks,201-1000,Conference,Cloud Storage,Q1 2026,2026-03-04,Won,3,2026-04-02,22800,26800
PROS-04758,REP-0094,Quantum Group,1-50,LinkedIn,Cloud Compute,Q1 2026,2026-03-05,Lost,3,2026-03-15,15300,
PROS-04759,REP-0080,Ridgeline Networks,201-1000,Paid Marketing,Security Suite,Q1 2026,2026-03-23,Lost,4,2026-05-02,71400,
PROS-04760,REP-0021,Catalyst Networks,201-1000,Website Inquiry,Data Analytics,Q4 2025,2025-11-02,Lost,3,2025-11-23,52700,
PROS-04761,REP-0089,Apex Digital,1-50,Paid Marketing,Data Analytics,Q2 2026,2026-04-09,Lost,2,2026-04-21,15300,
PROS-04762,REP-0091,Fusion Holdings,1000-5000,Website Inquiry,Cloud Storage,Q1 2026,2026-01-22,Lost,4,2026-02-22,18500,
PROS-04763,REP-0101,Meridian Group,51-200,Inbound Call,Security Suite,Q4 2025,2025-11-14,Lost,5,2025-12-28,32400,
PROS-04764,REP-0084,Vantage Technologies,1000-5000,Website Inquiry,Security Suite,Q2 2026,2026-04-15,Dead,1,,60800,
PROS-04765,REP-0081,Beacon Works,1-50,Paid Marketing,Cloud Compute,Q1 2026,2026-03-14,Dead,1,,14900,
PROS-04766,REP-0042,Quantum Systems,1-50,Paid Marketing,AI Platform,Q4 2025,2025-12-29,Lost,4,2026-01-09,17300,
PROS-04767,REP-0015,Quantum Solutions,1-50,Inbound Call,Cloud Compute,Q4 2025,2025-12-05,Lost,5,2025-12-16,12100,
PROS-04768,REP-0042,Catalyst Solutions,1-50,Cold Outreach,Security Suite,Q1 2026,2026-03-10,Dead,0,,24000,
PROS-04769,REP-0024,Solace Solutions,1-50,Paid Marketing,Cloud Storage,Q1 2026,2026-01-20,Lost,4,2026-02-13,4500,
PROS-04770,REP-0036,Solace Systems,201-1000,Website Inquiry,Cloud Compute,Q1 2026,2026-01-18,Lost,5,2026-02-05,23600,
PROS-04771,REP-0081,Atlas Partners,201-1000,Inbound Call,Security Suite,Q4 2025,2025-10-21,Dead,0,,45500,
PROS-04772,REP-0063,Orbit Works,51-200,Paid Marketing,Cloud Compute,Q1 2026,2026-01-11,Lost,3,2026-01-22,21000,
PROS-04773,REP-0076,Ironclad Dynamics,1-50,Paid Marketing,Cloud Storage,Q1 2026,2026-03-14,Dead,0,,6500,
PROS-04774,REP-0059,Pulse Partners,1-50,Cold Outreach,Cloud Compute,Q4 2025,2025-10-13,Lost,5,2025-10-29,6800,
PROS-04775,REP-0109,Helix Solutions,201-1000,Cold Outreach,Data Analytics,Q4 2025,2025-12-29,Dead,1,,53200,
PROS-04776,REP-0041,Drift Solutions,1000-5000,Paid Marketing,Cloud Storage,Q4 2025,2025-11-27,Lost,5,2026-01-14,38600,
PROS-04777,REP-0044,Ember Systems,1-50,Inbound Call,Cloud Storage,Q4 2025,2025-12-17,Dead,1,,6600,
PROS-04778,REP-0082,Apex Works,1000-5000,Cold Outreach,Data Analytics,Q1 2026,2026-02-13,Lost,3,2026-03-17,46900,
PROS-04779,REP-0068,Northgate Dynamics,1000-5000,LinkedIn,Cloud Storage,Q2 2026,2026-05-26,Lost,2,2026-06-15,27700,
PROS-04780,REP-0063,Northgate Systems,1-50,Website Inquiry,Cloud Compute,Q2 2026,2026-06-13,Dead,0,,7300,
PROS-04781,REP-0041,Meridian Labs,201-1000,Paid Marketing,Security Suite,Q1 2026,2026-03-26,Lost,5,2026-04-18,108200,
PROS-04782,REP-0034,Redshift Solutions,201-1000,LinkedIn,Cloud Compute,Q1 2026,2026-03-12,Dead,0,,29100,
PROS-04783,REP-0028,Cobalt Technologies,1-50,LinkedIn,Cloud Compute,Q4 2025,2025-11-23,Lost,4,2025-12-01,8100,
PROS-04784,REP-0097,Nova Networks,201-1000,Website Inquiry,Cloud Storage,Q4 2025,2025-10-16,Won,3,2025-11-17,14500,13600
PROS-04785,REP-0108,Anchor Networks,1-50,Inbound Call,Cloud Compute,Q1 2026,2026-02-02,Won,2,2026-02-22,21600,19100
PROS-04786,REP-0040,Granite Solutions,1000-5000,Conference,Cloud Compute,Q4 2025,2025-12-25,Dead,0,,60100,
PROS-04787,REP-0110,Ironclad Industries,201-1000,Cold Outreach,Cloud Storage,Q4 2025,2025-11-22,Lost,4,2025-12-28,17000,
PROS-04788,REP-0110,Sterling Dynamics,51-200,LinkedIn,Cloud Compute,Q2 2026,2026-06-02,Won,3,2026-06-29,10700,12700
PROS-04789,REP-0011,Wavefront Works,1-50,Cold Outreach,AI Platform,Q2 2026,2026-05-25,Lost,2,2026-06-13,32400,
PROS-04790,REP-0074,Northgate Group,1000-5000,Paid Marketing,Cloud Storage,Q2 2026,2026-05-11,Lost,4,2026-06-29,18900,
PROS-04791,REP-0090,Horizon Solutions,5000+,Cold Outreach,Cloud Storage,Q4 2025,2025-11-29,Dead,2,,41500,
PROS-04792,REP-0103,Granite Networks,51-200,Paid Marketing,AI Platform,Q1 2026,2026-02-02,Lost,2,2026-02-09,87100,
PROS-04793,REP-0009,Lattice Holdings,1000-5000,Website Inquiry,Cloud Compute,Q2 2026,2026-05-16,Lost,5,2026-06-27,24500,
PROS-04794,REP-0040,Lattice Networks,201-1000,LinkedIn,Data Analytics,Q2 2026,2026-04-28,Dead,1,,44400,
PROS-04795,REP-0088,Redshift Networks,1-50,Paid Marketing,Data Analytics,Q1 2026,2026-01-04,Lost,3,2026-01-29,10800,
PROS-04796,REP-0073,Sterling Digital,1000-5000,Inbound Call,Cloud Compute,Q1 2026,2026-02-08,Lost,5,2026-03-11,42800,
PROS-04797,REP-0006,Summit Networks,1000-5000,Conference,Cloud Storage,Q1 2026,2026-03-27,Dead,0,,23800,
PROS-04798,REP-0015,Pulse Networks,1-50,Paid Marketing,AI Platform,Q1 2026,2026-01-25,Dead,0,,63000,
PROS-04799,REP-0098,Anchor Solutions,51-200,Cold Outreach,Cloud Storage,Q4 2025,2025-10-04,Lost,5,2025-11-14,9000,
PROS-04800,REP-0031,Cobalt Solutions,1000-5000,LinkedIn,Security Suite,Q2 2026,2026-05-11,Lost,2,2026-05-31,56700,
PROS-04801,REP-0043,Catalyst Industries,201-1000,Website Inquiry,Cloud Compute,Q2 2026,2026-04-23,Lost,4,2026-05-19,23500,
PROS-04802,REP-0049,Quantum Works,201-1000,Paid Marketing,Cloud Storage,Q1 2026,2026-03-03,Dead,1,,12000,
PROS-04803,REP-0010,Northgate Networks,201-1000,Inbound Call,AI Platform,Q2 2026,2026-04-14,Won,3,2026-05-07,98200,89700
PROS-04804,REP-0076,Sterling Networks,51-200,LinkedIn,Data Analytics,Q1 2026,2026-02-02,Dead,0,,35000,
PROS-04805,REP-0109,Beacon Technologies,51-200,Referral,Cloud Compute,Q4 2025,2025-11-02,Won,4,2025-11-15,28500,30400
PROS-04806,REP-0066,Ember Networks,201-1000,Cold Outreach,Cloud Storage,Q4 2025,2025-10-24,Dead,2,,11100,
PROS-04807,REP-0091,Pulse Holdings,201-1000,Website Inquiry,AI Platform,Q1 2026,2026-01-24,Lost,3,2026-03-11,145800,
PROS-04808,REP-0070,Pulse Works,201-1000,Cold Outreach,Data Analytics,Q1 2026,2026-03-23,Dead,0,,37600,
PROS-04809,REP-0017,Atlas Dynamics,1000-5000,Inbound Call,Data Analytics,Q2 2026,2026-04-05,Won,5,2026-04-26,51900,60500
PROS-04810,REP-0047,Catalyst Partners,201-1000,Paid Marketing,Security Suite,Q4 2025,2025-10-07,Dead,1,,51200,
PROS-04811,REP-0088,Lattice Technologies,51-200,Cold Outreach,Data Analytics,Q4 2025,2025-12-08,Dead,1,,40200,
PROS-04812,REP-0066,Atlas Industries,51-200,Paid Marketing,AI Platform,Q4 2025,2025-11-08,Dead,0,,81400,
PROS-04813,REP-0016,Northgate Dynamics,5000+,Paid Marketing,Security Suite,Q1 2026,2026-03-18,Dead,0,,197300,
PROS-04814,REP-0038,Nimbus Dynamics,201-1000,Conference,Cloud Compute,Q1 2026,2026-01-25,Lost,4,2026-03-10,28300,
PROS-04815,REP-0029,Anchor Holdings,51-200,Inbound Call,Cloud Compute,Q2 2026,2026-06-10,Open,2,,25000,
PROS-04816,REP-0107,Quantum Labs,51-200,Website Inquiry,Security Suite,Q1 2026,2026-02-21,Lost,5,2026-03-09,60900,
PROS-04817,REP-0042,Cobalt Partners,1-50,Paid Marketing,Data Analytics,Q4 2025,2025-10-28,Lost,5,2025-11-17,9800,
PROS-04818,REP-0095,Apex Systems,1-50,Paid Marketing,AI Platform,Q2 2026,2026-05-03,Dead,0,,63100,
PROS-04819,REP-0056,Fusion Group,201-1000,Paid Marketing,Cloud Storage,Q2 2026,2026-04-14,Lost,3,2026-04-27,17400,
PROS-04820,REP-0086,Zenith Systems,201-1000,Inbound Call,Security Suite,Q1 2026,2026-01-21,Lost,4,2026-02-27,49800,
PROS-04821,REP-0057,Nimbus Holdings,1000-5000,Paid Marketing,Cloud Compute,Q4 2025,2025-10-18,Won,4,2025-11-24,32800,32700
PROS-04822,REP-0104,Fusion Group,201-1000,Paid Marketing,AI Platform,Q2 2026,2026-04-15,Dead,0,,125700,
PROS-04823,REP-0095,Vertex Industries,1-50,Paid Marketing,Security Suite,Q4 2025,2025-11-19,Won,2,2025-12-06,45000,38300
PROS-04824,REP-0096,Fusion Networks,201-1000,Inbound Call,Cloud Compute,Q4 2025,2025-12-05,Lost,5,2025-12-14,28100,
PROS-04825,REP-0053,Drift Partners,1-50,Conference,Cloud Storage,Q2 2026,2026-04-21,Lost,3,2026-05-08,5100,
PROS-04826,REP-0011,Orbit Technologies,1-50,Conference,Cloud Storage,Q4 2025,2025-11-29,Dead,1,,4400,
PROS-04827,REP-0043,Vantage Labs,201-1000,Inbound Call,AI Platform,Q2 2026,2026-06-29,Lost,5,2026-06-28,124400,
PROS-04828,REP-0083,Pulse Technologies,1000-5000,Website Inquiry,Cloud Storage,Q4 2025,2025-11-01,Dead,2,,18100,
PROS-04829,REP-0047,Beacon Labs,51-200,Paid Marketing,Cloud Storage,Q1 2026,2026-03-19,Won,5,2026-04-11,8300,9300
PROS-04830,REP-0008,Sterling Group,201-1000,Paid Marketing,Cloud Compute,Q2 2026,2026-06-20,Open,2,,18300,
PROS-04831,REP-0098,Beacon Group,201-1000,Cold Outreach,Cloud Storage,Q1 2026,2026-03-02,Won,3,2026-04-05,18200,16300
PROS-04832,REP-0097,Nova Solutions,201-1000,Website Inquiry,Cloud Compute,Q4 2025,2025-11-21,Dead,0,,20400,
PROS-04833,REP-0004,Cobalt Labs,1-50,Website Inquiry,Cloud Compute,Q2 2026,2026-05-23,Dead,1,,19400,
PROS-04834,REP-0005,Ironclad Group,51-200,Paid Marketing,Data Analytics,Q2 2026,2026-05-21,Lost,3,2026-06-02,23700,
PROS-04835,REP-0029,Apex Digital,1000-5000,Inbound Call,Data Analytics,Q4 2025,2025-11-22,Dead,0,,33200,
PROS-04836,REP-0019,Ridgeline Systems,201-1000,Paid Marketing,Data Analytics,Q1 2026,2026-01-26,Lost,5,2026-02-12,53900,
PROS-04837,REP-0075,Zenith Holdings,201-1000,Inbound Call,Security Suite,Q1 2026,2026-01-01,Lost,5,2026-01-27,42300,
PROS-04838,REP-0095,Lattice Partners,1-50,Inbound Call,Security Suite,Q1 2026,2026-02-26,Won,4,2026-03-16,48100,56500
PROS-04839,REP-0070,Meridian Technologies,201-1000,LinkedIn,Cloud Compute,Q4 2025,2025-12-19,Won,6,2026-01-15,28100,33000
PROS-04840,REP-0071,Solace Labs,201-1000,Conference,Data Analytics,Q1 2026,2026-01-17,Dead,1,,40500,
PROS-04841,REP-0064,Vertex Networks,201-1000,Paid Marketing,Cloud Compute,Q1 2026,2026-02-04,Lost,3,2026-02-19,30000,
PROS-04842,REP-0021,Fusion Labs,201-1000,Website Inquiry,Data Analytics,Q4 2025,2025-10-19,Dead,0,,40400,
PROS-04843,REP-0065,Solace Digital,51-200,Cold Outreach,Security Suite,Q1 2026,2026-03-18,Lost,3,2026-04-30,76500,
PROS-04844,REP-0108,Beacon Labs,1-50,Website Inquiry,Data Analytics,Q4 2025,2025-10-12,Lost,5,2025-10-30,13500,
PROS-04845,REP-0042,Meridian Systems,1-50,Paid Marketing,AI Platform,Q1 2026,2026-01-10,Lost,5,2026-01-25,24200,
PROS-04846,REP-0036,Pulse Labs,201-1000,LinkedIn,AI Platform,Q1 2026,2026-03-31,Dead,0,,84200,
PROS-04847,REP-0098,Drift Industries,1000-5000,Inbound Call,Data Analytics,Q1 2026,2026-02-18,Won,4,2026-03-27,63000,74800
PROS-04848,REP-0092,Pulse Partners,1000-5000,Website Inquiry,Cloud Storage,Q4 2025,2025-12-12,Lost,3,2026-01-28,30900,
PROS-04849,REP-0007,Cobalt Technologies,201-1000,LinkedIn,Security Suite,Q2 2026,2026-06-05,Open,1,,75800,
PROS-04850,REP-0036,Meridian Partners,51-200,Inbound Call,Data Analytics,Q4 2025,2025-10-22,Won,4,2025-12-03,25900,23100
PROS-04851,REP-0074,Redshift Systems,51-200,Paid Marketing,Cloud Storage,Q2 2026,2026-05-25,Lost,4,2026-06-14,10000,
PROS-04852,REP-0077,Wavefront Solutions,1-50,Website Inquiry,Cloud Compute,Q1 2026,2026-02-21,Dead,2,,9700,
PROS-04853,REP-0038,Orbit Labs,201-1000,Website Inquiry,Cloud Storage,Q4 2025,2025-11-08,Lost,4,2025-12-26,8900,
PROS-04854,REP-0035,Horizon Industries,1000-5000,Inbound Call,Cloud Storage,Q1 2026,2026-02-09,Lost,2,2026-04-01,28800,
PROS-04855,REP-0087,Granite Digital,1000-5000,Inbound Call,AI Platform,Q2 2026,2026-05-02,Lost,2,2026-06-20,157100,
PROS-04856,REP-0042,Pulse Dynamics,1-50,Cold Outreach,AI Platform,Q1 2026,2026-02-04,Lost,3,2026-02-13,22200,
PROS-04857,REP-0011,Nimbus Solutions,1-50,Cold Outreach,Data Analytics,Q1 2026,2026-02-20,Won,4,2026-03-07,10500,11800
PROS-04858,REP-0089,Vantage Digital,1-50,LinkedIn,Cloud Compute,Q2 2026,2026-06-09,Open,0,,4900,
PROS-04859,REP-0072,Drift Group,201-1000,Paid Marketing,Data Analytics,Q1 2026,2026-02-11,Dead,0,,18200,
PROS-04860,REP-0076,Redshift Systems,1-50,Paid Marketing,Security Suite,Q1 2026,2026-02-15,Dead,2,,15300,
PROS-04861,REP-0062,Northgate Digital,1-50,Website Inquiry,Security Suite,Q2 2026,2026-05-27,Open,2,,17100,
PROS-04862,REP-0051,Catalyst Networks,5000+,Paid Marketing,Cloud Storage,Q2 2026,2026-06-11,Open,1,,32000,
PROS-04863,REP-0070,Drift Group,201-1000,Website Inquiry,Security Suite,Q1 2026,2026-01-01,Won,3,2026-02-11,62500,64900
PROS-04864,REP-0065,Atlas Technologies,201-1000,Referral,Data Analytics,Q1 2026,2026-03-05,Dead,0,,68100,
PROS-04865,REP-0015,Drift Labs,1-50,Paid Marketing,Security Suite,Q2 2026,2026-06-22,Open,1,,19500,
PROS-04866,REP-0063,Catalyst Dynamics,1-50,Paid Marketing,AI Platform,Q2 2026,2026-04-13,Lost,4,2026-04-21,45900,
PROS-04867,REP-0102,Atlas Networks,1-50,Paid Marketing,Security Suite,Q1 2026,2026-03-03,Won,2,2026-03-27,19000,20000
PROS-04868,REP-0017,Granite Industries,51-200,Conference,AI Platform,Q1 2026,2026-03-11,Dead,0,,53100,
PROS-04869,REP-0064,Granite Digital,1000-5000,Conference,AI Platform,Q2 2026,2026-04-21,Dead,0,,134500,
PROS-04870,REP-0021,Quantum Industries,1-50,Paid Marketing,AI Platform,Q2 2026,2026-04-02,Lost,5,2026-04-25,22500,
PROS-04871,REP-0005,Vertex Technologies,1-50,Conference,Security Suite,Q4 2025,2025-10-25,Dead,0,,18200,
PROS-04872,REP-0035,Nimbus Technologies,1000-5000,LinkedIn,Security Suite,Q1 2026,2026-02-17,Lost,2,2026-03-21,118200,
PROS-04873,REP-0043,Drift Group,201-1000,LinkedIn,Cloud Storage,Q2 2026,2026-06-14,Open,0,,9700,
PROS-04874,REP-0042,Catalyst Industries,1-50,Cold Outreach,Security Suite,Q2 2026,2026-04-03,Won,2,2026-04-12,19900,17800
PROS-04875,REP-0010,Apex Group,201-1000,Cold Outreach,Cloud Storage,Q1 2026,2026-02-03,Lost,2,2026-02-28,9800,
PROS-04876,REP-0082,Drift Technologies,1000-5000,Conference,Cloud Compute,Q2 2026,2026-06-09,Open,0,,28800,
PROS-04877,REP-0080,Cobalt Works,51-200,Paid Marketing,Cloud Compute,Q4 2025,2025-10-24,Lost,3,2025-11-14,10600,
PROS-04878,REP-0091,Pulse Dynamics,1000-5000,Inbound Call,Cloud Storage,Q2 2026,2026-05-15,Lost,3,2026-06-27,19300,
PROS-04879,REP-0072,Apex Networks,51-200,Paid Marketing,AI Platform,Q2 2026,2026-06-02,Open,2,,58200,
PROS-04880,REP-0050,Solace Solutions,1000-5000,Cold Outreach,Cloud Compute,Q2 2026,2026-06-16,Open,0,,41700,
PROS-04881,REP-0006,Vertex Technologies,1000-5000,Cold Outreach,Cloud Storage,Q2 2026,2026-06-29,Open,1,,15700,
PROS-04882,REP-0079,Solace Networks,1-50,Cold Outreach,Cloud Compute,Q2 2026,2026-05-20,Lost,5,2026-06-14,11100,
PROS-04883,REP-0067,Zenith Solutions,1000-5000,Paid Marketing,Cloud Compute,Q4 2025,2025-10-06,Dead,0,,36600,
PROS-04884,REP-0106,Vertex Networks,51-200,LinkedIn,Cloud Compute,Q1 2026,2026-02-08,Dead,0,,25500,
PROS-04885,REP-0028,Drift Partners,51-200,Website Inquiry,Cloud Storage,Q4 2025,2025-12-23,Lost,5,2026-01-13,13500,
PROS-04886,REP-0095,Helix Partners,51-200,LinkedIn,Cloud Storage,Q2 2026,2026-06-06,Open,1,,15300,
PROS-04887,REP-0021,Orbit Industries,201-1000,Paid Marketing,Cloud Compute,Q4 2025,2025-11-02,Lost,4,2025-11-13,17100,
PROS-04888,REP-0026,Helix Dynamics,51-200,LinkedIn,Cloud Storage,Q1 2026,2026-02-08,Dead,1,,12900,
PROS-04889,REP-0094,Zenith Holdings,51-200,LinkedIn,Cloud Compute,Q4 2025,2025-11-28,Dead,0,,21300,
PROS-04890,REP-0109,Lattice Systems,1-50,Cold Outreach,AI Platform,Q2 2026,2026-05-05,Won,3,2026-05-25,53100,52100
PROS-04891,REP-0062,Anchor Digital,1-50,Website Inquiry,AI Platform,Q2 2026,2026-05-15,Lost,3,2026-06-06,33700,
PROS-04892,REP-0063,Fusion Technologies,1-50,Cold Outreach,Cloud Storage,Q4 2025,2025-11-30,Dead,2,,3400,
PROS-04893,REP-0053,Anchor Systems,1-50,Paid Marketing,AI Platform,Q2 2026,2026-04-13,Lost,4,2026-04-23,20000,
PROS-04894,REP-0028,Quantum Industries,51-200,Website Inquiry,Data Analytics,Q2 2026,2026-06-05,Open,2,,18200,
PROS-04895,REP-0077,Zenith Holdings,1-50,Paid Marketing,Data Analytics,Q2 2026,2026-05-08,Lost,2,2026-05-22,10100,
PROS-04896,REP-0033,Quantum Systems,1000-5000,LinkedIn,AI Platform,Q4 2025,2025-12-11,Dead,0,,115900,
PROS-04897,REP-0101,Ember Digital,51-200,Paid Marketing,Cloud Storage,Q4 2025,2025-11-11,Dead,1,,17800,
PROS-04898,REP-0020,Cobalt Industries,1000-5000,Referral,Cloud Storage,Q4 2025,2025-10-17,Lost,2,2025-11-23,16600,
PROS-04899,REP-0015,Anchor Holdings,1-50,Website Inquiry,Data Analytics,Q1 2026,2026-03-28,Dead,0,,23200,
PROS-04900,REP-0015,Zenith Technologies,1-50,Paid Marketing,Cloud Compute,Q4 2025,2025-11-18,Dead,0,,7900,
PROS-04901,REP-0064,Orbit Group,201-1000,Paid Marketing,Security Suite,Q4 2025,2025-11-14,Dead,0,,45300,
PROS-04902,REP-0103,Northgate Digital,1-50,Paid Marketing,Cloud Compute,Q1 2026,2026-03-15,Dead,2,,11100,
PROS-04903,REP-0049,Cobalt Works,201-1000,LinkedIn,Cloud Compute,Q4 2025,2025-11-14,Lost,2,2025-12-29,24600,
PROS-04904,REP-0055,Horizon Group,5000+,Conference,AI Platform,Q2 2026,2026-06-14,Lost,2,2026-06-27,190000,
PROS-04905,REP-0061,Cobalt Solutions,1000-5000,Cold Outreach,Cloud Storage,Q2 2026,2026-04-16,Dead,0,,23600,
PROS-04906,REP-0024,Atlas Partners,1-50,Inbound Call,Cloud Storage,Q1 2026,2026-02-04,Lost,5,2026-02-17,5300,
PROS-04907,REP-0065,Summit Industries,201-1000,Paid Marketing,AI Platform,Q2 2026,2026-04-06,Lost,3,2026-05-12,113300,
PROS-04908,REP-0071,Granite Partners,201-1000,Paid Marketing,Security Suite,Q2 2026,2026-06-05,Open,2,,81900,
PROS-04909,REP-0033,Ember Systems,1000-5000,LinkedIn,Cloud Compute,Q1 2026,2026-03-31,Won,5,2026-05-26,49300,52900
PROS-04910,REP-0027,Granite Works,1000-5000,Paid Marketing,Security Suite,Q2 2026,2026-05-26,Lost,4,2026-06-27,54900,
PROS-04911,REP-0109,Quantum Partners,1-50,LinkedIn,Security Suite,Q2 2026,2026-06-26,Open,1,,42900,
PROS-04912,REP-0004,Redshift Partners,1-50,Website Inquiry,AI Platform,Q1 2026,2026-03-23,Won,4,2026-04-15,49600,46900
PROS-04913,REP-0034,Lattice Works,51-200,Website Inquiry,Data Analytics,Q4 2025,2025-12-02,Dead,0,,15600,
PROS-04914,REP-0054,Helix Technologies,51-200,Paid Marketing,Cloud Compute,Q2 2026,2026-06-12,Open,1,,18200,
PROS-04915,REP-0003,Sterling Labs,1-50,Paid Marketing,Data Analytics,Q1 2026,2026-02-18,Lost,2,2026-03-08,14700,
PROS-04916,REP-0071,Wavefront Works,201-1000,Cold Outreach,Cloud Storage,Q2 2026,2026-05-14,Dead,0,,16200,
PROS-04917,REP-0064,Ember Technologies,201-1000,Website Inquiry,Cloud Compute,Q4 2025,2025-11-23,Dead,0,,19500,
PROS-04918,REP-0070,Sterling Labs,201-1000,Inbound Call,Cloud Compute,Q4 2025,2025-12-31,Lost,4,2026-02-16,31600,
PROS-04919,REP-0044,Catalyst Networks,51-200,Cold Outreach,AI Platform,Q2 2026,2026-06-30,Dead,0,,55800,
PROS-04920,REP-0047,Wavefront Industries,1000-5000,Cold Outreach,Data Analytics,Q2 2026,2026-06-20,Open,3,,47800,
PROS-04921,REP-0020,Drift Partners,1000-5000,Website Inquiry,Cloud Storage,Q4 2025,2025-12-20,Dead,1,,32900,
PROS-04922,REP-0042,Atlas Holdings,51-200,Website Inquiry,Security Suite,Q2 2026,2026-06-22,Open,0,,44100,
PROS-04923,REP-0015,Orbit Networks,51-200,LinkedIn,Cloud Compute,Q4 2025,2025-11-30,Won,3,2025-12-22,20400,23300
PROS-04924,REP-0008,Wavefront Dynamics,51-200,Paid Marketing,Security Suite,Q4 2025,2025-12-11,Lost,3,2026-01-05,25200,
PROS-04925,REP-0059,Horizon Technologies,1-50,Cold Outreach,Cloud Storage,Q2 2026,2026-05-25,Dead,1,,5000,
PROS-04926,REP-0070,Sterling Industries,1000-5000,LinkedIn,Cloud Compute,Q1 2026,2026-03-01,Dead,0,,51200,
PROS-04927,REP-0074,Redshift Works,1000-5000,Website Inquiry,Cloud Compute,Q2 2026,2026-06-12,Open,0,,46700,
PROS-04928,REP-0017,Helix Systems,201-1000,Website Inquiry,AI Platform,Q2 2026,2026-04-21,Lost,5,2026-06-03,73200,
PROS-04929,REP-0104,Helix Industries,5000+,Paid Marketing,Data Analytics,Q2 2026,2026-05-01,Lost,3,2026-06-12,85700,
PROS-04930,REP-0096,Vertex Digital,1-50,Paid Marketing,Cloud Compute,Q4 2025,2025-12-03,Dead,0,,11400,
PROS-04931,REP-0024,Lattice Group,51-200,Cold Outreach,Data Analytics,Q4 2025,2025-11-29,Lost,5,2025-12-10,14400,
PROS-04932,REP-0040,Meridian Holdings,1000-5000,Website Inquiry,Data Analytics,Q1 2026,2026-03-19,Dead,0,,40500,
PROS-04933,REP-0078,Atlas Partners,51-200,Paid Marketing,AI Platform,Q2 2026,2026-05-15,Lost,2,2026-06-14,56300,
PROS-04934,REP-0097,Apex Systems,201-1000,Cold Outreach,Cloud Storage,Q4 2025,2025-10-09,Dead,0,,18400,
PROS-04935,REP-0083,Meridian Networks,51-200,Cold Outreach,Data Analytics,Q1 2026,2026-03-27,Dead,0,,24900,
PROS-04936,REP-0035,Orbit Labs,1000-5000,Cold Outreach,AI Platform,Q2 2026,2026-04-08,Lost,5,2026-05-22,110200,
PROS-04937,REP-0050,Northgate Works,1000-5000,Paid Marketing,AI Platform,Q2 2026,2026-06-04,Open,2,,142200,
PROS-04938,REP-0054,Lattice Networks,201-1000,LinkedIn,AI Platform,Q2 2026,2026-05-19,Won,4,2026-06-13,132900,126200
PROS-04939,REP-0019,Meridian Labs,51-200,Paid Marketing,AI Platform,Q1 2026,2026-03-26,Dead,0,,31200,
PROS-04940,REP-0036,Redshift Solutions,1000-5000,Cold Outreach,Security Suite,Q1 2026,2026-03-29,Dead,0,,140400,
PROS-04941,REP-0087,Pulse Dynamics,1000-5000,LinkedIn,Security Suite,Q1 2026,2026-01-27,Dead,2,,74600,
PROS-04942,REP-0001,Orbit Dynamics,51-200,Cold Outreach,Data Analytics,Q1 2026,2026-01-18,Lost,4,2026-02-27,24500,
PROS-04943,REP-0109,Anchor Works,1-50,Referral,Cloud Compute,Q4 2025,2025-12-19,Lost,2,2026-01-03,11400,
PROS-04944,REP-0077,Apex Dynamics,51-200,Inbound Call,Cloud Storage,Q2 2026,2026-06-30,Won,2,2026-06-30,15800,17300
PROS-04945,REP-0096,Vertex Digital,1-50,LinkedIn,Data Analytics,Q1 2026,2026-03-17,Won,2,2026-04-02,15400,13200
PROS-04946,REP-0051,Drift Systems,1000-5000,Conference,Cloud Compute,Q2 2026,2026-04-21,Dead,1,,21100,
PROS-04947,REP-0058,Atlas Technologies,5000+,Website Inquiry,Cloud Compute,Q1 2026,2026-01-22,Lost,5,2026-02-21,98500,
PROS-04948,REP-0014,Drift Systems,201-1000,Cold Outreach,Security Suite,Q2 2026,2026-04-12,Lost,3,2026-05-31,83100,
PROS-04949,REP-0010,Nimbus Digital,201-1000,Conference,Cloud Compute,Q2 2026,2026-06-17,Lost,4,2026-06-27,25900,
PROS-04950,REP-0096,Atlas Dynamics,201-1000,Conference,Data Analytics,Q4 2025,2025-12-22,Won,2,2026-01-01,26900,28000
PROS-04951,REP-0004,Summit Digital,51-200,Paid Marketing,Data Analytics,Q4 2025,2025-11-06,Lost,2,2025-11-14,48200,
PROS-04952,REP-0103,Catalyst Group,51-200,Website Inquiry,Cloud Compute,Q4 2025,2025-11-03,Dead,0,,18500,
PROS-04953,REP-0109,Cobalt Networks,1-50,Website Inquiry,Security Suite,Q1 2026,2026-01-06,Dead,0,,20900,
PROS-04954,REP-0010,Redshift Digital,51-200,Conference,Cloud Compute,Q1 2026,2026-03-26,Lost,5,2026-04-20,13300,
PROS-04955,REP-0050,Nova Systems,5000+,Website Inquiry,Cloud Compute,Q4 2025,2025-10-27,Lost,5,2026-01-10,73400,
PROS-04956,REP-0052,Beacon Partners,1000-5000,Referral,Cloud Compute,Q4 2025,2025-10-14,Won,7,2025-12-06,56300,54200
PROS-04957,REP-0034,Northgate Group,201-1000,Inbound Call,Data Analytics,Q2 2026,2026-04-05,Dead,0,,43700,
PROS-04958,REP-0029,Drift Labs,201-1000,LinkedIn,Cloud Storage,Q1 2026,2026-03-15,Dead,0,,15700,
PROS-04959,REP-0019,Zenith Industries,201-1000,Cold Outreach,Cloud Compute,Q2 2026,2026-05-08,Won,4,2026-05-26,34600,41000
PROS-04960,REP-0099,Nimbus Group,201-1000,Paid Marketing,AI Platform,Q2 2026,2026-04-23,Lost,3,2026-05-17,165200,
PROS-04961,REP-0012,Lattice Group,201-1000,LinkedIn,Security Suite,Q1 2026,2026-01-27,Lost,3,2026-02-08,44600,
PROS-04962,REP-0031,Fusion Works,1000-5000,LinkedIn,Cloud Compute,Q2 2026,2026-04-27,Lost,3,2026-06-15,32800,
PROS-04963,REP-0108,Horizon Solutions,51-200,Website Inquiry,Data Analytics,Q4 2025,2025-12-09,Dead,0,,25200,
PROS-04964,REP-0025,Vantage Holdings,201-1000,LinkedIn,Cloud Storage,Q1 2026,2026-01-21,Lost,5,2026-02-18,21400,
PROS-04965,REP-0099,Drift Group,1000-5000,Cold Outreach,Cloud Storage,Q2 2026,2026-05-15,Dead,0,,15800,
PROS-04966,REP-0110,Ridgeline Dynamics,201-1000,Cold Outreach,Data Analytics,Q1 2026,2026-03-12,Lost,3,2026-04-04,33900,
PROS-04967,REP-0030,Apex Systems,1000-5000,Cold Outreach,Cloud Compute,Q1 2026,2026-02-07,Lost,4,2026-04-30,41500,
PROS-04968,REP-0034,Cobalt Works,201-1000,Inbound Call,Data Analytics,Q1 2026,2026-01-30,Lost,4,2026-02-25,34100,
PROS-04969,REP-0068,Pulse Partners,51-200,Paid Marketing,Cloud Storage,Q1 2026,2026-03-24,Lost,4,2026-04-26,11800,
PROS-04970,REP-0036,Quantum Labs,1000-5000,Conference,Data Analytics,Q1 2026,2026-02-28,Won,5,2026-03-31,68500,75500
PROS-04971,REP-0021,Apex Digital,1-50,Conference,Cloud Storage,Q4 2025,2025-10-12,Lost,5,2025-11-04,6900,
PROS-04972,REP-0028,Redshift Systems,1-50,Cold Outreach,Cloud Compute,Q4 2025,2025-11-23,Dead,1,,10400,
PROS-04973,REP-0096,Ironclad Industries,1-50,Cold Outreach,Cloud Storage,Q2 2026,2026-05-01,Dead,0,,4800,
PROS-04974,REP-0070,Ember Partners,201-1000,Inbound Call,Security Suite,Q4 2025,2025-12-06,Lost,3,2025-12-24,97800,
PROS-04975,REP-0076,Nimbus Industries,51-200,Paid Marketing,Data Analytics,Q4 2025,2025-12-22,Dead,1,,38900,
PROS-04976,REP-0062,Orbit Dynamics,1-50,Paid Marketing,Cloud Storage,Q2 2026,2026-04-16,Dead,0,,3500,
PROS-04977,REP-0102,Atlas Digital,51-200,Paid Marketing,AI Platform,Q2 2026,2026-05-02,Dead,1,,39700,
PROS-04978,REP-0046,Catalyst Technologies,51-200,Cold Outreach,Cloud Compute,Q2 2026,2026-04-03,Dead,1,,21600,
PROS-04979,REP-0098,Anchor Labs,1000-5000,Paid Marketing,Cloud Storage,Q2 2026,2026-05-31,Open,0,,20200,
PROS-04980,REP-0043,Apex Networks,51-200,Cold Outreach,Security Suite,Q2 2026,2026-05-10,Won,6,2026-06-12,58800,54000
PROS-04981,REP-0030,Helix Labs,1000-5000,Paid Marketing,AI Platform,Q2 2026,2026-04-28,Lost,5,2026-06-30,101400,
PROS-04982,REP-0086,Atlas Works,201-1000,LinkedIn,Cloud Storage,Q1 2026,2026-03-23,Won,6,2026-04-30,12100,11300
PROS-04983,REP-0107,Zenith Industries,201-1000,Website Inquiry,Data Analytics,Q1 2026,2026-02-08,Dead,0,,34800,
PROS-04984,REP-0083,Redshift Technologies,1000-5000,Inbound Call,Cloud Compute,Q4 2025,2025-10-15,Won,4,2025-12-01,53500,49100
PROS-04985,REP-0077,Cobalt Networks,201-1000,LinkedIn,Cloud Storage,Q1 2026,2026-01-12,Lost,2,2026-02-03,21800,
PROS-04986,REP-0095,Granite Group,51-200,Paid Marketing,Security Suite,Q4 2025,2025-11-12,Lost,4,2025-11-29,32200,
PROS-04987,REP-0086,Ironclad Partners,201-1000,Cold Outreach,Security Suite,Q2 2026,2026-06-15,Open,1,,62500,
PROS-04988,REP-0058,Vertex Technologies,5000+,Paid Marketing,Cloud Compute,Q2 2026,2026-06-12,Lost,3,2026-06-30,50800,
PROS-04989,REP-0056,Nova Industries,1-50,Paid Marketing,Data Analytics,Q1 2026,2026-03-21,Lost,2,2026-04-04,9200,
PROS-04990,REP-0071,Solace Digital,51-200,Inbound Call,Cloud Storage,Q4 2025,2025-11-19,Dead,1,,6300,
PROS-04991,REP-0025,Sterling Works,51-200,Inbound Call,Cloud Compute,Q2 2026,2026-06-14,Open,0,,20800,
PROS-04992,REP-0042,Horizon Holdings,51-200,Inbound Call,Security Suite,Q1 2026,2026-03-14,Won,3,2026-03-25,39700,36600
PROS-04993,REP-0005,Northgate Holdings,51-200,Cold Outreach,Cloud Compute,Q1 2026,2026-01-20,Lost,2,2026-02-12,14000,
PROS-04994,REP-0035,Drift Group,1000-5000,Paid Marketing,Cloud Storage,Q1 2026,2026-03-01,Lost,3,2026-05-03,26400,
PROS-04995,REP-0095,Atlas Technologies,1-50,Website Inquiry,Cloud Storage,Q4 2025,2025-12-19,Lost,3,2026-01-01,8600,
PROS-04996,REP-0063,Helix Industries,51-200,LinkedIn,AI Platform,Q2 2026,2026-06-15,Open,0,,84300,
PROS-04997,REP-0071,Nimbus Holdings,1000-5000,LinkedIn,Security Suite,Q4 2025,2025-12-22,Dead,0,,51200,
PROS-04998,REP-0085,Sterling Holdings,1000-5000,Cold Outreach,Security Suite,Q4 2025,2025-10-15,Lost,3,2025-12-29,133300,
PROS-04999,REP-0021,Lattice Group,51-200,LinkedIn,Cloud Storage,Q1 2026,2026-02-16,Dead,1,,7200,
PROS-05000,REP-0009,Lattice Dynamics,201-1000,Conference,Data Analytics,Q1 2026,2026-03-03,Lost,4,2026-05-29,44500,
PROS-05001,REP-0023,Drift Systems,1000-5000,Cold Outreach,Cloud Compute,Q4 2025,2025-10-07,Lost,5,2025-11-14,41800,
PROS-05002,REP-0046,Nimbus Networks,201-1000,Paid Marketing,Cloud Compute,Q4 2025,2025-12-04,Lost,2,2025-12-25,24600,
PROS-05003,REP-0051,Granite Partners,201-1000,Paid Marketing,Security Suite,Q4 2025,2025-12-22,Lost,2,2026-02-24,58600,
PROS-05004,REP-0063,Apex Group,1-50,Website Inquiry,Cloud Compute,Q4 2025,2025-11-29,Lost,3,2025-12-10,6200,
PROS-05005,REP-0075,Ridgeline Systems,201-1000,Website Inquiry,Data Analytics,Q1 2026,2026-03-04,Lost,3,2026-03-26,19800,
PROS-05006,REP-0106,Vertex Holdings,201-1000,Paid Marketing,Data Analytics,Q2 2026,2026-04-17,Lost,2,2026-05-02,41900,
PROS-05007,REP-0037,Orbit Systems,1000-5000,Paid Marketing,Data Analytics,Q4 2025,2025-11-03,Lost,3,2025-12-06,122700,
PROS-05008,REP-0070,Vertex Digital,51-200,Conference,AI Platform,Q2 2026,2026-04-08,Lost,2,2026-05-22,108000,
PROS-05009,REP-0042,Atlas Labs,1-50,Paid Marketing,AI Platform,Q2 2026,2026-06-01,Open,2,,19600,
PROS-05010,REP-0088,Vertex Technologies,51-200,LinkedIn,Cloud Compute,Q2 2026,2026-05-24,Lost,4,2026-06-04,24600,
PROS-05011,REP-0094,Lattice Group,1-50,Inbound Call,Cloud Storage,Q4 2025,2025-10-09,Lost,4,2025-10-17,7000,
PROS-05012,REP-0088,Vantage Solutions,1-50,Conference,Security Suite,Q2 2026,2026-06-16,Open,3,,27400,
PROS-05013,REP-0102,Nimbus Solutions,51-200,Paid Marketing,Security Suite,Q4 2025,2025-12-08,Lost,5,2025-12-31,59200,
PROS-05014,REP-0041,Drift Technologies,51-200,Inbound Call,Security Suite,Q1 2026,2026-01-07,Dead,0,,58100,
PROS-05015,REP-0064,Cobalt Solutions,201-1000,Referral,Data Analytics,Q4 2025,2025-10-17,Lost,5,2025-11-28,42300,
PROS-05016,REP-0097,Helix Partners,201-1000,Paid Marketing,Cloud Compute,Q1 2026,2026-01-05,Dead,1,,39700,
PROS-05017,REP-0102,Cobalt Labs,51-200,Website Inquiry,Cloud Compute,Q4 2025,2025-10-12,Dead,0,,21000,
PROS-05018,REP-0056,Ember Networks,1-50,Paid Marketing,Cloud Compute,Q1 2026,2026-03-29,Lost,3,2026-04-08,10100,
PROS-05019,REP-0053,Anchor Systems,1-50,Website Inquiry,Data Analytics,Q1 2026,2026-03-29,Lost,2,2026-04-14,15800,
PROS-05020,REP-0046,Wavefront Digital,51-200,Paid Marketing,AI Platform,Q1 2026,2026-03-03,Lost,2,2026-04-07,95000,
PROS-05021,REP-0069,Nova Networks,51-200,LinkedIn,Data Analytics,Q4 2025,2025-10-20,Lost,3,2025-11-28,26800,
PROS-05022,REP-0020,Fusion Technologies,5000+,LinkedIn,Cloud Storage,Q2 2026,2026-04-12,Lost,5,2026-06-28,21200,
PROS-05023,REP-0108,Apex Holdings,1-50,Paid Marketing,Cloud Compute,Q4 2025,2025-11-02,Lost,5,2025-11-19,15800,
PROS-05024,REP-0008,Helix Networks,1000-5000,Paid Marketing,Security Suite,Q2 2026,2026-06-20,Open,3,,71100,
PROS-05025,REP-0081,Meridian Works,51-200,LinkedIn,Security Suite,Q2 2026,2026-05-21,Lost,3,2026-06-02,51600,
PROS-05026,REP-0015,Quantum Partners,1-50,Conference,Data Analytics,Q4 2025,2025-11-21,Dead,1,,9300,
PROS-05027,REP-0078,Atlas Digital,1000-5000,Paid Marketing,Security Suite,Q1 2026,2026-03-03,Dead,0,,118400,
PROS-05028,REP-0057,Nova Technologies,1000-5000,Website Inquiry,Cloud Storage,Q2 2026,2026-04-09,Dead,1,,14400,
PROS-05029,REP-0095,Atlas Holdings,1-50,Website Inquiry,AI Platform,Q4 2025,2025-10-03,Won,4,2025-10-24,58700,69900
PROS-05030,REP-0080,Ironclad Systems,201-1000,Paid Marketing,Cloud Compute,Q1 2026,2026-01-30,Dead,2,,16900,
PROS-05031,REP-0095,Granite Partners,51-200,Inbound Call,Security Suite,Q4 2025,2025-10-21,Lost,4,2025-11-12,37600,
PROS-05032,REP-0065,Sterling Digital,201-1000,Inbound Call,AI Platform,Q2 2026,2026-04-27,Dead,2,,54000,
PROS-05033,REP-0025,Anchor Industries,1000-5000,Website Inquiry,Cloud Compute,Q2 2026,2026-04-25,Lost,4,2026-06-09,54100,
PROS-05034,REP-0014,Anchor Networks,201-1000,Inbound Call,Cloud Compute,Q2 2026,2026-06-09,Open,3,,23500,
PROS-05035,REP-0014,Anchor Technologies,51-200,Conference,Cloud Compute,Q2 2026,2026-04-17,Dead,2,,22100,
PROS-05036,REP-0088,Ember Solutions,51-200,Conference,AI Platform,Q2 2026,2026-05-11,Lost,2,2026-05-22,95600,
PROS-05037,REP-0036,Anchor Solutions,201-1000,Paid Marketing,Data Analytics,Q1 2026,2026-02-04,Lost,5,2026-03-16,40300,
PROS-05038,REP-0070,Ridgeline Partners,201-1000,Cold Outreach,AI Platform,Q1 2026,2026-02-15,Dead,0,,121800,
PROS-05039,REP-0068,Atlas Works,1000-5000,Paid Marketing,Cloud Compute,Q4 2025,2025-10-29,Dead,0,,41800,
PROS-05040,REP-0094,Wavefront Industries,1-50,Paid Marketing,Security Suite,Q2 2026,2026-04-07,Lost,3,2026-04-30,43600,
PROS-05041,REP-0047,Horizon Group,1000-5000,Conference,AI Platform,Q4 2025,2025-12-05,Won,6,2026-01-13,186500,203900
PROS-05042,REP-0024,Solace Partners,51-200,Inbound Call,Cloud Storage,Q2 2026,2026-05-26,Lost,2,2026-06-14,10200,
PROS-05043,REP-0087,Orbit Dynamics,201-1000,Paid Marketing,Cloud Compute,Q1 2026,2026-03-24,Lost,3,2026-04-19,38800,
PROS-05044,REP-0065,Summit Dynamics,201-1000,Cold Outreach,Cloud Storage,Q1 2026,2026-03-05,Lost,4,2026-04-08,15000,
PROS-05045,REP-0005,Ridgeline Technologies,1-50,LinkedIn,Data Analytics,Q1 2026,2026-02-10,Won,2,2026-02-25,19200,17300
PROS-05046,REP-0096,Summit Networks,51-200,Paid Marketing,Cloud Compute,Q4 2025,2025-11-03,Lost,3,2025-11-12,19100,
PROS-05047,REP-0105,Ironclad Group,1000-5000,LinkedIn,Data Analytics,Q1 2026,2026-02-06,Lost,5,2026-03-14,39300,
PROS-05048,REP-0044,Fusion Solutions,1-50,Paid Marketing,Cloud Storage,Q4 2025,2025-12-05,Dead,0,,4500,
PROS-05049,REP-0034,Atlas Solutions,1000-5000,Cold Outreach,Cloud Storage,Q1 2026,2026-01-29,Lost,2,2026-03-17,29800,
PROS-05050,REP-0055,Apex Labs,5000+,Cold Outreach,Cloud Compute,Q2 2026,2026-04-22,Won,5,2026-06-06,53700,45800
PROS-05051,REP-0033,Nimbus Systems,201-1000,Paid Marketing,AI Platform,Q2 2026,2026-06-15,Open,3,,59200,
PROS-05052,REP-0019,Ironclad Industries,201-1000,LinkedIn,AI Platform,Q4 2025,2025-10-19,Dead,0,,131100,
PROS-05053,REP-0023,Ironclad Labs,5000+,Website Inquiry,Data Analytics,Q2 2026,2026-05-12,Won,6,2026-06-30,87000,94400
PROS-05054,REP-0037,Orbit Solutions,1000-5000,Conference,AI Platform,Q1 2026,2026-02-03,Won,6,2026-02-26,183700,168100
PROS-05055,REP-0107,Zenith Systems,51-200,Website Inquiry,Cloud Compute,Q4 2025,2025-12-17,Won,3,2026-01-05,23300,22700
PROS-05056,REP-0035,Vantage Industries,5000+,Inbound Call,Data Analytics,Q4 2025,2025-12-13,Won,5,2026-02-18,134900,157800
PROS-05057,REP-0099,Cobalt Technologies,201-1000,Paid Marketing,Data Analytics,Q2 2026,2026-04-27,Lost,5,2026-05-15,45000,
PROS-05058,REP-0095,Fusion Works,51-200,Cold Outreach,Data Analytics,Q4 2025,2025-11-18,Lost,2,2025-12-06,15900,
PROS-05059,REP-0037,Cobalt Industries,201-1000,Inbound Call,AI Platform,Q4 2025,2025-12-03,Lost,5,2025-12-23,76900,
PROS-05060,REP-0043,Anchor Industries,1000-5000,Website Inquiry,Cloud Storage,Q1 2026,2026-02-15,Dead,1,,18400,
PROS-05061,REP-0012,Meridian Industries,1-50,Paid Marketing,Data Analytics,Q2 2026,2026-05-03,Lost,4,2026-05-19,16800,
PROS-05062,REP-0074,Nimbus Digital,51-200,Inbound Call,Cloud Storage,Q1 2026,2026-02-08,Dead,0,,7900,
PROS-05063,REP-0047,Vertex Technologies,201-1000,Website Inquiry,Security Suite,Q2 2026,2026-06-27,Lost,3,2026-06-27,69400,
PROS-05064,REP-0048,Northgate Systems,5000+,Conference,Cloud Compute,Q2 2026,2026-05-09,Dead,0,,95600,
PROS-05065,REP-0047,Sterling Labs,201-1000,Conference,Data Analytics,Q2 2026,2026-05-17,Dead,0,,28400,
PROS-05066,REP-0015,Lattice Works,1-50,LinkedIn,Cloud Storage,Q2 2026,2026-04-03,Lost,5,2026-04-27,5400,
PROS-05067,REP-0058,Horizon Dynamics,5000+,Paid Marketing,AI Platform,Q4 2025,2025-10-18,Lost,4,2025-11-22,234000,
PROS-05068,REP-0004,Ironclad Solutions,201-1000,Paid Marketing,Data Analytics,Q4 2025,2025-11-08,Dead,0,,56600,
PROS-05069,REP-0108,Pulse Holdings,201-1000,Conference,Cloud Storage,Q1 2026,2026-02-28,Won,4,2026-03-14,20000,19000
PROS-05070,REP-0047,Solace Solutions,201-1000,Inbound Call,AI Platform,Q2 2026,2026-06-24,Open,2,,127500,
PROS-05071,REP-0007,Granite Networks,51-200,Cold Outreach,Cloud Compute,Q2 2026,2026-06-25,Open,1,,20700,
PROS-05072,REP-0033,Lattice Partners,201-1000,Paid Marketing,Cloud Compute,Q4 2025,2025-12-25,Dead,2,,20000,
PROS-05073,REP-0059,Atlas Industries,51-200,Conference,Data Analytics,Q2 2026,2026-06-28,Open,1,,21900,
PROS-05074,REP-0003,Apex Solutions,1-50,Paid Marketing,Security Suite,Q1 2026,2026-03-05,Dead,0,,22900,
PROS-05075,REP-0010,Solace Holdings,201-1000,Conference,Cloud Storage,Q1 2026,2026-02-24,Lost,4,2026-04-01,16000,
PROS-05076,REP-0059,Ridgeline Labs,1-50,Paid Marketing,Cloud Storage,Q4 2025,2025-11-08,Dead,0,,4200,
PROS-05077,REP-0039,Wavefront Holdings,5000+,Paid Marketing,AI Platform,Q1 2026,2026-03-21,Lost,3,2026-06-01,304500,
PROS-05078,REP-0093,Zenith Solutions,1-50,Paid Marketing,Data Analytics,Q2 2026,2026-06-24,Open,1,,10000,
PROS-05079,REP-0070,Drift Networks,1000-5000,Referral,Cloud Compute,Q4 2025,2025-11-22,Won,5,2025-12-29,69200,59300
PROS-05080,REP-0069,Nimbus Labs,1000-5000,Inbound Call,Security Suite,Q1 2026,2026-03-01,Dead,0,,57900,
PROS-05081,REP-0065,Wavefront Networks,51-200,Paid Marketing,Cloud Compute,Q2 2026,2026-05-10,Lost,5,2026-06-29,17200,
PROS-05082,REP-0015,Drift Systems,51-200,Paid Marketing,Data Analytics,Q2 2026,2026-05-04,Lost,3,2026-05-20,45100,
PROS-05083,REP-0016,Atlas Industries,5000+,Website Inquiry,Data Analytics,Q4 2025,2025-11-30,Lost,4,2026-02-25,87400,
PROS-05084,REP-0110,Drift Networks,201-1000,Cold Outreach,Cloud Storage,Q1 2026,2026-01-22,Lost,5,2026-03-08,18900,
PROS-05085,REP-0041,Atlas Digital,201-1000,Website Inquiry,Cloud Storage,Q4 2025,2025-10-11,Dead,0,,9900,
PROS-05086,REP-0083,Wavefront Holdings,51-200,Paid Marketing,Cloud Compute,Q4 2025,2025-11-11,Lost,4,2025-12-31,22600,
PROS-05087,REP-0021,Vantage Partners,1-50,Website Inquiry,Cloud Storage,Q1 2026,2026-02-21,Lost,2,2026-03-17,4300,
PROS-05088,REP-0008,Wavefront Holdings,201-1000,Cold Outreach,AI Platform,Q2 2026,2026-04-23,Lost,5,2026-05-31,72700,
PROS-05089,REP-0100,Ironclad Digital,201-1000,Website Inquiry,AI Platform,Q4 2025,2025-12-25,Lost,4,2026-02-05,39000,
PROS-05090,REP-0004,Vantage Partners,1-50,Paid Marketing,AI Platform,Q2 2026,2026-06-23,Open,0,,56100,
PROS-05091,REP-0092,Drift Group,5000+,Paid Marketing,Cloud Compute,Q1 2026,2026-01-01,Dead,0,,55400,
PROS-05092,REP-0056,Cobalt Solutions,51-200,Website Inquiry,Data Analytics,Q2 2026,2026-05-18,Lost,4,2026-05-26,38100,
PROS-05093,REP-0042,Granite Partners,51-200,Paid Marketing,Security Suite,Q1 2026,2026-01-02,Won,4,2026-01-26,36000,41000
PROS-05094,REP-0076,Fusion Partners,51-200,Paid Marketing,AI Platform,Q4 2025,2025-12-24,Dead,0,,65600,
PROS-05095,REP-0074,Helix Digital,51-200,Paid Marketing,Cloud Compute,Q4 2025,2025-10-01,Lost,5,2025-10-30,24800,
PROS-05096,REP-0081,Nova Partners,51-200,Website Inquiry,Cloud Compute,Q4 2025,2025-11-06,Lost,2,2025-11-15,21400,
PROS-05097,REP-0091,Redshift Dynamics,201-1000,Paid Marketing,Cloud Compute,Q2 2026,2026-04-03,Lost,4,2026-05-07,25200,
PROS-05098,REP-0042,Summit Group,1-50,Website Inquiry,Data Analytics,Q4 2025,2025-11-07,Lost,4,2025-11-14,23200,
PROS-05099,REP-0034,Northgate Dynamics,1000-5000,Conference,Cloud Storage,Q2 2026,2026-06-07,Open,3,,33600,
PROS-05100,REP-0038,Apex Holdings,51-200,Referral,AI Platform,Q1 2026,2026-01-30,Dead,0,,107500,
PROS-05101,REP-0041,Orbit Industries,201-1000,Inbound Call,Data Analytics,Q1 2026,2026-02-02,Dead,0,,41300,
PROS-05102,REP-0069,Summit Technologies,201-1000,Paid Marketing,AI Platform,Q1 2026,2026-01-25,Dead,0,,96100,
PROS-05103,REP-0102,Vantage Solutions,1-50,Website Inquiry,Cloud Storage,Q2 2026,2026-04-12,Lost,2,2026-05-03,7200,
PROS-05104,REP-0070,Ridgeline Digital,51-200,Inbound Call,Cloud Storage,Q2 2026,2026-05-07,Won,3,2026-06-14,9600,9900
PROS-05105,REP-0042,Lattice Partners,201-1000,Paid Marketing,Cloud Compute,Q2 2026,2026-05-23,Dead,1,,35400,
PROS-05106,REP-0005,Ironclad Dynamics,51-200,Website Inquiry,Security Suite,Q1 2026,2026-03-11,Dead,0,,27400,
PROS-05107,REP-0107,Quantum Digital,201-1000,LinkedIn,Cloud Storage,Q1 2026,2026-03-23,Lost,2,2026-04-09,12100,
PROS-05108,REP-0050,Atlas Partners,5000+,Cold Outreach,Cloud Compute,Q2 2026,2026-04-07,Lost,4,2026-06-02,48900,
PROS-05109,REP-0095,Orbit Systems,1-50,Website Inquiry,Cloud Storage,Q4 2025,2025-10-26,Lost,2,2025-11-04,9700,
PROS-05110,REP-0046,Lattice Group,1000-5000,Conference,Cloud Compute,Q4 2025,2025-11-29,Won,5,2026-01-14,87100,90100
PROS-05111,REP-0090,Atlas Group,1000-5000,Website Inquiry,AI Platform,Q4 2025,2025-12-09,Lost,4,2026-02-01,103300,
PROS-05112,REP-0042,Nimbus Technologies,201-1000,Inbound Call,Cloud Storage,Q1 2026,2026-03-27,Lost,2,2026-04-13,9900,
PROS-05113,REP-0008,Wavefront Holdings,201-1000,Website Inquiry,Cloud Storage,Q4 2025,2025-12-26,Lost,2,2026-01-26,22000,
PROS-05114,REP-0103,Helix Technologies,201-1000,Paid Marketing,Security Suite,Q4 2025,2025-12-02,Dead,0,,30800,
PROS-05115,REP-0044,Granite Networks,51-200,Cold Outreach,Cloud Storage,Q1 2026,2026-01-07,Lost,2,2026-01-31,12800,
PROS-05116,REP-0010,Granite Works,201-1000,Website Inquiry,AI Platform,Q1 2026,2026-02-12,Lost,3,2026-03-05,82700,
PROS-05117,REP-0099,Catalyst Digital,201-1000,Paid Marketing,AI Platform,Q2 2026,2026-06-11,Open,2,,55600,
PROS-05118,REP-0064,Northgate Partners,51-200,Paid Marketing,AI Platform,Q2 2026,2026-05-12,Lost,2,2026-06-09,36300,
PROS-05119,REP-0003,Ember Technologies,1-50,Cold Outreach,AI Platform,Q4 2025,2025-12-09,Dead,0,,22400,
PROS-05120,REP-0109,Meridian Group,51-200,Cold Outreach,Security Suite,Q1 2026,2026-03-17,Dead,0,,32200,
PROS-05121,REP-0080,Quantum Networks,201-1000,Cold Outreach,Cloud Compute,Q4 2025,2025-11-14,Lost,5,2025-12-23,26500,
PROS-05122,REP-0109,Ironclad Networks,1-50,Conference,AI Platform,Q4 2025,2025-11-03,Dead,0,,57100,
PROS-05123,REP-0103,Pulse Systems,1-50,Inbound Call,Data Analytics,Q1 2026,2026-03-22,Lost,5,2026-04-05,11300,
PROS-05124,REP-0019,Quantum Partners,51-200,Cold Outreach,Security Suite,Q4 2025,2025-10-10,Dead,1,,44300,
PROS-05125,REP-0017,Helix Holdings,51-200,Paid Marketing,AI Platform,Q2 2026,2026-05-30,Open,1,,25900,
PROS-05126,REP-0005,Northgate Partners,51-200,Referral,Security Suite,Q2 2026,2026-06-22,Open,1,,50800,
PROS-05127,REP-0108,Drift Labs,1-50,Website Inquiry,Cloud Storage,Q4 2025,2025-10-28,Lost,5,2025-11-19,6600,
PROS-05128,REP-0076,Helix Dynamics,51-200,Paid Marketing,Cloud Storage,Q4 2025,2025-11-01,Lost,3,2025-11-21,9500,
PROS-05129,REP-0086,Summit Partners,51-200,Website Inquiry,Security Suite,Q2 2026,2026-04-09,Dead,0,,54300,
PROS-05130,REP-0001,Cobalt Dynamics,51-200,Paid Marketing,Cloud Compute,Q4 2025,2025-12-07,Dead,0,,25900,
PROS-05131,REP-0051,Catalyst Technologies,5000+,Referral,Cloud Storage,Q1 2026,2026-03-21,Lost,4,2026-05-18,25000,
PROS-05132,REP-0069,Atlas Holdings,1000-5000,Cold Outreach,AI Platform,Q2 2026,2026-05-30,Open,1,,82600,
PROS-05133,REP-0063,Meridian Technologies,51-200,Website Inquiry,Data Analytics,Q1 2026,2026-01-18,Lost,4,2026-01-25,23800,
PROS-05134,REP-0094,Beacon Dynamics,1-50,Paid Marketing,Cloud Compute,Q1 2026,2026-02-10,Lost,3,2026-02-19,20000,
PROS-05135,REP-0065,Ember Partners,201-1000,Conference,Cloud Storage,Q2 2026,2026-05-14,Dead,0,,19100,
PROS-05136,REP-0087,Atlas Labs,51-200,Conference,AI Platform,Q2 2026,2026-06-04,Open,0,,63900,
PROS-05137,REP-0110,Pulse Digital,201-1000,Cold Outreach,Cloud Compute,Q2 2026,2026-04-19,Lost,2,2026-05-25,33000,
PROS-05138,REP-0054,Ridgeline Industries,51-200,Conference,Cloud Compute,Q1 2026,2026-01-30,Won,3,2026-03-19,30600,27300
PROS-05139,REP-0036,Anchor Group,1000-5000,Conference,Security Suite,Q1 2026,2026-02-09,Won,4,2026-03-12,73300,85300
PROS-05140,REP-0107,Drift Labs,1000-5000,Paid Marketing,Data Analytics,Q1 2026,2026-03-11,Lost,3,2026-04-13,55900,
PROS-05141,REP-0042,Quantum Partners,1-50,Website Inquiry,AI Platform,Q2 2026,2026-05-05,Won,4,2026-05-18,50400,53400
PROS-05142,REP-0003,Summit Dynamics,1-50,Paid Marketing,Cloud Compute,Q4 2025,2025-12-26,Dead,0,,9500,
PROS-05143,REP-0022,Catalyst Technologies,201-1000,Cold Outreach,AI Platform,Q2 2026,2026-04-05,Lost,5,2026-05-01,50600,
PROS-05144,REP-0023,Anchor Industries,5000+,LinkedIn,Cloud Compute,Q2 2026,2026-04-09,Lost,5,2026-06-16,51300,
PROS-05145,REP-0001,Nimbus Dynamics,201-1000,Website Inquiry,Cloud Storage,Q2 2026,2026-05-10,Won,3,2026-06-07,15000,15300
PROS-05146,REP-0094,Ridgeline Holdings,1-50,Cold Outreach,Cloud Compute,Q4 2025,2025-11-30,Lost,2,2025-12-15,12100,
PROS-05147,REP-0049,Ridgeline Systems,1000-5000,LinkedIn,Security Suite,Q1 2026,2026-03-19,Lost,5,2026-04-03,87600,
PROS-05148,REP-0060,Northgate Works,1000-5000,Cold Outreach,AI Platform,Q2 2026,2026-05-03,Dead,1,,251700,
PROS-05149,REP-0097,Pulse Digital,201-1000,LinkedIn,Security Suite,Q1 2026,2026-03-07,Dead,0,,72400,
PROS-05150,REP-0065,Summit Solutions,51-200,Paid Marketing,Data Analytics,Q4 2025,2025-10-01,Lost,2,2025-10-29,41300,
PROS-05151,REP-0054,Vantage Industries,1000-5000,Website Inquiry,Cloud Storage,Q4 2025,2025-10-05,Won,3,2025-11-13,36500,33300
PROS-05152,REP-0099,Fusion Group,201-1000,Website Inquiry,Security Suite,Q4 2025,2025-11-28,Lost,3,2026-01-08,49700,
PROS-05153,REP-0005,Sterling Technologies,1-50,Paid Marketing,Security Suite,Q2 2026,2026-06-03,Open,2,,23600,
PROS-05154,REP-0065,Meridian Dynamics,201-1000,Cold Outreach,Cloud Compute,Q1 2026,2026-01-19,Lost,3,2026-02-27,42300,
PROS-05155,REP-0094,Zenith Networks,1-50,LinkedIn,Cloud Compute,Q4 2025,2025-12-04,Lost,3,2025-12-24,15000,
PROS-05156,REP-0090,Apex Partners,1000-5000,Inbound Call,Security Suite,Q1 2026,2026-02-12,Dead,0,,125100,
PROS-05157,REP-0056,Ironclad Dynamics,201-1000,Conference,AI Platform,Q4 2025,2025-10-20,Dead,0,,51300,
PROS-05158,REP-0015,Vertex Partners,1-50,Inbound Call,Cloud Compute,Q1 2026,2026-02-06,Dead,0,,12000,
PROS-05159,REP-0056,Cobalt Labs,51-200,Paid Marketing,Cloud Compute,Q1 2026,2026-01-20,Dead,2,,12800,
PROS-05160,REP-0063,Apex Holdings,1-50,Cold Outreach,Cloud Storage,Q1 2026,2026-01-24,Lost,5,2026-02-02,5800,
PROS-05161,REP-0108,Helix Technologies,1-50,Website Inquiry,Cloud Compute,Q4 2025,2025-11-01,Dead,1,,19800,
PROS-05162,REP-0015,Sterling Networks,1-50,Paid Marketing,Security Suite,Q1 2026,2026-01-29,Dead,0,,42800,
PROS-05163,REP-0089,Apex Digital,1-50,Website Inquiry,Cloud Compute,Q2 2026,2026-04-29,Lost,2,2026-05-23,10300,
PROS-05164,REP-0046,Beacon Labs,1000-5000,Paid Marketing,Cloud Storage,Q1 2026,2026-03-04,Lost,5,2026-03-21,37800,
PROS-05165,REP-0092,Sterling Partners,5000+,Website Inquiry,Data Analytics,Q1 2026,2026-01-07,Lost,5,2026-03-02,112300,
PROS-05166,REP-0007,Vantage Systems,201-1000,Website Inquiry,AI Platform,Q2 2026,2026-05-27,Dead,0,,57800,
PROS-05167,REP-0103,Northgate Systems,1-50,LinkedIn,Data Analytics,Q2 2026,2026-05-05,Dead,0,,18300,
PROS-05168,REP-0036,Summit Solutions,51-200,LinkedIn,Cloud Compute,Q4 2025,2025-12-09,Won,5,2026-01-28,33100,29200
PROS-05169,REP-0082,Meridian Partners,201-1000,Paid Marketing,Cloud Storage,Q1 2026,2026-03-07,Lost,4,2026-03-30,13500,
PROS-05170,REP-0005,Wavefront Group,1-50,Referral,Data Analytics,Q1 2026,2026-03-11,Won,4,2026-03-29,10900,10500
PROS-05171,REP-0098,Lattice Works,1000-5000,Paid Marketing,Security Suite,Q1 2026,2026-01-15,Dead,0,,170800,
PROS-05172,REP-0041,Horizon Technologies,51-200,Paid Marketing,AI Platform,Q1 2026,2026-02-28,Dead,0,,132100,
PROS-05173,REP-0094,Nimbus Digital,51-200,LinkedIn,AI Platform,Q1 2026,2026-01-16,Lost,3,2026-01-28,89800,
PROS-05174,REP-0047,Helix Industries,201-1000,Paid Marketing,Cloud Compute,Q1 2026,2026-02-06,Lost,5,2026-03-14,24600,
PROS-05175,REP-0095,Ridgeline Systems,1-50,Paid Marketing,AI Platform,Q4 2025,2025-11-29,Dead,0,,56100,
PROS-05176,REP-0101,Apex Dynamics,51-200,Cold Outreach,Cloud Compute,Q1 2026,2026-01-02,Lost,2,2026-01-28,32400,
PROS-05177,REP-0005,Zenith Digital,1-50,Cold Outreach,Cloud Compute,Q2 2026,2026-06-02,Open,0,,8400,
PROS-05178,REP-0106,Meridian Partners,201-1000,Paid Marketing,Cloud Storage,Q2 2026,2026-06-11,Lost,5,2026-06-30,13700,
PROS-05179,REP-0024,Cobalt Technologies,1-50,Cold Outreach,Security Suite,Q4 2025,2025-10-10,Lost,3,2025-10-27,13400,
PROS-05180,REP-0043,Horizon Solutions,201-1000,Paid Marketing,AI Platform,Q2 2026,2026-04-24,Lost,4,2026-05-10,42700,
PROS-05181,REP-0088,Ridgeline Systems,1-50,LinkedIn,Cloud Compute,Q2 2026,2026-06-13,Lost,4,2026-06-28,9100,
PROS-05182,REP-0030,Beacon Partners,5000+,Cold Outreach,Security Suite,Q2 2026,2026-06-10,Open,0,,161500,
PROS-05183,REP-0069,Solace Technologies,51-200,Inbound Call,Cloud Compute,Q2 2026,2026-05-26,Dead,0,,11400,
PROS-05184,REP-0007,Fusion Systems,51-200,LinkedIn,Security Suite,Q2 2026,2026-05-16,Lost,4,2026-06-18,57600,
PROS-05185,REP-0016,Anchor Industries,5000+,Paid Marketing,Security Suite,Q1 2026,2026-02-26,Lost,2,2026-04-01,196900,
PROS-05186,REP-0086,Orbit Solutions,51-200,Paid Marketing,Cloud Compute,Q2 2026,2026-05-30,Open,2,,12700,
PROS-05187,REP-0041,Nimbus Partners,201-1000,Cold Outreach,AI Platform,Q2 2026,2026-06-11,Lost,2,2026-06-28,121500,
PROS-05188,REP-0035,Catalyst Partners,1000-5000,Referral,Cloud Compute,Q1 2026,2026-02-04,Won,6,2026-03-07,72300,85400
PROS-05189,REP-0097,Ember Group,201-1000,Cold Outreach,Cloud Compute,Q1 2026,2026-01-23,Lost,2,2026-02-16,32600,
PROS-05190,REP-0053,Pulse Labs,201-1000,Paid Marketing,Cloud Storage,Q2 2026,2026-04-12,Lost,5,2026-04-23,16200,
PROS-05191,REP-0108,Anchor Technologies,1-50,Cold Outreach,AI Platform,Q2 2026,2026-05-01,Dead,2,,45000,
PROS-05192,REP-0108,Quantum Labs,1-50,Paid Marketing,Cloud Storage,Q1 2026,2026-01-06,Dead,0,,6400,
PROS-05193,REP-0077,Atlas Technologies,51-200,Conference,Cloud Compute,Q4 2025,2025-10-02,Dead,0,,16600,
PROS-05194,REP-0021,Summit Works,1-50,LinkedIn,AI Platform,Q1 2026,2026-01-08,Lost,3,2026-01-21,17200,
PROS-05195,REP-0083,Beacon Solutions,1000-5000,Paid Marketing,Cloud Compute,Q2 2026,2026-06-21,Open,1,,37900,
PROS-05196,REP-0059,Atlas Partners,51-200,Cold Outreach,Cloud Compute,Q1 2026,2026-03-08,Lost,3,2026-03-25,11400,
PROS-05197,REP-0072,Meridian Solutions,51-200,LinkedIn,Cloud Storage,Q1 2026,2026-01-13,Lost,3,2026-02-13,14300,
PROS-05198,REP-0088,Summit Industries,201-1000,Paid Marketing,Cloud Storage,Q1 2026,2026-01-11,Dead,2,,16900,
PROS-05199,REP-0049,Summit Digital,201-1000,Website Inquiry,Cloud Compute,Q4 2025,2025-11-14,Lost,3,2025-12-06,24300,
PROS-05200,REP-0047,Ember Technologies,1000-5000,Paid Marketing,Security Suite,Q2 2026,2026-04-22,Won,3,2026-05-25,95800,97700
PROS-05201,REP-0064,Beacon Industries,201-1000,Website Inquiry,AI Platform,Q1 2026,2026-01-06,Won,5,2026-02-04,92600,91600
PROS-05202,REP-0078,Summit Systems,201-1000,Inbound Call,Cloud Compute,Q2 2026,2026-06-30,Lost,4,2026-06-29,40400,
PROS-05203,REP-0055,Northgate Technologies,5000+,Paid Marketing,Cloud Compute,Q2 2026,2026-06-20,Open,3,,51000,
PROS-05204,REP-0091,Cobalt Works,201-1000,Conference,Data Analytics,Q2 2026,2026-04-17,Won,5,2026-05-10,22700,20700
PROS-05205,REP-0088,Atlas Networks,1-50,LinkedIn,Cloud Storage,Q2 2026,2026-04-24,Dead,0,,7500,
PROS-05206,REP-0037,Orbit Industries,1000-5000,Conference,Cloud Compute,Q2 2026,2026-05-16,Won,6,2026-06-09,55100,63800
PROS-05207,REP-0088,Beacon Holdings,1-50,Website Inquiry,Data Analytics,Q2 2026,2026-04-13,Won,2,2026-05-08,14400,12700
PROS-05208,REP-0065,Solace Solutions,201-1000,Cold Outreach,Security Suite,Q1 2026,2026-01-01,Lost,4,2026-02-10,109000,
PROS-05209,REP-0005,Ridgeline Holdings,51-200,Referral,Data Analytics,Q2 2026,2026-06-05,Open,3,,19000,
PROS-05210,REP-0081,Apex Holdings,51-200,Inbound Call,Cloud Compute,Q2 2026,2026-04-06,Dead,0,,27000,
PROS-05211,REP-0082,Solace Group,51-200,Website Inquiry,AI Platform,Q1 2026,2026-02-25,Lost,5,2026-03-31,41100,
PROS-05212,REP-0011,Apex Industries,51-200,Cold Outreach,Cloud Storage,Q2 2026,2026-04-18,Lost,4,2026-05-03,12700,
PROS-05213,REP-0015,Anchor Holdings,1-50,Cold Outreach,Cloud Storage,Q4 2025,2025-12-19,Won,2,2025-12-27,5700,6800
PROS-05214,REP-0056,Vantage Works,51-200,Website Inquiry,Security Suite,Q2 2026,2026-04-14,Won,3,2026-04-25,32700,32900
PROS-05215,REP-0007,Beacon Networks,1000-5000,Paid Marketing,Security Suite,Q2 2026,2026-04-07,Lost,5,2026-04-24,94900,
PROS-05216,REP-0058,Lattice Works,5000+,Cold Outreach,AI Platform,Q2 2026,2026-04-03,Dead,0,,157700,
PROS-05217,REP-0083,Solace Industries,51-200,Website Inquiry,Cloud Storage,Q4 2025,2025-12-25,Won,4,2026-02-03,8500,8600
PROS-05218,REP-0054,Vertex Dynamics,201-1000,Paid Marketing,AI Platform,Q4 2025,2025-12-26,Lost,3,2026-02-03,72900,
PROS-05219,REP-0040,Nimbus Networks,51-200,LinkedIn,AI Platform,Q2 2026,2026-06-10,Lost,5,2026-06-27,95800,
PROS-05220,REP-0043,Northgate Networks,201-1000,Paid Marketing,Cloud Compute,Q1 2026,2026-02-05,Dead,0,,35200,
PROS-05221,REP-0004,Solace Labs,1-50,Paid Marketing,Data Analytics,Q2 2026,2026-06-13,Dead,0,,26500,
PROS-05222,REP-0059,Vantage Solutions,51-200,Paid Marketing,AI Platform,Q4 2025,2025-11-16,Lost,2,2025-11-27,68800,
PROS-05223,REP-0052,Ember Holdings,5000+,Conference,AI Platform,Q1 2026,2026-03-27,Dead,0,,381700,
PROS-05224,REP-0088,Ridgeline Networks,51-200,Website Inquiry,AI Platform,Q1 2026,2026-03-22,Won,3,2026-03-31,61300,60300
PROS-05225,REP-0044,Meridian Dynamics,1-50,Referral,Cloud Compute,Q1 2026,2026-03-16,Lost,3,2026-04-02,10100,
PROS-05226,REP-0068,Ironclad Digital,51-200,Cold Outreach,Cloud Storage,Q1 2026,2026-03-21,Lost,5,2026-04-19,13000,
PROS-05227,REP-0081,Meridian Technologies,51-200,LinkedIn,Cloud Storage,Q1 2026,2026-01-25,Lost,4,2026-02-14,9800,
PROS-05228,REP-0025,Horizon Digital,51-200,Cold Outreach,Cloud Compute,Q1 2026,2026-03-07,Lost,5,2026-04-04,21300,
PROS-05229,REP-0097,Anchor Dynamics,201-1000,Referral,Security Suite,Q2 2026,2026-05-08,Won,4,2026-06-13,62800,55700
PROS-05230,REP-0059,Nimbus Industries,1-50,LinkedIn,Security Suite,Q4 2025,2025-12-02,Lost,5,2025-12-24,15400,
PROS-05231,REP-0023,Cobalt Digital,1000-5000,Cold Outreach,Cloud Compute,Q4 2025,2025-10-22,Lost,2,2026-01-13,36800,
PROS-05232,REP-0044,Redshift Partners,1-50,Inbound Call,Cloud Storage,Q1 2026,2026-01-30,Lost,5,2026-02-23,6600,
PROS-05233,REP-0004,Summit Networks,1-50,LinkedIn,Data Analytics,Q4 2025,2025-12-09,Lost,4,2025-12-18,19700,
PROS-05234,REP-0021,Drift Works,1-50,Cold Outreach,Data Analytics,Q2 2026,2026-06-06,Open,0,,12300,
PROS-05235,REP-0088,Cobalt Systems,51-200,Inbound Call,Cloud Compute,Q2 2026,2026-05-31,Dead,0,,28900,
PROS-05236,REP-0094,Ember Dynamics,51-200,Cold Outreach,Data Analytics,Q4 2025,2025-12-21,Dead,0,,26100,
PROS-05237,REP-0046,Ridgeline Dynamics,1000-5000,Website Inquiry,Cloud Storage,Q2 2026,2026-06-04,Open,0,,42100,
PROS-05238,REP-0055,Lattice Systems,5000+,Website Inquiry,Cloud Compute,Q4 2025,2025-11-14,Lost,3,2025-12-27,36900,
PROS-05239,REP-0065,Vantage Dynamics,201-1000,Referral,Data Analytics,Q4 2025,2025-11-04,Lost,4,2025-11-19,52300,
PROS-05240,REP-0076,Ember Solutions,1-50,Website Inquiry,Data Analytics,Q4 2025,2025-10-27,Dead,0,,9600,
PROS-05241,REP-0109,Quantum Systems,1-50,Referral,AI Platform,Q4 2025,2025-12-22,Won,4,2026-01-14,48200,51300
PROS-05242,REP-0066,Apex Partners,201-1000,LinkedIn,Data Analytics,Q1 2026,2026-01-29,Lost,5,2026-02-22,33200,
PROS-05243,REP-0097,Zenith Technologies,201-1000,Paid Marketing,Cloud Storage,Q4 2025,2025-12-28,Won,6,2026-01-21,14500,13500
PROS-05244,REP-0034,Wavefront Industries,201-1000,Cold Outreach,Cloud Storage,Q2 2026,2026-06-20,Open,0,,16800,
PROS-05245,REP-0076,Meridian Solutions,1-50,Paid Marketing,AI Platform,Q1 2026,2026-02-24,Dead,0,,21600,
PROS-05246,REP-0075,Wavefront Works,201-1000,Referral,AI Platform,Q2 2026,2026-06-13,Dead,0,,82100,
PROS-05247,REP-0058,Granite Industries,1000-5000,Paid Marketing,Security Suite,Q4 2025,2025-10-10,Dead,0,,63500,
PROS-05248,REP-0054,Fusion Networks,51-200,Conference,Cloud Compute,Q4 2025,2025-10-16,Won,6,2025-11-25,34200,34600
PROS-05249,REP-0036,Wavefront Group,1000-5000,Paid Marketing,Cloud Storage,Q2 2026,2026-06-16,Open,3,,20900,
PROS-05250,REP-0058,Horizon Group,5000+,Paid Marketing,Cloud Compute,Q2 2026,2026-06-20,Lost,4,2026-06-30,105600,
PROS-05251,REP-0095,Vertex Technologies,1-50,Conference,Data Analytics,Q4 2025,2025-11-03,Dead,1,,18200,
PROS-05252,REP-0108,Lattice Networks,51-200,LinkedIn,Cloud Compute,Q4 2025,2025-11-25,Won,3,2025-12-11,30200,34200
PROS-05253,REP-0063,Northgate Digital,1-50,Paid Marketing,Security Suite,Q2 2026,2026-04-02,Lost,2,2026-04-09,21700,
PROS-05254,REP-0086,Horizon Digital,51-200,Inbound Call,AI Platform,Q1 2026,2026-03-12,Won,6,2026-04-03,55800,52200
PROS-05255,REP-0089,Granite Digital,201-1000,Cold Outreach,AI Platform,Q1 2026,2026-02-27,Won,4,2026-03-18,41300,41900
PROS-05256,REP-0092,Vantage Dynamics,5000+,Cold Outreach,AI Platform,Q2 2026,2026-06-27,Open,1,,116600,
PROS-05257,REP-0091,Granite Group,201-1000,Website Inquiry,Cloud Storage,Q4 2025,2025-11-21,Lost,5,2025-12-15,10600,
PROS-05258,REP-0046,Cobalt Group,201-1000,Cold Outreach,Security Suite,Q1 2026,2026-03-26,Lost,3,2026-05-03,93700,
PROS-05259,REP-0063,Summit Works,51-200,Paid Marketing,Cloud Storage,Q4 2025,2025-11-12,Lost,3,2025-11-26,11800,
PROS-05260,REP-0073,Apex Networks,201-1000,LinkedIn,Cloud Storage,Q2 2026,2026-06-09,Open,1,,7700,
PROS-05261,REP-0054,Anchor Networks,201-1000,Cold Outreach,Cloud Compute,Q4 2025,2025-12-26,Lost,4,2026-01-10,37700,
PROS-05262,REP-0003,Nimbus Technologies,1-50,Website Inquiry,AI Platform,Q2 2026,2026-05-19,Dead,2,,44800,
PROS-05263,REP-0036,Wavefront Dynamics,201-1000,Inbound Call,Cloud Storage,Q4 2025,2025-10-27,Won,4,2025-11-11,19100,20000
PROS-05264,REP-0105,Nimbus Technologies,201-1000,Conference,AI Platform,Q2 2026,2026-04-01,Lost,4,2026-05-09,91100,
PROS-05265,REP-0062,Vertex Group,1-50,Website Inquiry,Cloud Compute,Q2 2026,2026-05-05,Dead,1,,14500,
PROS-05266,REP-0088,Cobalt Solutions,51-200,LinkedIn,Security Suite,Q4 2025,2025-10-25,Won,4,2025-11-14,58700,58400
PROS-05267,REP-0017,Beacon Dynamics,201-1000,Cold Outreach,Cloud Storage,Q1 2026,2026-01-08,Dead,1,,12500,
PROS-05268,REP-0099,Fusion Industries,201-1000,Paid Marketing,Security Suite,Q1 2026,2026-02-02,Dead,1,,47400,
PROS-05269,REP-0038,Wavefront Technologies,201-1000,Conference,Cloud Storage,Q2 2026,2026-06-22,Open,2,,9400,
PROS-05270,REP-0021,Helix Group,51-200,Cold Outreach,AI Platform,Q2 2026,2026-04-22,Dead,0,,30700,
PROS-05271,REP-0029,Apex Partners,1000-5000,Website Inquiry,Data Analytics,Q2 2026,2026-06-17,Open,3,,61400,
PROS-05272,REP-0005,Fusion Partners,1-50,Website Inquiry,AI Platform,Q2 2026,2026-05-06,Lost,2,2026-05-19,42300,
PROS-05273,REP-0070,Lattice Works,201-1000,LinkedIn,Cloud Compute,Q2 2026,2026-06-30,Open,0,,35000,
PROS-05274,REP-0040,Redshift Networks,51-200,Website Inquiry,AI Platform,Q2 2026,2026-04-29,Lost,3,2026-06-01,95400,
PROS-05275,REP-0072,Nimbus Solutions,201-1000,Paid Marketing,AI Platform,Q2 2026,2026-04-17,Dead,0,,78100,
PROS-05276,REP-0021,Vantage Labs,1-50,Cold Outreach,AI Platform,Q1 2026,2026-02-28,Lost,5,2026-03-09,45800,
PROS-05277,REP-0021,Vertex Partners,51-200,Conference,Security Suite,Q4 2025,2025-12-21,Won,3,2026-01-15,47600,40600
PROS-05278,REP-0047,Catalyst Works,201-1000,Inbound Call,Cloud Storage,Q4 2025,2025-11-08,Lost,5,2025-12-21,11500,
PROS-05279,REP-0101,Nimbus Networks,1000-5000,Cold Outreach,Security Suite,Q4 2025,2025-10-02,Dead,1,,61700,
PROS-05280,REP-0035,Drift Digital,5000+,LinkedIn,Cloud Compute,Q4 2025,2025-11-07,Lost,5,2026-01-13,101500,
PROS-05281,REP-0007,Nova Industries,51-200,Website Inquiry,Cloud Compute,Q4 2025,2025-10-19,Dead,0,,20500,
PROS-05282,REP-0061,Anchor Labs,1000-5000,Inbound Call,Data Analytics,Q1 2026,2026-03-15,Dead,0,,70000,
PROS-05283,REP-0086,Orbit Digital,201-1000,Cold Outreach,AI Platform,Q2 2026,2026-04-18,Lost,3,2026-06-07,124200,
PROS-05284,REP-0089,Vertex Solutions,1-50,Cold Outreach,Cloud Storage,Q2 2026,2026-05-20,Lost,3,2026-05-30,3700,
PROS-05285,REP-0045,Fusion Technologies,5000+,Paid Marketing,Data Analytics,Q2 2026,2026-04-04,Dead,0,,122300,
PROS-05286,REP-0086,Zenith Works,201-1000,Paid Marketing,AI Platform,Q1 2026,2026-02-12,Lost,5,2026-03-04,64900,
PROS-05287,REP-0038,Horizon Industries,201-1000,Cold Outreach,AI Platform,Q2 2026,2026-06-18,Open,0,,46800,
PROS-05288,REP-0091,Atlas Works,201-1000,Paid Marketing,Cloud Storage,Q4 2025,2025-11-07,Lost,4,2025-11-24,9700,
PROS-05289,REP-0072,Redshift Works,201-1000,Website Inquiry,Cloud Storage,Q4 2025,2025-12-15,Dead,1,,7500,
PROS-05290,REP-0078,Redshift Systems,51-200,Paid Marketing,Cloud Storage,Q1 2026,2026-03-02,Lost,3,2026-04-03,9900,
PROS-05291,REP-0068,Fusion Technologies,201-1000,Conference,AI Platform,Q2 2026,2026-06-01,Open,0,,121400,
PROS-05292,REP-0067,Anchor Group,5000+,Paid Marketing,Data Analytics,Q1 2026,2026-03-21,Lost,3,2026-05-04,92100,
PROS-05293,REP-0056,Ironclad Industries,1-50,LinkedIn,Data Analytics,Q2 2026,2026-05-17,Won,3,2026-06-11,21700,19400
PROS-05294,REP-0089,Orbit Systems,1-50,LinkedIn,Cloud Storage,Q4 2025,2025-10-11,Lost,5,2025-11-01,4200,
PROS-05295,REP-0059,Beacon Group,201-1000,LinkedIn,Data Analytics,Q2 2026,2026-06-20,Open,0,,25900,
PROS-05296,REP-0091,Solace Partners,201-1000,Paid Marketing,Cloud Storage,Q4 2025,2025-12-23,Lost,5,2026-02-03,15700,
PROS-05297,REP-0015,Nova Labs,1-50,Cold Outreach,Security Suite,Q4 2025,2025-11-10,Dead,0,,16700,
PROS-05298,REP-0074,Orbit Dynamics,51-200,Referral,AI Platform,Q1 2026,2026-03-20,Lost,2,2026-04-30,71200,
PROS-05299,REP-0060,Beacon Labs,1000-5000,LinkedIn,Security Suite,Q2 2026,2026-04-05,Dead,0,,118900,
PROS-05300,REP-0037,Lattice Dynamics,201-1000,LinkedIn,AI Platform,Q1 2026,2026-01-01,Won,6,2026-01-28,65200,58400
PROS-05301,REP-0066,Redshift Solutions,201-1000,Paid Marketing,Cloud Compute,Q2 2026,2026-05-02,Dead,0,,14500,
PROS-05302,REP-0043,Vantage Solutions,201-1000,Website Inquiry,AI Platform,Q2 2026,2026-04-02,Lost,5,2026-05-10,161700,
PROS-05303,REP-0044,Anchor Works,1-50,Website Inquiry,Data Analytics,Q4 2025,2025-11-22,Lost,4,2025-12-06,11100,
PROS-05304,REP-0095,Nova Industries,51-200,Cold Outreach,AI Platform,Q1 2026,2026-02-11,Won,3,2026-02-26,96900,107400
PROS-05305,REP-0012,Solace Holdings,201-1000,Inbound Call,Security Suite,Q2 2026,2026-05-16,Lost,2,2026-05-27,68100,
PROS-05306,REP-0021,Ember Systems,51-200,Cold Outreach,Data Analytics,Q2 2026,2026-04-25,Dead,0,,35100,
PROS-05307,REP-0030,Ironclad Digital,5000+,Website Inquiry,Cloud Compute,Q4 2025,2025-12-01,Dead,0,,67700,
PROS-05308,REP-0030,Anchor Systems,1000-5000,LinkedIn,Data Analytics,Q1 2026,2026-03-26,Lost,4,2026-06-12,94400,
PROS-05309,REP-0076,Lattice Works,1-50,Inbound Call,AI Platform,Q4 2025,2025-10-28,Lost,4,2025-11-19,43100,
PROS-05310,REP-0029,Sterling Industries,201-1000,LinkedIn,Data Analytics,Q4 2025,2025-10-05,Lost,3,2025-11-12,38000,
PROS-05311,REP-0012,Horizon Technologies,1-50,Paid Marketing,AI Platform,Q2 2026,2026-06-16,Open,2,,48800,
PROS-05312,REP-0051,Ironclad Labs,1000-5000,Paid Marketing,Cloud Compute,Q1 2026,2026-01-03,Lost,3,2026-02-02,30500,
PROS-05313,REP-0103,Sterling Digital,1-50,Conference,Cloud Compute,Q1 2026,2026-01-22,Won,4,2026-01-30,8500,9500
PROS-05314,REP-0072,Apex Solutions,201-1000,Cold Outreach,Data Analytics,Q1 2026,2026-01-12,Lost,5,2026-02-10,20900,
PROS-05315,REP-0010,Nova Industries,201-1000,Inbound Call,Cloud Storage,Q1 2026,2026-01-28,Dead,1,,18300,
PROS-05316,REP-0005,Horizon Solutions,1-50,Paid Marketing,Cloud Compute,Q4 2025,2025-10-25,Lost,3,2025-11-07,8200,
PROS-05317,REP-0059,Orbit Solutions,1-50,Cold Outreach,Data Analytics,Q1 2026,2026-03-18,Lost,2,2026-04-04,8900,
PROS-05318,REP-0064,Solace Works,201-1000,Cold Outreach,Data Analytics,Q1 2026,2026-02-18,Lost,3,2026-03-29,36300,
PROS-05319,REP-0044,Zenith Systems,1-50,Conference,Security Suite,Q2 2026,2026-05-09,Won,3,2026-05-30,19000,18100
PROS-05320,REP-0103,Pulse Solutions,51-200,Website Inquiry,Security Suite,Q4 2025,2025-10-20,Lost,4,2025-11-08,33000,
PROS-05321,REP-0108,Catalyst Industries,1-50,Inbound Call,Cloud Compute,Q4 2025,2025-10-06,Won,3,2025-10-17,9400,10000
PROS-05322,REP-0094,Horizon Group,1-50,LinkedIn,Cloud Compute,Q1 2026,2026-03-26,Won,2,2026-04-19,18700,20100
PROS-05323,REP-0044,Beacon Group,51-200,LinkedIn,Cloud Storage,Q1 2026,2026-02-02,Lost,2,2026-02-16,12700,
PROS-05324,REP-0072,Vertex Group,1000-5000,Paid Marketing,Security Suite,Q1 2026,2026-03-18,Lost,3,2026-04-27,62800,
PROS-05325,REP-0056,Lattice Systems,1-50,LinkedIn,Data Analytics,Q1 2026,2026-03-30,Lost,5,2026-04-07,12300,
PROS-05326,REP-0108,Horizon Industries,1-50,Paid Marketing,AI Platform,Q4 2025,2025-10-20,Lost,3,2025-11-03,60300,
PROS-05327,REP-0066,Nimbus Dynamics,51-200,Paid Marketing,Data Analytics,Q2 2026,2026-04-20,Dead,1,,27900,
PROS-05328,REP-0044,Zenith Networks,1-50,Cold Outreach,Security Suite,Q1 2026,2026-03-15,Lost,2,2026-04-08,36200,
PROS-05329,REP-0010,Ridgeline Solutions,201-1000,Conference,Data Analytics,Q1 2026,2026-02-20,Lost,2,2026-03-09,45200,
PROS-05330,REP-0019,Sterling Digital,201-1000,Website Inquiry,AI Platform,Q4 2025,2025-12-24,Dead,0,,127600,
PROS-05331,REP-0090,Ridgeline Labs,1000-5000,Paid Marketing,Data Analytics,Q1 2026,2026-02-01,Lost,4,2026-04-26,54400,
PROS-05332,REP-0091,Orbit Technologies,201-1000,Paid Marketing,AI Platform,Q2 2026,2026-05-07,Lost,5,2026-06-15,72200,
PROS-05333,REP-0097,Vertex Solutions,51-200,Inbound Call,Data Analytics,Q1 2026,2026-02-18,Dead,2,,43400,
PROS-05334,REP-0017,Orbit Industries,201-1000,Paid Marketing,Cloud Compute,Q1 2026,2026-01-06,Dead,0,,21700,
PROS-05335,REP-0079,Wavefront Systems,201-1000,Website Inquiry,Cloud Compute,Q2 2026,2026-06-12,Dead,0,,18700,
PROS-05336,REP-0066,Granite Industries,51-200,LinkedIn,Cloud Compute,Q2 2026,2026-04-08,Lost,4,2026-05-21,22400,
PROS-05337,REP-0096,Catalyst Holdings,1-50,LinkedIn,Data Analytics,Q4 2025,2025-12-13,Dead,1,,9800,
PROS-05338,REP-0065,Fusion Networks,1000-5000,Referral,Cloud Storage,Q1 2026,2026-03-10,Lost,5,2026-04-16,18400,
PROS-05339,REP-0037,Lattice Works,51-200,Conference,Cloud Compute,Q1 2026,2026-01-02,Won,4,2026-02-07,20500,22600
PROS-05340,REP-0062,Vantage Partners,1-50,Cold Outreach,Cloud Storage,Q2 2026,2026-04-11,Lost,3,2026-05-03,4200,
PROS-05341,REP-0097,Solace Networks,201-1000,Cold Outreach,Cloud Compute,Q4 2025,2025-10-09,Lost,3,2025-11-05,26300,
PROS-05342,REP-0095,Summit Systems,1-50,Cold Outreach,AI Platform,Q1 2026,2026-03-06,Dead,0,,42000,
PROS-05343,REP-0022,Ridgeline Solutions,201-1000,LinkedIn,Data Analytics,Q4 2025,2025-12-22,Dead,0,,24500,
PROS-05344,REP-0049,Apex Technologies,201-1000,Cold Outreach,Cloud Storage,Q2 2026,2026-06-14,Lost,2,2026-06-29,15700,
PROS-05345,REP-0090,Ridgeline Industries,5000+,Cold Outreach,Data Analytics,Q2 2026,2026-04-11,Lost,4,2026-06-05,110400,
PROS-05346,REP-0042,Orbit Digital,51-200,Paid Marketing,Cloud Storage,Q1 2026,2026-03-11,Dead,0,,7600,
PROS-05347,REP-0043,Solace Systems,51-200,Paid Marketing,Data Analytics,Q1 2026,2026-03-12,Lost,5,2026-04-29,24800,
PROS-05348,REP-0023,Anchor Holdings,5000+,Paid Marketing,Cloud Compute,Q1 2026,2026-01-02,Lost,2,2026-03-09,64600,
PROS-05349,REP-0037,Granite Dynamics,201-1000,Cold Outreach,Cloud Storage,Q4 2025,2025-11-05,Won,6,2025-12-14,9900,10700
PROS-05350,REP-0047,Nimbus Dynamics,201-1000,LinkedIn,Data Analytics,Q1 2026,2026-01-16,Lost,4,2026-03-06,32500,
PROS-05351,REP-0011,Lattice Labs,1-50,Conference,Security Suite,Q2 2026,2026-05-01,Dead,0,,22100,
PROS-05352,REP-0041,Beacon Holdings,201-1000,LinkedIn,AI Platform,Q1 2026,2026-03-01,Lost,2,2026-04-18,155300,
PROS-05353,REP-0070,Granite Technologies,201-1000,Paid Marketing,Cloud Storage,Q4 2025,2025-10-08,Lost,2,2025-11-05,11400,
PROS-05354,REP-0011,Pulse Group,1-50,Paid Marketing,Cloud Storage,Q1 2026,2026-02-09,Won,3,2026-02-19,4100,4200
PROS-05355,REP-0044,Helix Networks,1-50,Cold Outreach,Cloud Compute,Q2 2026,2026-05-29,Open,0,,12400,
PROS-05356,REP-0071,Quantum Industries,201-1000,Cold Outreach,Cloud Storage,Q2 2026,2026-06-23,Open,1,,9700,
PROS-05357,REP-0017,Meridian Holdings,201-1000,Cold Outreach,Security Suite,Q2 2026,2026-06-16,Open,2,,61300,
PROS-05358,REP-0062,Drift Partners,1-50,Cold Outreach,Cloud Storage,Q2 2026,2026-05-03,Dead,0,,4300,
PROS-05359,REP-0089,Wavefront Digital,1-50,Conference,Data Analytics,Q2 2026,2026-06-04,Lost,2,2026-06-13,13400,
PROS-05360,REP-0012,Nimbus Systems,1-50,Inbound Call,Cloud Storage,Q2 2026,2026-04-27,Dead,0,,5800,
PROS-05361,REP-0040,Northgate Partners,51-200,Paid Marketing,Cloud Compute,Q4 2025,2025-10-29,Lost,3,2025-12-07,24400,
PROS-05362,REP-0110,Northgate Labs,51-200,Paid Marketing,Cloud Storage,Q1 2026,2026-03-13,Dead,0,,5700,
PROS-05363,REP-0017,Sterling Systems,201-1000,Paid Marketing,Security Suite,Q1 2026,2026-03-20,Lost,5,2026-04-25,57700,
PROS-05364,REP-0054,Vertex Technologies,1000-5000,Website Inquiry,Cloud Compute,Q4 2025,2025-10-06,Lost,2,2025-10-29,52400,
PROS-05365,REP-0073,Meridian Systems,201-1000,Website Inquiry,Data Analytics,Q2 2026,2026-06-11,Open,0,,44100,
PROS-05366,REP-0083,Nimbus Works,201-1000,Paid Marketing,Security Suite,Q4 2025,2025-12-27,Lost,3,2026-01-13,73200,
PROS-05367,REP-0021,Drift Industries,201-1000,LinkedIn,Security Suite,Q2 2026,2026-05-30,Dead,1,,53800,
PROS-05368,REP-0057,Atlas Systems,1000-5000,LinkedIn,Cloud Storage,Q4 2025,2025-12-19,Lost,2,2026-03-01,22800,
PROS-05369,REP-0071,Nova Industries,1000-5000,LinkedIn,Cloud Compute,Q1 2026,2026-03-15,Lost,2,2026-04-14,42800,
PROS-05370,REP-0028,Pulse Solutions,1-50,Cold Outreach,Security Suite,Q2 2026,2026-06-11,Dead,0,,40700,
PROS-05371,REP-0098,Sterling Industries,51-200,Cold Outreach,Cloud Compute,Q2 2026,2026-05-10,Lost,2,2026-06-18,21200,
PROS-05372,REP-0088,Horizon Technologies,201-1000,Conference,Cloud Storage,Q4 2025,2025-12-13,Dead,0,,20000,
PROS-05373,REP-0041,Vantage Holdings,51-200,Inbound Call,Cloud Compute,Q2 2026,2026-05-24,Won,3,2026-06-29,24200,27800
PROS-05374,REP-0034,Anchor Group,1000-5000,Conference,AI Platform,Q2 2026,2026-04-25,Dead,0,,109700,
PROS-05375,REP-0042,Zenith Technologies,51-200,Cold Outreach,Security Suite,Q2 2026,2026-04-02,Lost,5,2026-04-21,42300,
PROS-05376,REP-0010,Fusion Partners,201-1000,Website Inquiry,Security Suite,Q1 2026,2026-02-22,Dead,0,,54600,
PROS-05377,REP-0009,Ridgeline Systems,5000+,Inbound Call,Cloud Storage,Q2 2026,2026-04-09,Dead,0,,36700,
PROS-05378,REP-0063,Pulse Dynamics,51-200,LinkedIn,AI Platform,Q2 2026,2026-06-07,Open,1,,68600,
PROS-05379,REP-0007,Wavefront Digital,201-1000,Website Inquiry,Data Analytics,Q1 2026,2026-02-22,Dead,1,,37700,
PROS-05380,REP-0015,Cobalt Technologies,1-50,LinkedIn,Security Suite,Q4 2025,2025-11-11,Dead,0,,19400,
PROS-05381,REP-0041,Summit Partners,1000-5000,Cold Outreach,Data Analytics,Q4 2025,2025-10-05,Lost,2,2025-11-03,101200,
PROS-05382,REP-0008,Zenith Networks,51-200,Inbound Call,Cloud Compute,Q1 2026,2026-02-03,Lost,5,2026-02-27,11900,
PROS-05383,REP-0058,Northgate Works,5000+,Website Inquiry,Cloud Storage,Q1 2026,2026-03-28,Lost,2,2026-05-01,24300,
PROS-05384,REP-0076,Sterling Systems,51-200,Inbound Call,AI Platform,Q4 2025,2025-10-09,Dead,1,,33200,
PROS-05385,REP-0064,Ironclad Dynamics,201-1000,Paid Marketing,Cloud Storage,Q2 2026,2026-06-28,Open,1,,17900,
PROS-05386,REP-0011,Meridian Group,1-50,Website Inquiry,AI Platform,Q1 2026,2026-02-14,Lost,2,2026-02-24,37800,
PROS-05387,REP-0024,Orbit Dynamics,51-200,Paid Marketing,Cloud Storage,Q4 2025,2025-12-20,Dead,0,,9300,
PROS-05388,REP-0011,Summit Solutions,1-50,Paid Marketing,AI Platform,Q4 2025,2025-10-12,Lost,5,2025-11-01,50500,
PROS-05389,REP-0085,Ridgeline Industries,201-1000,Website Inquiry,Cloud Compute,Q4 2025,2025-11-12,Lost,2,2025-12-21,16000,
PROS-05390,REP-0081,Anchor Holdings,1-50,Website Inquiry,Security Suite,Q2 2026,2026-04-13,Lost,5,2026-04-29,33000,
PROS-05391,REP-0003,Summit Group,1-50,Inbound Call,Cloud Storage,Q1 2026,2026-03-26,Dead,0,,8400,
PROS-05392,REP-0025,Summit Dynamics,51-200,Inbound Call,Cloud Storage,Q1 2026,2026-01-02,Dead,0,,8300,
PROS-05393,REP-0017,Ember Holdings,201-1000,Paid Marketing,Cloud Compute,Q4 2025,2025-10-22,Lost,3,2025-12-03,26100,
PROS-05394,REP-0098,Solace Labs,51-200,Inbound Call,Data Analytics,Q4 2025,2025-11-27,Lost,5,2025-12-24,35000,
PROS-05395,REP-0016,Drift Labs,201-1000,Conference,Security Suite,Q1 2026,2026-03-03,Lost,3,2026-04-11,45100,
PROS-05396,REP-0027,Anchor Holdings,1000-5000,Inbound Call,Cloud Compute,Q1 2026,2026-01-23,Lost,4,2026-04-08,53800,
PROS-05397,REP-0057,Nimbus Technologies,5000+,Website Inquiry,Cloud Storage,Q2 2026,2026-05-18,Lost,3,2026-06-30,21800,
PROS-05398,REP-0068,Catalyst Works,51-200,Referral,Cloud Storage,Q2 2026,2026-06-17,Dead,0,,7600,
PROS-05399,REP-0103,Granite Solutions,51-200,Paid Marketing,Security Suite,Q4 2025,2025-11-06,Lost,3,2025-11-15,39700,
PROS-05400,REP-0003,Beacon Works,1-50,Paid Marketing,Data Analytics,Q4 2025,2025-11-21,Lost,4,2025-12-02,12400,
PROS-05401,REP-0029,Summit Partners,201-1000,Website Inquiry,Cloud Compute,Q4 2025,2025-12-03,Dead,0,,22000,
PROS-05402,REP-0063,Northgate Solutions,51-200,Website Inquiry,Cloud Storage,Q1 2026,2026-01-30,Won,4,2026-02-09,9600,10300
PROS-05403,REP-0061,Cobalt Networks,1000-5000,Conference,AI Platform,Q2 2026,2026-05-12,Dead,0,,143900,
PROS-05404,REP-0103,Ironclad Technologies,51-200,Referral,Cloud Storage,Q4 2025,2025-11-24,Lost,5,2025-12-07,6200,
PROS-05405,REP-0094,Zenith Works,1-50,Paid Marketing,Cloud Storage,Q1 2026,2026-01-07,Lost,5,2026-01-21,4000,
PROS-05406,REP-0099,Quantum Networks,51-200,Paid Marketing,Cloud Compute,Q4 2025,2025-12-14,Dead,0,,32800,
PROS-05407,REP-0099,Wavefront Works,201-1000,Paid Marketing,Cloud Storage,Q4 2025,2025-11-08,Lost,5,2025-11-30,19300,
PROS-05408,REP-0098,Northgate Dynamics,201-1000,Paid Marketing,Cloud Compute,Q1 2026,2026-03-08,Dead,0,,36300,
PROS-05409,REP-0003,Apex Works,51-200,Paid Marketing,Security Suite,Q2 2026,2026-06-02,Open,1,,53300,
PROS-05410,REP-0063,Drift Systems,1-50,Paid Marketing,Security Suite,Q4 2025,2025-11-20,Lost,4,2025-12-06,23600,
PROS-05411,REP-0010,Lattice Digital,51-200,Paid Marketing,Security Suite,Q4 2025,2025-12-23,Dead,0,,39700,
PROS-05412,REP-0094,Redshift Technologies,1-50,Cold Outreach,Cloud Storage,Q1 2026,2026-01-15,Lost,2,2026-02-03,8000,
PROS-05413,REP-0063,Wavefront Labs,1-50,LinkedIn,AI Platform,Q2 2026,2026-06-02,Lost,5,2026-06-17,29400,
PROS-05414,REP-0040,Nova Industries,201-1000,Conference,Security Suite,Q2 2026,2026-06-21,Open,1,,62800,
PROS-05415,REP-0096,Beacon Digital,201-1000,Inbound Call,AI Platform,Q2 2026,2026-04-15,Dead,0,,122900,
PROS-05416,REP-0086,Apex Industries,201-1000,Website Inquiry,AI Platform,Q1 2026,2026-03-11,Dead,0,,124900,
PROS-05417,REP-0038,Redshift Solutions,51-200,LinkedIn,Security Suite,Q4 2025,2025-12-24,Won,5,2026-02-02,45600,46000
PROS-05418,REP-0100,Horizon Holdings,51-200,Website Inquiry,Security Suite,Q1 2026,2026-01-03,Lost,3,2026-01-30,46900,
PROS-05419,REP-0095,Catalyst Works,51-200,Inbound Call,Security Suite,Q4 2025,2025-10-03,Dead,0,,41300,
PROS-05420,REP-0054,Sterling Networks,201-1000,Paid Marketing,Cloud Compute,Q4 2025,2025-11-22,Lost,2,2026-01-05,36600,
PROS-05421,REP-0045,Lattice Technologies,201-1000,Website Inquiry,Cloud Compute,Q1 2026,2026-02-23,Dead,0,,17100,
PROS-05422,REP-0081,Fusion Solutions,51-200,Referral,Cloud Compute,Q4 2025,2025-11-10,Dead,1,,28400,
PROS-05423,REP-0053,Meridian Works,51-200,Paid Marketing,AI Platform,Q2 2026,2026-06-10,Lost,2,2026-06-24,58400,
PROS-05424,REP-0059,Lattice Works,51-200,Conference,Security Suite,Q2 2026,2026-05-08,Won,4,2026-05-16,23900,23600
PROS-05425,REP-0044,Meridian Partners,51-200,LinkedIn,Data Analytics,Q1 2026,2026-02-22,Lost,3,2026-03-14,31100,
PROS-05426,REP-0053,Lattice Systems,201-1000,LinkedIn,AI Platform,Q2 2026,2026-04-28,Dead,0,,67300,
PROS-05427,REP-0012,Beacon Group,1-50,Paid Marketing,Cloud Storage,Q2 2026,2026-06-04,Open,0,,4600,
PROS-05428,REP-0063,Helix Dynamics,1-50,Paid Marketing,AI Platform,Q2 2026,2026-06-26,Lost,3,2026-06-30,35100,
PROS-05429,REP-0036,Anchor Technologies,201-1000,Paid Marketing,Cloud Storage,Q4 2025,2025-10-19,Lost,2,2025-11-25,10300,
PROS-05430,REP-0088,Nova Labs,1-50,Inbound Call,Cloud Compute,Q4 2025,2025-11-11,Dead,0,,8600,
PROS-05431,REP-0033,Meridian Industries,5000+,Paid Marketing,AI Platform,Q1 2026,2026-02-19,Dead,2,,282800,
PROS-05432,REP-0067,Catalyst Dynamics,5000+,Cold Outreach,Cloud Storage,Q1 2026,2026-03-25,Lost,5,2026-06-22,53600,
PROS-05433,REP-0069,Anchor Partners,201-1000,Conference,Data Analytics,Q4 2025,2025-12-03,Dead,0,,33200,
PROS-05434,REP-0110,Granite Works,1000-5000,Website Inquiry,Cloud Storage,Q1 2026,2026-01-28,Dead,1,,13000,
PROS-05435,REP-0028,Ember Group,1-50,Referral,Security Suite,Q1 2026,2026-01-05,Won,2,2026-01-19,30500,35200
PROS-05436,REP-0014,Sterling Works,1000-5000,LinkedIn,Cloud Compute,Q2 2026,2026-04-20,Dead,1,,47100,
PROS-05437,REP-0086,Wavefront Technologies,201-1000,Cold Outreach,Cloud Storage,Q4 2025,2025-10-29,Dead,1,,22300,
PROS-05438,REP-0091,Helix Systems,201-1000,Cold Outreach,AI Platform,Q4 2025,2025-11-26,Lost,2,2025-12-15,120000,
PROS-05439,REP-0015,Vantage Works,1-50,Cold Outreach,Data Analytics,Q4 2025,2025-11-02,Dead,0,,16600,
PROS-05440,REP-0015,Vantage Works,1-50,Paid Marketing,Security Suite,Q4 2025,2025-10-02,Won,2,2025-10-19,22200,26500
PROS-05441,REP-0060,Cobalt Partners,1000-5000,Inbound Call,Data Analytics,Q1 2026,2026-02-13,Dead,1,,41900,
PROS-05442,REP-0099,Summit Technologies,201-1000,LinkedIn,Cloud Compute,Q1 2026,2026-01-28,Lost,2,2026-03-17,19900,
PROS-05443,REP-0046,Summit Industries,201-1000,LinkedIn,Security Suite,Q1 2026,2026-03-09,Dead,1,,37900,
PROS-05444,REP-0014,Cobalt Networks,201-1000,Website Inquiry,Cloud Storage,Q2 2026,2026-04-18,Lost,3,2026-05-06,12200,
PROS-05445,REP-0062,Solace Systems,51-200,Paid Marketing,AI Platform,Q4 2025,2025-11-29,Dead,1,,55000,
PROS-05446,REP-0086,Cobalt Industries,201-1000,Paid Marketing,Cloud Storage,Q4 2025,2025-12-03,Dead,1,,11700,
PROS-05447,REP-0074,Summit Group,201-1000,Paid Marketing,Cloud Storage,Q1 2026,2026-01-24,Lost,2,2026-02-26,15000,
PROS-05448,REP-0059,Vertex Technologies,51-200,Website Inquiry,Security Suite,Q2 2026,2026-04-23,Dead,0,,45100,
PROS-05449,REP-0101,Fusion Group,201-1000,LinkedIn,Data Analytics,Q1 2026,2026-03-01,Lost,2,2026-03-28,57600,
PROS-05450,REP-0093,Anchor Partners,1-50,Cold Outreach,Cloud Compute,Q2 2026,2026-06-24,Open,1,,11500,
PROS-05451,REP-0024,Ridgeline Industries,1-50,Website Inquiry,AI Platform,Q2 2026,2026-05-28,Lost,3,2026-06-07,37400,
PROS-05452,REP-0072,Apex Digital,51-200,Paid Marketing,AI Platform,Q2 2026,2026-04-09,Won,3,2026-05-16,28800,34100
PROS-05453,REP-0028,Nimbus Digital,1-50,Paid Marketing,Data Analytics,Q1 2026,2026-01-27,Won,2,2026-02-09,12900,14300
PROS-05454,REP-0095,Catalyst Partners,1-50,Referral,Security Suite,Q2 2026,2026-04-04,Dead,1,,45900,
PROS-05455,REP-0104,Redshift Digital,1000-5000,Paid Marketing,Data Analytics,Q1 2026,2026-02-11,Lost,3,2026-03-24,26600,
PROS-05456,REP-0015,Nimbus Partners,201-1000,Paid Marketing,Cloud Compute,Q2 2026,2026-06-06,Won,4,2026-06-15,33600,28600
PROS-05457,REP-0087,Anchor Industries,201-1000,Paid Marketing,Data Analytics,Q1 2026,2026-02-16,Lost,4,2026-03-31,27500,
PROS-05458,REP-0022,Vertex Systems,201-1000,Website Inquiry,AI Platform,Q1 2026,2026-01-19,Lost,2,2026-02-09,78600,
PROS-05459,REP-0062,Sterling Holdings,51-200,Cold Outreach,Data Analytics,Q2 2026,2026-04-21,Lost,5,2026-05-03,13800,
PROS-05460,REP-0087,Catalyst Holdings,51-200,Website Inquiry,Cloud Compute,Q4 2025,2025-11-29,Won,6,2026-01-05,17700,15100
PROS-05461,REP-0105,Meridian Dynamics,201-1000,Referral,Cloud Compute,Q2 2026,2026-06-19,Lost,3,2026-06-30,25100,
PROS-05462,REP-0042,Fusion Holdings,51-200,Inbound Call,Cloud Compute,Q2 2026,2026-04-23,Lost,3,2026-05-07,24400,
PROS-05463,REP-0071,Nimbus Group,201-1000,LinkedIn,Cloud Compute,Q4 2025,2025-12-02,Lost,4,2025-12-31,21000,
PROS-05464,REP-0013,Summit Networks,1000-5000,Cold Outreach,Data Analytics,Q2 2026,2026-06-20,Open,1,,49200,
PROS-05465,REP-0012,Meridian Dynamics,201-1000,Conference,Cloud Storage,Q2 2026,2026-05-11,Lost,2,2026-05-18,17400,
PROS-05466,REP-0072,Redshift Industries,201-1000,Website Inquiry,Cloud Compute,Q4 2025,2025-12-05,Lost,2,2025-12-27,17600,
PROS-05467,REP-0056,Lattice Dynamics,1-50,Referral,AI Platform,Q2 2026,2026-04-29,Dead,2,,42700,
PROS-05468,REP-0063,Summit Group,51-200,Website Inquiry,AI Platform,Q2 2026,2026-05-26,Dead,1,,28100,
PROS-05469,REP-0089,Catalyst Labs,51-200,Paid Marketing,AI Platform,Q4 2025,2025-11-02,Won,2,2025-11-25,26400,25200
PROS-05470,REP-0011,Fusion Works,51-200,LinkedIn,Security Suite,Q2 2026,2026-05-11,Lost,5,2026-06-02,25600,
PROS-05471,REP-0051,Ember Works,201-1000,LinkedIn,AI Platform,Q2 2026,2026-05-07,Dead,0,,43700,
PROS-05472,REP-0028,Wavefront Digital,1-50,Cold Outreach,Cloud Compute,Q2 2026,2026-04-23,Lost,2,2026-05-12,14300,
PROS-05473,REP-0011,Vantage Holdings,201-1000,Paid Marketing,AI Platform,Q1 2026,2026-01-14,Dead,1,,65500,
PROS-05474,REP-0004,Nimbus Digital,1-50,Conference,AI Platform,Q4 2025,2025-11-13,Dead,0,,48900,
PROS-05475,REP-0095,Drift Group,1-50,Paid Marketing,Cloud Storage,Q2 2026,2026-04-03,Lost,2,2026-04-22,8300,
PROS-05476,REP-0014,Solace Industries,1000-5000,Website Inquiry,Cloud Compute,Q2 2026,2026-06-15,Open,3,,48000,
PROS-05477,REP-0026,Drift Systems,201-1000,Cold Outreach,Cloud Compute,Q2 2026,2026-06-06,Open,1,,21800,
PROS-05478,REP-0027,Vertex Holdings,5000+,Website Inquiry,Data Analytics,Q2 2026,2026-04-17,Dead,0,,59600,
PROS-05479,REP-0066,Meridian Holdings,201-1000,Paid Marketing,Data Analytics,Q4 2025,2025-11-22,Lost,3,2025-12-17,44000,
PROS-05480,REP-0003,Wavefront Dynamics,51-200,LinkedIn,AI Platform,Q2 2026,2026-05-06,Lost,4,2026-05-14,50500,
PROS-05481,REP-0003,Fusion Dynamics,51-200,LinkedIn,AI Platform,Q1 2026,2026-03-04,Lost,5,2026-03-28,78500,
PROS-05482,REP-0075,Solace Dynamics,51-200,Conference,Cloud Compute,Q1 2026,2026-01-31,Lost,4,2026-03-03,15900,
PROS-05483,REP-0036,Ember Systems,201-1000,Cold Outreach,Security Suite,Q4 2025,2025-11-22,Won,3,2025-12-26,77300,89800
PROS-05484,REP-0097,Drift Systems,51-200,Conference,AI Platform,Q2 2026,2026-04-11,Dead,0,,78700,
PROS-05485,REP-0089,Lattice Labs,201-1000,Inbound Call,Cloud Storage,Q1 2026,2026-02-13,Lost,4,2026-02-21,10800,
PROS-05486,REP-0004,Cobalt Works,51-200,Cold Outreach,Cloud Compute,Q2 2026,2026-04-09,Dead,0,,15800,
PROS-05487,REP-0045,Beacon Networks,201-1000,Inbound Call,Data Analytics,Q4 2025,2025-10-05,Lost,4,2025-11-05,36100,
PROS-05488,REP-0059,Horizon Partners,201-1000,Paid Marketing,Cloud Compute,Q2 2026,2026-05-24,Dead,0,,21900,
PROS-05489,REP-0102,Pulse Group,1-50,Inbound Call,Cloud Storage,Q4 2025,2025-11-30,Lost,3,2025-12-15,5100,
PROS-05490,REP-0013,Wavefront Dynamics,1000-5000,LinkedIn,AI Platform,Q2 2026,2026-04-16,Lost,5,2026-06-29,163100,
PROS-05491,REP-0101,Cobalt Works,1000-5000,LinkedIn,AI Platform,Q4 2025,2025-12-17,Dead,0,,266700,
PROS-05492,REP-0017,Zenith Industries,201-1000,Cold Outreach,Cloud Storage,Q4 2025,2025-10-30,Dead,0,,13700,
PROS-05493,REP-0068,Sterling Digital,201-1000,LinkedIn,Cloud Storage,Q1 2026,2026-02-12,Won,5,2026-03-11,19000,18200
PROS-05494,REP-0108,Lattice Systems,51-200,Referral,Cloud Storage,Q1 2026,2026-03-21,Won,4,2026-04-01,13400,13800
PROS-05495,REP-0058,Atlas Holdings,1000-5000,Conference,Cloud Compute,Q4 2025,2025-10-21,Lost,4,2025-12-22,55300,
PROS-05496,REP-0013,Fusion Labs,5000+,Paid Marketing,AI Platform,Q1 2026,2026-01-30,Lost,5,2026-04-04,208400,
PROS-05497,REP-0083,Horizon Systems,201-1000,Cold Outreach,Security Suite,Q4 2025,2025-11-11,Lost,4,2025-12-05,59300,
PROS-05498,REP-0071,Quantum Solutions,201-1000,Conference,Cloud Storage,Q1 2026,2026-02-06,Lost,3,2026-03-23,17600,
PROS-05499,REP-0077,Vantage Networks,1-50,Conference,Security Suite,Q4 2025,2025-12-28,Lost,5,2026-01-18,28300,
PROS-05500,REP-0005,Ironclad Holdings,1-50,Paid Marketing,Data Analytics,Q1 2026,2026-02-27,Lost,3,2026-03-13,12800,
PROS-05501,REP-0094,Ironclad Solutions,51-200,LinkedIn,AI Platform,Q2 2026,2026-05-15,Dead,1,,95200,
PROS-05502,REP-0058,Nimbus Partners,201-1000,Paid Marketing,Cloud Compute,Q4 2025,2025-10-23,Dead,0,,18400,
PROS-05503,REP-0066,Ironclad Dynamics,201-1000,Inbound Call,Cloud Compute,Q4 2025,2025-12-03,Lost,3,2026-01-22,27100,
PROS-05504,REP-0022,Northgate Technologies,51-200,LinkedIn,Cloud Compute,Q2 2026,2026-06-08,Open,2,,11500,
PROS-05505,REP-0057,Horizon Works,1000-5000,Cold Outreach,AI Platform,Q1 2026,2026-01-29,Lost,3,2026-04-25,86800,
PROS-05506,REP-0005,Lattice Labs,51-200,Paid Marketing,Data Analytics,Q4 2025,2025-11-28,Lost,5,2025-12-22,15600,
PROS-05507,REP-0068,Granite Works,201-1000,LinkedIn,AI Platform,Q1 2026,2026-03-31,Lost,3,2026-05-07,117900,
PROS-05508,REP-0053,Nova Dynamics,201-1000,Website Inquiry,Cloud Compute,Q1 2026,2026-03-07,Won,3,2026-03-15,22900,22700
PROS-05509,REP-0019,Drift Networks,1000-5000,Conference,Cloud Storage,Q1 2026,2026-01-27,Dead,0,,27900,
PROS-05510,REP-0062,Anchor Group,1-50,Cold Outreach,Cloud Compute,Q1 2026,2026-02-13,Dead,0,,7900,
PROS-05511,REP-0094,Meridian Industries,51-200,Inbound Call,Cloud Storage,Q1 2026,2026-01-31,Lost,4,2026-02-21,11600,
PROS-05512,REP-0070,Catalyst Holdings,51-200,Website Inquiry,Security Suite,Q1 2026,2026-02-08,Lost,5,2026-03-12,35700,
PROS-05513,REP-0039,Cobalt Holdings,5000+,Paid Marketing,Security Suite,Q2 2026,2026-05-08,Dead,0,,219200,
PROS-05514,REP-0073,Lattice Networks,51-200,Paid Marketing,Cloud Compute,Q2 2026,2026-05-18,Lost,5,2026-06-03,16900,
PROS-05515,REP-0042,Apex Networks,51-200,Paid Marketing,AI Platform,Q2 2026,2026-04-16,Dead,0,,69900,
PROS-05516,REP-0040,Zenith Solutions,201-1000,Referral,Data Analytics,Q2 2026,2026-04-25,Dead,0,,50100,
PROS-05517,REP-0012,Wavefront Solutions,51-200,Paid Marketing,AI Platform,Q2 2026,2026-06-30,Open,0,,52000,
PROS-05518,REP-0006,Pulse Technologies,1000-5000,Website Inquiry,Cloud Compute,Q1 2026,2026-03-07,Lost,3,2026-05-26,53900,
PROS-05519,REP-0086,Vertex Networks,51-200,Inbound Call,AI Platform,Q2 2026,2026-06-15,Open,1,,60900,
PROS-05520,REP-0062,Cobalt Partners,1-50,Referral,Cloud Storage,Q1 2026,2026-03-16,Lost,2,2026-03-30,5300,
PROS-05521,REP-0047,Ironclad Holdings,201-1000,Paid Marketing,Data Analytics,Q2 2026,2026-05-07,Lost,4,2026-06-24,39300,
PROS-05522,REP-0021,Wavefront Industries,1-50,Website Inquiry,Cloud Compute,Q2 2026,2026-05-17,Lost,3,2026-05-30,10700,
PROS-05523,REP-0076,Ember Holdings,1-50,Paid Marketing,Security Suite,Q2 2026,2026-05-27,Open,0,,25300,
PROS-05524,REP-0079,Zenith Digital,201-1000,Paid Marketing,AI Platform,Q2 2026,2026-06-23,Open,0,,69100,
PROS-05525,REP-0088,Drift Digital,1-50,Website Inquiry,Cloud Compute,Q1 2026,2026-02-04,Lost,2,2026-02-17,13900,
PROS-05526,REP-0100,Fusion Partners,51-200,LinkedIn,Cloud Storage,Q2 2026,2026-04-10,Lost,3,2026-04-28,14300,
PROS-05527,REP-0102,Nova Solutions,51-200,Paid Marketing,Data Analytics,Q1 2026,2026-02-25,Lost,4,2026-03-16,20100,
PROS-05528,REP-0003,Beacon Group,51-200,LinkedIn,Cloud Compute,Q4 2025,2025-11-12,Lost,2,2025-11-26,13600,
PROS-05529,REP-0100,Quantum Digital,201-1000,Inbound Call,Cloud Compute,Q4 2025,2025-10-04,Won,4,2025-11-15,25400,30000
PROS-05530,REP-0022,Orbit Networks,1000-5000,Cold Outreach,Security Suite,Q2 2026,2026-06-19,Open,3,,90000,
PROS-05531,REP-0087,Ridgeline Labs,201-1000,Referral,Cloud Compute,Q2 2026,2026-06-19,Open,1,,20000,
PROS-05532,REP-0061,Ridgeline Group,5000+,LinkedIn,AI Platform,Q1 2026,2026-03-18,Dead,0,,344300,
PROS-05533,REP-0091,Vertex Partners,201-1000,Website Inquiry,Security Suite,Q2 2026,2026-05-30,Open,3,,74000,
PROS-05534,REP-0059,Beacon Partners,51-200,Cold Outreach,Security Suite,Q2 2026,2026-05-05,Lost,2,2026-05-15,53600,
PROS-05535,REP-0052,Horizon Technologies,5000+,Cold Outreach,AI Platform,Q1 2026,2026-01-22,Dead,0,,208800,
PROS-05536,REP-0070,Nova Dynamics,51-200,LinkedIn,Data Analytics,Q2 2026,2026-06-10,Open,0,,17100,
PROS-05537,REP-0091,Vertex Dynamics,201-1000,Paid Marketing,Security Suite,Q2 2026,2026-04-28,Lost,4,2026-05-30,75400,
PROS-05538,REP-0008,Orbit Dynamics,201-1000,Paid Marketing,Cloud Storage,Q2 2026,2026-05-09,Lost,2,2026-06-09,17200,
PROS-05539,REP-0029,Beacon Partners,1000-5000,LinkedIn,AI Platform,Q1 2026,2026-02-04,Lost,4,2026-03-23,135500,
PROS-05540,REP-0012,Apex Group,201-1000,Paid Marketing,Data Analytics,Q1 2026,2026-01-11,Dead,0,,25200,
PROS-05541,REP-0082,Apex Holdings,1000-5000,Website Inquiry,Cloud Compute,Q1 2026,2026-03-19,Lost,4,2026-05-04,52300,
PROS-05542,REP-0095,Apex Group,1-50,Paid Marketing,Data Analytics,Q2 2026,2026-04-28,Lost,3,2026-05-09,14500,
PROS-05543,REP-0109,Ridgeline Industries,51-200,Paid Marketing,Data Analytics,Q1 2026,2026-01-18,Lost,2,2026-02-05,32600,
PROS-05544,REP-0065,Beacon Works,201-1000,Website Inquiry,Cloud Compute,Q4 2025,2025-10-23,Lost,4,2025-11-12,29500,
PROS-05545,REP-0007,Northgate Partners,51-200,Referral,Cloud Storage,Q4 2025,2025-12-19,Lost,5,2026-01-04,12500,
PROS-05546,REP-0016,Granite Labs,1000-5000,Inbound Call,Security Suite,Q1 2026,2026-03-31,Lost,5,2026-05-21,151200,
PROS-05547,REP-0065,Anchor Industries,201-1000,Website Inquiry,Data Analytics,Q4 2025,2025-10-27,Lost,5,2025-12-01,27700,
PROS-05548,REP-0016,Redshift Solutions,1000-5000,LinkedIn,Cloud Storage,Q4 2025,2025-12-02,Won,5,2026-01-23,22300,19100
PROS-05549,REP-0037,Vertex Holdings,51-200,Paid Marketing,Cloud Storage,Q4 2025,2025-11-20,Lost,5,2025-12-23,10500,
PROS-05550,REP-0041,Fusion Dynamics,201-1000,Paid Marketing,Cloud Storage,Q1 2026,2026-02-23,Lost,4,2026-03-13,14700,
PROS-05551,REP-0108,Ember Industries,51-200,Website Inquiry,AI Platform,Q1 2026,2026-02-21,Lost,5,2026-03-17,108400,
PROS-05552,REP-0077,Drift Networks,51-200,Referral,Security Suite,Q1 2026,2026-01-05,Dead,0,,49600,
PROS-05553,REP-0041,Wavefront Group,201-1000,Paid Marketing,Cloud Storage,Q2 2026,2026-05-21,Dead,0,,25800,
PROS-05554,REP-0101,Cobalt Group,51-200,Cold Outreach,AI Platform,Q4 2025,2025-12-02,Lost,2,2026-01-10,75900,
PROS-05555,REP-0064,Granite Partners,51-200,Paid Marketing,AI Platform,Q2 2026,2026-05-21,Won,6,2026-06-11,70200,64500
PROS-05556,REP-0096,Nova Partners,201-1000,Cold Outreach,Cloud Compute,Q4 2025,2025-12-05,Dead,2,,28600,
PROS-05557,REP-0019,Pulse Group,1000-5000,Website Inquiry,Cloud Storage,Q2 2026,2026-04-06,Dead,1,,29800,
PROS-05558,REP-0001,Nimbus Industries,201-1000,Website Inquiry,Cloud Storage,Q4 2025,2025-12-28,Won,3,2026-02-14,14300,16600
PROS-05559,REP-0080,Horizon Partners,201-1000,Paid Marketing,Data Analytics,Q2 2026,2026-06-14,Open,0,,40200,
PROS-05560,REP-0080,Northgate Group,201-1000,Website Inquiry,Security Suite,Q4 2025,2025-11-09,Dead,0,,74300,
PROS-05561,REP-0072,Cobalt Systems,51-200,Paid Marketing,Cloud Storage,Q1 2026,2026-03-28,Lost,2,2026-05-09,10100,
PROS-05562,REP-0028,Ridgeline Industries,1-50,Inbound Call,AI Platform,Q4 2025,2025-10-15,Lost,3,2025-11-08,52200,
PROS-05563,REP-0005,Nova Solutions,1-50,Paid Marketing,Cloud Compute,Q1 2026,2026-01-30,Lost,2,2026-02-23,6700,
PROS-05564,REP-0037,Drift Systems,201-1000,LinkedIn,Data Analytics,Q4 2025,2025-10-15,Won,6,2025-12-04,48600,41500
PROS-05565,REP-0089,Redshift Group,1-50,Paid Marketing,Security Suite,Q4 2025,2025-10-23,Dead,1,,13400,
PROS-05566,REP-0051,Lattice Dynamics,5000+,Inbound Call,Data Analytics,Q1 2026,2026-01-04,Dead,0,,73000,
PROS-05567,REP-0077,Northgate Labs,1-50,LinkedIn,AI Platform,Q2 2026,2026-05-31,Open,1,,34000,
PROS-05568,REP-0030,Quantum Holdings,5000+,LinkedIn,Security Suite,Q1 2026,2026-02-21,Lost,2,2026-04-30,227400,
PROS-05569,REP-0102,Nimbus Systems,1-50,LinkedIn,Cloud Compute,Q1 2026,2026-03-06,Dead,0,,13100,
PROS-05570,REP-0016,Summit Industries,1000-5000,Paid Marketing,Cloud Compute,Q1 2026,2026-02-20,Lost,2,2026-04-29,53400,
PROS-05571,REP-0001,Fusion Digital,51-200,Paid Marketing,Data Analytics,Q1 2026,2026-03-11,Won,3,2026-04-19,23000,22700
PROS-05572,REP-0047,Nimbus Partners,201-1000,Paid Marketing,Cloud Storage,Q4 2025,2025-12-09,Dead,0,,10500,
PROS-05573,REP-0028,Ridgeline Holdings,1-50,Inbound Call,Data Analytics,Q4 2025,2025-12-30,Lost,2,2026-01-19,15000,
PROS-05574,REP-0005,Apex Partners,51-200,Website Inquiry,AI Platform,Q2 2026,2026-05-12,Lost,5,2026-05-28,86600,
PROS-05575,REP-0092,Fusion Industries,5000+,Cold Outreach,Data Analytics,Q2 2026,2026-04-14,Lost,5,2026-06-30,87100,
PROS-05576,REP-0069,Beacon Networks,1000-5000,Conference,AI Platform,Q4 2025,2025-11-13,Lost,4,2025-12-08,164300,
PROS-05577,REP-0025,Summit Technologies,201-1000,Paid Marketing,AI Platform,Q2 2026,2026-04-16,Dead,0,,84500,
PROS-05578,REP-0056,Zenith Systems,1-50,Inbound Call,Security Suite,Q4 2025,2025-11-25,Lost,5,2025-12-05,21700,
PROS-05579,REP-0068,Orbit Technologies,51-200,LinkedIn,Security Suite,Q2 2026,2026-04-25,Dead,0,,37400,
PROS-05580,REP-0028,Fusion Industries,51-200,Cold Outreach,Data Analytics,Q4 2025,2025-11-25,Lost,5,2025-12-07,21300,
PROS-05581,REP-0004,Redshift Holdings,51-200,Conference,Cloud Storage,Q2 2026,2026-04-28,Won,4,2026-05-21,8300,7400
PROS-05582,REP-0058,Pulse Digital,5000+,Paid Marketing,AI Platform,Q4 2025,2025-10-28,Lost,4,2025-12-06,231200,
PROS-05583,REP-0068,Ember Systems,51-200,Paid Marketing,Cloud Storage,Q2 2026,2026-05-03,Lost,3,2026-05-28,6500,
PROS-05584,REP-0016,Sterling Digital,1000-5000,Referral,Cloud Storage,Q2 2026,2026-05-03,Dead,0,,25300,
PROS-05585,REP-0094,Solace Networks,51-200,Website Inquiry,Cloud Compute,Q1 2026,2026-01-18,Won,2,2026-02-12,16200,19300
PROS-05586,REP-0024,Wavefront Works,51-200,Paid Marketing,AI Platform,Q2 2026,2026-04-23,Lost,2,2026-05-02,39000,
PROS-05587,REP-0004,Vertex Digital,1-50,Paid Marketing,Cloud Compute,Q2 2026,2026-05-30,Open,1,,13000,
PROS-05588,REP-0053,Nimbus Solutions,51-200,Inbound Call,Cloud Compute,Q1 2026,2026-03-02,Lost,5,2026-03-25,28700,
PROS-05589,REP-0006,Solace Industries,1000-5000,Inbound Call,Cloud Compute,Q1 2026,2026-03-31,Dead,0,,62100,
PROS-05590,REP-0029,Ridgeline Partners,1000-5000,Paid Marketing,Cloud Storage,Q2 2026,2026-05-04,Won,6,2026-06-13,12700,11000
PROS-05591,REP-0007,Nova Labs,201-1000,Website Inquiry,AI Platform,Q2 2026,2026-05-20,Won,6,2026-06-30,48800,46400
PROS-05592,REP-0101,Vantage Technologies,201-1000,Paid Marketing,Cloud Compute,Q1 2026,2026-01-08,Dead,0,,55800,
PROS-05593,REP-0075,Pulse Partners,201-1000,Cold Outreach,Cloud Storage,Q4 2025,2025-12-25,Lost,2,2026-01-16,11900,
PROS-05594,REP-0084,Drift Works,51-200,Paid Marketing,Security Suite,Q2 2026,2026-05-28,Open,2,,37700,
PROS-05595,REP-0081,Ironclad Networks,201-1000,Cold Outreach,Cloud Compute,Q2 2026,2026-04-02,Lost,2,2026-04-17,14400,
PROS-05596,REP-0079,Vertex Systems,51-200,Conference,AI Platform,Q2 2026,2026-05-03,Dead,1,,90900,
PROS-05597,REP-0042,Vertex Holdings,1-50,Website Inquiry,Data Analytics,Q1 2026,2026-02-08,Won,3,2026-02-23,13100,15000
PROS-05598,REP-0046,Orbit Works,201-1000,Conference,Cloud Compute,Q1 2026,2026-02-03,Lost,5,2026-03-09,43300,
PROS-05599,REP-0088,Lattice Digital,1-50,Paid Marketing,AI Platform,Q2 2026,2026-06-03,Open,0,,39500,
PROS-05600,REP-0081,Meridian Solutions,51-200,Paid Marketing,Data Analytics,Q4 2025,2025-11-09,Lost,5,2025-11-23,25300,
PROS-05601,REP-0021,Apex Labs,1-50,LinkedIn,Data Analytics,Q2 2026,2026-04-07,Dead,1,,16500,
PROS-05602,REP-0034,Wavefront Labs,1000-5000,Website Inquiry,Cloud Compute,Q1 2026,2026-01-31,Won,5,2026-03-14,55200,54700
PROS-05603,REP-0042,Cobalt Industries,1-50,Cold Outreach,Cloud Compute,Q2 2026,2026-05-28,Open,0,,10900,
PROS-05604,REP-0009,Ironclad Group,1000-5000,LinkedIn,Data Analytics,Q1 2026,2026-03-18,Lost,4,2026-06-11,36900,
PROS-05605,REP-0080,Horizon Digital,201-1000,Conference,Cloud Compute,Q2 2026,2026-04-11,Lost,3,2026-05-08,21300,
PROS-05606,REP-0029,Helix Works,201-1000,Website Inquiry,Data Analytics,Q4 2025,2025-12-04,Dead,0,,50100,
PROS-05607,REP-0092,Lattice Industries,1000-5000,LinkedIn,AI Platform,Q1 2026,2026-01-30,Won,5,2026-03-27,138500,157400
PROS-05608,REP-0007,Nimbus Group,201-1000,Cold Outreach,Cloud Compute,Q2 2026,2026-04-19,Won,6,2026-05-26,19100,18800
PROS-05609,REP-0028,Pulse Networks,201-1000,Paid Marketing,Security Suite,Q2 2026,2026-04-29,Lost,3,2026-05-09,88700,
PROS-05610,REP-0080,Drift Dynamics,201-1000,Referral,Cloud Storage,Q1 2026,2026-01-03,Lost,4,2026-02-07,8400,
PROS-05611,REP-0086,Granite Systems,1000-5000,LinkedIn,Data Analytics,Q4 2025,2025-11-10,Lost,3,2025-12-30,70700,
PROS-05612,REP-0012,Ember Partners,1-50,Paid Marketing,Cloud Storage,Q2 2026,2026-05-11,Dead,0,,6200,
PROS-05613,REP-0029,Beacon Systems,51-200,Website Inquiry,AI Platform,Q2 2026,2026-05-21,Lost,4,2026-06-21,49400,
PROS-05614,REP-0081,Nimbus Works,51-200,Website Inquiry,Data Analytics,Q4 2025,2025-12-28,Lost,3,2026-01-22,16100,
PROS-05615,REP-0038,Vantage Labs,201-1000,Conference,AI Platform,Q2 2026,2026-06-30,Open,0,,46700,
PROS-05616,REP-0060,Beacon Systems,1000-5000,LinkedIn,Cloud Compute,Q2 2026,2026-04-12,Won,6,2026-05-21,70900,71100
PROS-05617,REP-0005,Redshift Holdings,201-1000,Cold Outreach,Security Suite,Q2 2026,2026-06-18,Open,1,,54600,
PROS-05618,REP-0034,Nimbus Labs,1000-5000,Paid Marketing,AI Platform,Q2 2026,2026-04-26,Lost,4,2026-05-13,103200,
PROS-05619,REP-0047,Pulse Digital,51-200,Paid Marketing,Data Analytics,Q4 2025,2025-11-13,Dead,0,,25800,
PROS-05620,REP-0008,Ridgeline Digital,51-200,Paid Marketing,Cloud Compute,Q1 2026,2026-01-09,Won,5,2026-01-26,13400,14900
PROS-05621,REP-0096,Pulse Holdings,201-1000,Paid Marketing,Cloud Compute,Q1 2026,2026-03-06,Lost,4,2026-03-26,22500,
PROS-05622,REP-0097,Anchor Dynamics,51-200,Website Inquiry,Security Suite,Q4 2025,2025-10-08,Lost,4,2025-11-18,35500,
PROS-05623,REP-0086,Nova Systems,201-1000,Inbound Call,Cloud Compute,Q4 2025,2025-11-15,Lost,3,2025-12-12,25000,
PROS-05624,REP-0088,Vertex Group,51-200,Inbound Call,Cloud Storage,Q4 2025,2025-10-13,Lost,5,2025-10-30,14300,
PROS-05625,REP-0108,Solace Dynamics,1-50,Paid Marketing,AI Platform,Q2 2026,2026-05-15,Dead,1,,22600,
PROS-05626,REP-0039,Helix Technologies,1000-5000,Referral,Cloud Compute,Q4 2025,2025-11-08,Lost,2,2026-01-26,37100,
PROS-05627,REP-0097,Catalyst Holdings,201-1000,Referral,Cloud Storage,Q4 2025,2025-11-02,Won,4,2025-12-09,12000,10800
PROS-05628,REP-0074,Granite Dynamics,201-1000,Website Inquiry,Security Suite,Q2 2026,2026-06-14,Open,1,,64600,
PROS-05629,REP-0060,Horizon Industries,5000+,Referral,AI Platform,Q2 2026,2026-04-07,Won,5,2026-06-30,156600,176700
PROS-05630,REP-0030,Lattice Digital,201-1000,Paid Marketing,Security Suite,Q4 2025,2025-12-17,Dead,0,,84000,
PROS-05631,REP-0107,Pulse Labs,201-1000,Paid Marketing,Cloud Storage,Q4 2025,2025-11-01,Lost,5,2025-11-30,17200,
PROS-05632,REP-0059,Apex Industries,51-200,Website Inquiry,Cloud Storage,Q1 2026,2026-03-17,Won,2,2026-04-08,14200,15200
PROS-05633,REP-0047,Ridgeline Partners,201-1000,Paid Marketing,AI Platform,Q1 2026,2026-01-31,Lost,5,2026-03-02,68900,
PROS-05634,REP-0059,Zenith Digital,1-50,Website Inquiry,Cloud Storage,Q2 2026,2026-06-05,Lost,3,2026-06-16,6100,
PROS-05635,REP-0001,Nimbus Systems,1000-5000,Referral,Security Suite,Q4 2025,2025-10-09,Won,6,2025-11-20,133700,122500
PROS-05636,REP-0097,Redshift Systems,201-1000,Cold Outreach,Cloud Storage,Q1 2026,2026-02-06,Won,6,2026-03-08,12100,13000
PROS-05637,REP-0010,Ironclad Holdings,51-200,Inbound Call,Cloud Compute,Q2 2026,2026-06-08,Open,3,,17300,
PROS-05638,REP-0063,Quantum Industries,1-50,Website Inquiry,Data Analytics,Q1 2026,2026-02-25,Lost,3,2026-03-16,20400,
PROS-05639,REP-0070,Catalyst Digital,201-1000,Website Inquiry,Cloud Storage,Q4 2025,2025-10-11,Dead,0,,17500,
PROS-05640,REP-0068,Sterling Industries,201-1000,Inbound Call,Data Analytics,Q4 2025,2025-10-22,Lost,2,2025-11-07,34700,
PROS-05641,REP-0013,Quantum Works,1000-5000,Conference,Cloud Compute,Q1 2026,2026-01-24,Dead,0,,29500,
PROS-05642,REP-0025,Sterling Works,1000-5000,Paid Marketing,Cloud Compute,Q4 2025,2025-12-21,Dead,0,,50700,
PROS-05643,REP-0020,Lattice Networks,1000-5000,Cold Outreach,Cloud Compute,Q1 2026,2026-02-19,Lost,4,2026-04-11,36300,
PROS-05644,REP-0001,Pulse Holdings,201-1000,Paid Marketing,Security Suite,Q4 2025,2025-11-06,Lost,5,2025-12-17,106600,
PROS-05645,REP-0072,Wavefront Digital,1000-5000,Cold Outreach,Security Suite,Q1 2026,2026-01-18,Dead,1,,68900,
PROS-05646,REP-0043,Granite Networks,201-1000,Cold Outreach,Cloud Compute,Q1 2026,2026-01-05,Lost,2,2026-01-26,39500,
PROS-05647,REP-0068,Fusion Solutions,51-200,Paid Marketing,AI Platform,Q2 2026,2026-04-28,Lost,2,2026-06-03,63700,
PROS-05648,REP-0059,Orbit Holdings,201-1000,Referral,Security Suite,Q1 2026,2026-02-26,Won,3,2026-03-14,64500,67300
PROS-05649,REP-0075,Northgate Holdings,201-1000,LinkedIn,Cloud Compute,Q1 2026,2026-01-07,Lost,2,2026-02-01,22500,
PROS-05650,REP-0015,Ridgeline Systems,51-200,Website Inquiry,Cloud Compute,Q4 2025,2025-10-16,Lost,5,2025-11-09,29400,
PROS-05651,REP-0045,Quantum Digital,1000-5000,Inbound Call,Cloud Compute,Q4 2025,2025-10-27,Dead,1,,57100,
PROS-05652,REP-0052,Anchor Partners,1000-5000,Paid Marketing,Data Analytics,Q1 2026,2026-03-27,Lost,2,2026-05-25,32400,
PROS-05653,REP-0070,Northgate Works,51-200,Referral,Cloud Compute,Q1 2026,2026-01-14,Dead,1,,13000,
PROS-05654,REP-0094,Ember Holdings,1-50,Website Inquiry,Cloud Compute,Q1 2026,2026-03-08,Dead,0,,10400,
PROS-05655,REP-0062,Cobalt Partners,51-200,Website Inquiry,Cloud Compute,Q4 2025,2025-11-28,Lost,5,2025-12-10,12800,
PROS-05656,REP-0039,Apex Digital,201-1000,Cold Outreach,AI Platform,Q2 2026,2026-04-17,Dead,1,,99100,
PROS-05657,REP-0107,Cobalt Works,51-200,LinkedIn,Security Suite,Q2 2026,2026-06-30,Open,0,,41200,
PROS-05658,REP-0036,Helix Group,51-200,Paid Marketing,AI Platform,Q2 2026,2026-04-29,Lost,5,2026-06-16,49400,
PROS-05659,REP-0059,Lattice Technologies,1-50,LinkedIn,Cloud Storage,Q4 2025,2025-11-21,Won,4,2025-12-11,5300,5300
PROS-05660,REP-0081,Meridian Dynamics,1-50,Cold Outreach,Data Analytics,Q4 2025,2025-11-02,Lost,3,2025-11-24,14000,
PROS-05661,REP-0017,Vertex Technologies,201-1000,Paid Marketing,Security Suite,Q4 2025,2025-12-07,Dead,2,,38900,
PROS-05662,REP-0058,Quantum Group,5000+,Website Inquiry,AI Platform,Q1 2026,2026-01-02,Won,4,2026-02-10,214300,220000
PROS-05663,REP-0065,Zenith Systems,1000-5000,Cold Outreach,Cloud Compute,Q2 2026,2026-04-24,Won,4,2026-05-27,44200,42000
PROS-05664,REP-0026,Catalyst Works,201-1000,Conference,Cloud Storage,Q2 2026,2026-06-25,Open,1,,14100,
PROS-05665,REP-0041,Orbit Networks,51-200,Conference,AI Platform,Q1 2026,2026-02-26,Lost,5,2026-03-24,68700,
PROS-05666,REP-0062,Ridgeline Partners,1-50,Paid Marketing,AI Platform,Q1 2026,2026-03-21,Lost,4,2026-04-08,27600,
PROS-05667,REP-0029,Ridgeline Digital,1000-5000,Cold Outreach,Cloud Compute,Q4 2025,2025-12-02,Dead,2,,21300,
PROS-05668,REP-0008,Nimbus Systems,51-200,LinkedIn,AI Platform,Q4 2025,2025-11-30,Won,4,2025-12-21,86400,97600
PROS-05669,REP-0004,Summit Technologies,1-50,Inbound Call,Cloud Storage,Q4 2025,2025-11-16,Dead,0,,8300,
PROS-05670,REP-0103,Atlas Holdings,51-200,Cold Outreach,AI Platform,Q2 2026,2026-06-28,Lost,4,2026-06-27,31700,
PROS-05671,REP-0011,Wavefront Holdings,51-200,Inbound Call,Data Analytics,Q4 2025,2025-11-28,Dead,1,,29800,
PROS-05672,REP-0031,Apex Digital,51-200,Website Inquiry,AI Platform,Q1 2026,2026-03-07,Lost,2,2026-04-13,77500,
PROS-05673,REP-0063,Solace Networks,1-50,LinkedIn,Data Analytics,Q4 2025,2025-11-08,Lost,4,2025-11-25,16900,
PROS-05674,REP-0053,Horizon Digital,51-200,Inbound Call,Cloud Compute,Q2 2026,2026-06-22,Open,2,,20300,
PROS-05675,REP-0064,Anchor Partners,201-1000,LinkedIn,Security Suite,Q1 2026,2026-02-23,Dead,0,,74400,
PROS-05676,REP-0036,Vertex Works,201-1000,Cold Outreach,Data Analytics,Q2 2026,2026-06-14,Open,3,,38500,
PROS-05677,REP-0041,Nova Holdings,51-200,Paid Marketing,Cloud Storage,Q1 2026,2026-03-27,Dead,0,,10400,
PROS-05678,REP-0095,Horizon Systems,1-50,Cold Outreach,Data Analytics,Q4 2025,2025-12-11,Dead,1,,19800,
PROS-05679,REP-0077,Fusion Industries,51-200,Website Inquiry,Cloud Storage,Q1 2026,2026-02-23,Lost,4,2026-03-19,15400,
PROS-05680,REP-0073,Pulse Technologies,1000-5000,Cold Outreach,Cloud Compute,Q2 2026,2026-06-27,Open,0,,38500,
PROS-05681,REP-0029,Summit Networks,201-1000,Paid Marketing,Cloud Storage,Q2 2026,2026-05-18,Lost,5,2026-06-23,7400,
PROS-05682,REP-0042,Summit Group,1-50,Inbound Call,Data Analytics,Q1 2026,2026-03-11,Lost,3,2026-03-21,11600,
PROS-05683,REP-0003,Apex Technologies,201-1000,Inbound Call,Cloud Compute,Q1 2026,2026-03-30,Won,4,2026-04-11,34500,41100
PROS-05684,REP-0003,Meridian Networks,51-200,Paid Marketing,Cloud Compute,Q1 2026,2026-03-19,Lost,5,2026-04-10,25600,
PROS-05685,REP-0009,Northgate Partners,5000+,Inbound Call,Cloud Compute,Q1 2026,2026-02-08,Lost,5,2026-04-13,56000,
PROS-05686,REP-0041,Summit Labs,1000-5000,Paid Marketing,Cloud Storage,Q4 2025,2025-10-14,Lost,4,2025-11-14,30300,
PROS-05687,REP-0061,Fusion Dynamics,5000+,Cold Outreach,Data Analytics,Q2 2026,2026-04-12,Lost,5,2026-06-30,137300,
PROS-05688,REP-0073,Drift Industries,1000-5000,Paid Marketing,Cloud Storage,Q2 2026,2026-05-15,Dead,0,,20600,
PROS-05689,REP-0081,Pulse Holdings,51-200,Inbound Call,Data Analytics,Q1 2026,2026-03-20,Lost,3,2026-04-06,26700,
PROS-05690,REP-0029,Meridian Systems,201-1000,LinkedIn,Security Suite,Q4 2025,2025-12-10,Lost,4,2026-01-06,80000,
PROS-05691,REP-0015,Wavefront Labs,51-200,LinkedIn,Data Analytics,Q4 2025,2025-10-18,Won,4,2025-10-30,33600,31500
PROS-05692,REP-0107,Zenith Group,51-200,Website Inquiry,Data Analytics,Q1 2026,2026-03-05,Lost,3,2026-04-21,33400,
PROS-05693,REP-0049,Wavefront Group,51-200,Paid Marketing,Security Suite,Q2 2026,2026-05-28,Lost,4,2026-06-12,39600,
PROS-05694,REP-0015,Cobalt Technologies,1-50,Conference,Cloud Compute,Q1 2026,2026-01-01,Won,3,2026-01-13,9600,11500
PROS-05695,REP-0061,Atlas Technologies,201-1000,Paid Marketing,Cloud Storage,Q2 2026,2026-05-11,Lost,5,2026-06-27,12900,
PROS-05696,REP-0035,Vertex Systems,1000-5000,Inbound Call,Cloud Compute,Q1 2026,2026-02-21,Won,7,2026-05-09,46800,44400
PROS-05697,REP-0103,Horizon Holdings,51-200,Cold Outreach,Security Suite,Q1 2026,2026-02-05,Dead,0,,54300,
PROS-05698,REP-0017,Lattice Partners,201-1000,Paid Marketing,Cloud Compute,Q4 2025,2025-10-26,Dead,1,,14900,
PROS-05699,REP-0028,Atlas Industries,1-50,Inbound Call,Data Analytics,Q4 2025,2025-12-31,Dead,0,,17300,
PROS-05700,REP-0099,Helix Technologies,51-200,Paid Marketing,AI Platform,Q2 2026,2026-05-20,Lost,2,2026-06-29,71500,
PROS-05701,REP-0092,Apex Systems,1000-5000,Paid Marketing,AI Platform,Q1 2026,2026-03-07,Lost,4,2026-05-04,134200,
PROS-05702,REP-0062,Granite Holdings,51-200,Inbound Call,Cloud Compute,Q4 2025,2025-12-23,Dead,1,,25800,
PROS-05703,REP-0022,Nova Works,201-1000,Referral,Cloud Storage,Q1 2026,2026-03-28,Won,5,2026-04-26,10300,9200
PROS-05704,REP-0106,Northgate Digital,1000-5000,Inbound Call,Cloud Compute,Q1 2026,2026-03-26,Dead,0,,27200,
PROS-05705,REP-0107,Nimbus Labs,201-1000,Inbound Call,Data Analytics,Q1 2026,2026-01-30,Dead,0,,40200,
PROS-05706,REP-0076,Summit Group,201-1000,Paid Marketing,AI Platform,Q1 2026,2026-03-09,Dead,0,,84200,
PROS-05707,REP-0081,Pulse Dynamics,1-50,Referral,Cloud Storage,Q4 2025,2025-11-07,Lost,3,2025-11-22,7800,
PROS-05708,REP-0037,Nova Networks,51-200,Cold Outreach,Cloud Compute,Q1 2026,2026-02-09,Lost,3,2026-03-16,18600,
PROS-05709,REP-0074,Catalyst Group,1000-5000,Paid Marketing,Security Suite,Q4 2025,2025-10-10,Dead,0,,118600,
PROS-05710,REP-0109,Fusion Networks,51-200,LinkedIn,Cloud Storage,Q4 2025,2025-11-03,Dead,1,,13000,
PROS-05711,REP-0035,Northgate Labs,5000+,Paid Marketing,Cloud Compute,Q1 2026,2026-03-23,Lost,4,2026-05-28,84300,
PROS-05712,REP-0047,Redshift Systems,1000-5000,Paid Marketing,AI Platform,Q2 2026,2026-05-31,Open,1,,140800,
PROS-05713,REP-0038,Meridian Group,201-1000,Website Inquiry,Security Suite,Q2 2026,2026-05-21,Lost,3,2026-06-28,29400,
PROS-05714,REP-0028,Vertex Digital,51-200,Paid Marketing,Security Suite,Q1 2026,2026-01-19,Lost,3,2026-02-07,22000,
PROS-05715,REP-0038,Ridgeline Group,201-1000,Conference,Security Suite,Q4 2025,2025-12-27,Lost,3,2026-01-23,73700,
PROS-05716,REP-0050,Beacon Group,1000-5000,LinkedIn,AI Platform,Q1 2026,2026-01-16,Lost,3,2026-04-04,150200,
PROS-05717,REP-0056,Drift Solutions,1-50,Cold Outreach,Data Analytics,Q1 2026,2026-02-17,Lost,3,2026-02-24,18700,
PROS-05718,REP-0070,Ember Dynamics,51-200,Website Inquiry,AI Platform,Q2 2026,2026-05-18,Dead,0,,96000,
PROS-05719,REP-0060,Pulse Labs,1000-5000,Cold Outreach,AI Platform,Q2 2026,2026-04-08,Lost,2,2026-05-16,202200,
PROS-05720,REP-0095,Ember Works,1-50,Paid Marketing,Cloud Storage,Q4 2025,2025-11-26,Lost,5,2025-12-14,7600,
PROS-05721,REP-0054,Pulse Labs,201-1000,Conference,Cloud Storage,Q1 2026,2026-01-05,Won,6,2026-02-03,11000,11300
PROS-05722,REP-0036,Horizon Group,51-200,Paid Marketing,Data Analytics,Q1 2026,2026-01-20,Lost,5,2026-02-27,32100,
PROS-05723,REP-0100,Apex Group,201-1000,Cold Outreach,Cloud Compute,Q1 2026,2026-02-06,Lost,3,2026-03-13,43500,
PROS-05724,REP-0094,Ridgeline Holdings,1-50,Inbound Call,Security Suite,Q4 2025,2025-10-14,Lost,4,2025-10-28,28800,
PROS-05725,REP-0086,Orbit Networks,1000-5000,Paid Marketing,Cloud Storage,Q4 2025,2025-11-19,Lost,4,2025-12-22,16000,
PROS-05726,REP-0099,Meridian Industries,201-1000,Website Inquiry,AI Platform,Q2 2026,2026-05-10,Lost,3,2026-06-10,109100,
PROS-05727,REP-0028,Redshift Holdings,51-200,Paid Marketing,AI Platform,Q2 2026,2026-06-10,Open,0,,107700,
PROS-05728,REP-0107,Meridian Holdings,201-1000,Website Inquiry,Cloud Storage,Q4 2025,2025-10-24,Lost,3,2025-11-16,9800,
PROS-05729,REP-0023,Cobalt Dynamics,5000+,LinkedIn,Cloud Storage,Q4 2025,2025-12-03,Dead,0,,22800,
PROS-05730,REP-0009,Cobalt Industries,5000+,Inbound Call,Cloud Compute,Q2 2026,2026-05-01,Dead,0,,82900,
PROS-05731,REP-0089,Northgate Partners,201-1000,Paid Marketing,Data Analytics,Q1 2026,2026-01-15,Dead,0,,28600,
PROS-05732,REP-0110,Horizon Technologies,201-1000,Paid Marketing,Cloud Compute,Q1 2026,2026-02-19,Lost,2,2026-03-28,33000,
PROS-05733,REP-0079,Fusion Industries,1-50,Website Inquiry,Cloud Compute,Q2 2026,2026-06-23,Open,0,,11900,
PROS-05734,REP-0062,Fusion Works,1-50,LinkedIn,AI Platform,Q1 2026,2026-01-05,Dead,0,,21700,
PROS-05735,REP-0086,Beacon Industries,51-200,Inbound Call,Cloud Compute,Q4 2025,2025-11-01,Won,5,2025-11-20,17200,17700
PROS-05736,REP-0102,Redshift Technologies,51-200,Conference,AI Platform,Q2 2026,2026-06-03,Lost,4,2026-06-25,29600,
PROS-05737,REP-0014,Helix Networks,1000-5000,LinkedIn,Cloud Storage,Q2 2026,2026-04-24,Dead,0,,21300,
PROS-05738,REP-0008,Helix Networks,201-1000,Referral,AI Platform,Q4 2025,2025-10-25,Lost,4,2025-11-25,50900,
PROS-05739,REP-0012,Cobalt Labs,1-50,Paid Marketing,Cloud Compute,Q2 2026,2026-05-20,Lost,3,2026-06-08,19300,
PROS-05740,REP-0007,Catalyst Works,201-1000,LinkedIn,Cloud Storage,Q2 2026,2026-04-20,Dead,1,,12900,
PROS-05741,REP-0102,Wavefront Technologies,1-50,Cold Outreach,Cloud Compute,Q4 2025,2025-10-11,Lost,3,2025-11-01,13400,
PROS-05742,REP-0037,Fusion Labs,51-200,LinkedIn,Cloud Storage,Q4 2025,2025-10-14,Lost,4,2025-11-27,12100,
PROS-05743,REP-0004,Horizon Labs,1-50,Inbound Call,Security Suite,Q1 2026,2026-01-13,Lost,5,2026-01-30,23700,
PROS-05744,REP-0110,Ridgeline Industries,201-1000,Paid Marketing,Cloud Storage,Q2 2026,2026-05-26,Lost,5,2026-06-30,17200,
PROS-05745,REP-0108,Apex Networks,1-50,Paid Marketing,Cloud Storage,Q4 2025,2025-12-15,Lost,4,2026-01-02,6400,
PROS-05746,REP-0023,Quantum Networks,1000-5000,LinkedIn,Cloud Compute,Q4 2025,2025-10-29,Dead,0,,38900,
PROS-05747,REP-0083,Ironclad Digital,201-1000,Paid Marketing,Cloud Compute,Q4 2025,2025-12-12,Lost,3,2026-01-23,37200,
PROS-05748,REP-0035,Beacon Digital,1000-5000,LinkedIn,AI Platform,Q2 2026,2026-04-26,Lost,2,2026-06-26,217000,
PROS-05749,REP-0003,Vantage Labs,51-200,LinkedIn,Data Analytics,Q1 2026,2026-03-19,Lost,2,2026-04-07,27100,
PROS-05750,REP-0096,Vertex Systems,1-50,LinkedIn,Cloud Compute,Q4 2025,2025-12-31,Won,2,2026-01-20,14100,13900
PROS-05751,REP-0076,Northgate Works,51-200,Website Inquiry,AI Platform,Q2 2026,2026-04-18,Won,3,2026-05-10,46200,50200
PROS-05752,REP-0012,Ironclad Technologies,1-50,Website Inquiry,Cloud Storage,Q1 2026,2026-01-17,Dead,1,,10100,
PROS-05753,REP-0088,Atlas Partners,201-1000,Referral,Cloud Storage,Q4 2025,2025-10-03,Dead,0,,18600,
PROS-05754,REP-0107,Lattice Networks,201-1000,Paid Marketing,Cloud Compute,Q2 2026,2026-06-16,Open,2,,36500,
PROS-05755,REP-0109,Ironclad Systems,1-50,Website Inquiry,Cloud Storage,Q2 2026,2026-05-29,Open,0,,6900,
PROS-05756,REP-0087,Nimbus Solutions,201-1000,LinkedIn,Cloud Storage,Q1 2026,2026-02-14,Dead,0,,21800,
PROS-05757,REP-0083,Cobalt Digital,201-1000,Inbound Call,Cloud Compute,Q2 2026,2026-04-29,Won,4,2026-05-23,20500,19700
PROS-05758,REP-0056,Anchor Technologies,1-50,Paid Marketing,Security Suite,Q1 2026,2026-03-17,Lost,4,2026-03-31,18300,
PROS-05759,REP-0053,Atlas Dynamics,51-200,LinkedIn,Cloud Storage,Q1 2026,2026-03-05,Dead,0,,10700,
PROS-05760,REP-0003,Meridian Solutions,1-50,Cold Outreach,Cloud Storage,Q1 2026,2026-01-31,Dead,1,,3100,
PROS-05761,REP-0005,Orbit Partners,201-1000,Website Inquiry,Cloud Compute,Q1 2026,2026-02-17,Lost,5,2026-03-13,14900,
PROS-05762,REP-0019,Summit Technologies,201-1000,Website Inquiry,Cloud Storage,Q2 2026,2026-06-06,Won,5,2026-06-28,17800,17500
PROS-05763,REP-0080,Anchor Systems,201-1000,LinkedIn,Cloud Compute,Q4 2025,2025-11-09,Dead,1,,33000,
PROS-05764,REP-0094,Wavefront Networks,1-50,LinkedIn,Cloud Storage,Q1 2026,2026-01-24,Lost,5,2026-02-13,8700,
PROS-05765,REP-0027,Wavefront Group,5000+,Website Inquiry,AI Platform,Q2 2026,2026-04-29,Dead,1,,350600,
PROS-05766,REP-0021,Ridgeline Partners,1-50,Cold Outreach,AI Platform,Q4 2025,2025-12-16,Lost,5,2026-01-08,31200,
PROS-05767,REP-0075,Redshift Dynamics,201-1000,Paid Marketing,Cloud Compute,Q1 2026,2026-01-30,Won,4,2026-03-21,39000,42100
PROS-05768,REP-0031,Ridgeline Industries,201-1000,Website Inquiry,Cloud Compute,Q2 2026,2026-06-12,Lost,2,2026-06-29,17400,
PROS-05769,REP-0017,Granite Dynamics,201-1000,Cold Outreach,Cloud Storage,Q4 2025,2025-10-09,Dead,0,,16700,
PROS-05770,REP-0015,Ember Systems,51-200,LinkedIn,Data Analytics,Q2 2026,2026-05-30,Open,1,,26400,
PROS-05771,REP-0047,Ironclad Digital,1000-5000,Paid Marketing,Cloud Compute,Q2 2026,2026-06-16,Open,0,,32900,
PROS-05772,REP-0066,Cobalt Partners,201-1000,Paid Marketing,Cloud Storage,Q2 2026,2026-05-12,Lost,3,2026-06-20,11600,
PROS-05773,REP-0037,Ridgeline Partners,1000-5000,Paid Marketing,Cloud Compute,Q2 2026,2026-04-27,Dead,2,,52200,
PROS-05774,REP-0015,Wavefront Labs,1-50,LinkedIn,Cloud Storage,Q2 2026,2026-05-19,Lost,5,2026-06-10,5500,
PROS-05775,REP-0005,Apex Works,1-50,Website Inquiry,Data Analytics,Q4 2025,2025-11-01,Lost,3,2025-11-10,15000,
PROS-05776,REP-0021,Fusion Networks,51-200,Inbound Call,Security Suite,Q1 2026,2026-02-06,Dead,0,,21100,
PROS-05777,REP-0049,Solace Dynamics,1000-5000,Conference,Data Analytics,Q2 2026,2026-05-03,Dead,0,,40700,
PROS-05778,REP-0056,Lattice Systems,1-50,Paid Marketing,Cloud Storage,Q2 2026,2026-05-19,Dead,0,,6300,
PROS-05779,REP-0106,Nimbus Networks,201-1000,Website Inquiry,Data Analytics,Q1 2026,2026-01-24,Lost,2,2026-03-08,25400,
PROS-05780,REP-0059,Vantage Labs,1-50,Referral,Cloud Storage,Q1 2026,2026-02-04,Lost,5,2026-02-26,3600,
PROS-05781,REP-0091,Wavefront Digital,51-200,Paid Marketing,Data Analytics,Q4 2025,2025-10-22,Lost,4,2025-11-29,19600,
PROS-05782,REP-0004,Cobalt Labs,201-1000,Cold Outreach,Data Analytics,Q2 2026,2026-05-08,Lost,3,2026-05-21,50100,
PROS-05783,REP-0090,Atlas Systems,5000+,Cold Outreach,Cloud Compute,Q4 2025,2025-10-23,Dead,0,,71700,
PROS-05784,REP-0011,Vantage Industries,1-50,Cold Outreach,Cloud Compute,Q1 2026,2026-03-01,Dead,0,,8900,
PROS-05785,REP-0004,Ironclad Solutions,51-200,LinkedIn,Cloud Storage,Q2 2026,2026-05-30,Lost,5,2026-06-06,10100,
PROS-05786,REP-0055,Pulse Partners,201-1000,Paid Marketing,AI Platform,Q2 2026,2026-06-25,Open,0,,86400,
PROS-05787,REP-0102,Fusion Industries,1-50,Website Inquiry,Data Analytics,Q4 2025,2025-10-27,Dead,1,,14500,
PROS-05788,REP-0063,Fusion Industries,1-50,Cold Outreach,AI Platform,Q1 2026,2026-02-10,Lost,3,2026-02-23,36900,
PROS-05789,REP-0021,Vertex Works,1-50,Conference,Data Analytics,Q2 2026,2026-05-25,Won,2,2026-06-04,12900,11400
PROS-05790,REP-0026,Drift Networks,51-200,Paid Marketing,Cloud Storage,Q1 2026,2026-03-19,Lost,3,2026-04-04,6500,
PROS-05791,REP-0102,Fusion Digital,51-200,Paid Marketing,Data Analytics,Q1 2026,2026-02-12,Dead,0,,25300,
PROS-05792,REP-0070,Meridian Partners,201-1000,Referral,Cloud Storage,Q2 2026,2026-04-12,Dead,0,,9000,
PROS-05793,REP-0042,Fusion Technologies,1-50,LinkedIn,Data Analytics,Q4 2025,2025-11-25,Lost,4,2025-12-10,17700,
PROS-05794,REP-0043,Solace Systems,201-1000,Paid Marketing,Security Suite,Q2 2026,2026-06-27,Open,0,,82300,
PROS-05795,REP-0094,Vertex Labs,51-200,Paid Marketing,Cloud Storage,Q4 2025,2025-10-15,Lost,3,2025-11-07,13000,
PROS-05796,REP-0083,Apex Solutions,51-200,Conference,Data Analytics,Q4 2025,2025-12-19,Won,3,2026-01-23,33300,30000
PROS-05797,REP-0071,Sterling Digital,201-1000,Cold Outreach,Cloud Compute,Q2 2026,2026-06-01,Open,0,,14400,
PROS-05798,REP-0089,Beacon Networks,1-50,Website Inquiry,Cloud Storage,Q4 2025,2025-11-25,Won,4,2025-12-03,6100,5700
PROS-05799,REP-0052,Ember Dynamics,1000-5000,Paid Marketing,Cloud Compute,Q2 2026,2026-05-11,Lost,4,2026-06-30,60100,
PROS-05800,REP-0033,Vertex Solutions,5000+,Paid Marketing,Cloud Compute,Q2 2026,2026-05-29,Open,1,,63600,
PROS-05801,REP-0023,Nimbus Networks,1000-5000,Referral,Cloud Storage,Q4 2025,2025-11-04,Won,8,2025-12-23,26200,24800
PROS-05802,REP-0021,Anchor Works,51-200,Cold Outreach,Cloud Compute,Q1 2026,2026-01-04,Lost,4,2026-01-12,21100,
PROS-05803,REP-0037,Redshift Solutions,1000-5000,Inbound Call,Cloud Compute,Q2 2026,2026-04-24,Lost,4,2026-05-09,79900,
PROS-05804,REP-0003,Summit Digital,51-200,Paid Marketing,Data Analytics,Q4 2025,2025-12-25,Dead,0,,30100,
PROS-05805,REP-0070,Meridian Group,1000-5000,LinkedIn,Cloud Storage,Q2 2026,2026-05-14,Dead,0,,24400,
PROS-05806,REP-0022,Ridgeline Holdings,201-1000,Website Inquiry,Cloud Storage,Q1 2026,2026-01-31,Lost,2,2026-03-11,16000,
PROS-05807,REP-0080,Orbit Technologies,201-1000,LinkedIn,AI Platform,Q1 2026,2026-01-25,Dead,1,,56200,
PROS-05808,REP-0066,Pulse Dynamics,1000-5000,Website Inquiry,AI Platform,Q2 2026,2026-06-04,Lost,5,2026-06-27,92900,
PROS-05809,REP-0038,Fusion Digital,201-1000,Cold Outreach,Cloud Storage,Q2 2026,2026-04-29,Lost,2,2026-05-31,12600,
PROS-05810,REP-0088,Meridian Networks,1-50,Paid Marketing,Security Suite,Q1 2026,2026-01-04,Lost,5,2026-01-18,16100,
PROS-05811,REP-0028,Helix Solutions,1-50,Website Inquiry,Cloud Compute,Q2 2026,2026-05-25,Dead,1,,10900,
PROS-05812,REP-0056,Catalyst Dynamics,51-200,LinkedIn,Data Analytics,Q4 2025,2025-11-10,Dead,2,,23300,
PROS-05813,REP-0019,Helix Partners,201-1000,Cold Outreach,Cloud Compute,Q1 2026,2026-02-10,Lost,2,2026-03-13,26600,
PROS-05814,REP-0102,Wavefront Networks,1-50,Cold Outreach,AI Platform,Q2 2026,2026-05-30,Open,0,,44200,
PROS-05815,REP-0096,Catalyst Dynamics,1-50,Paid Marketing,Data Analytics,Q1 2026,2026-02-24,Lost,3,2026-03-16,15100,
PROS-05816,REP-0008,Redshift Systems,51-200,Paid Marketing,Cloud Storage,Q2 2026,2026-05-28,Open,1,,14100,
PROS-05817,REP-0035,Horizon Systems,1000-5000,LinkedIn,Data Analytics,Q2 2026,2026-06-13,Dead,0,,96700,
PROS-05818,REP-0110,Solace Networks,201-1000,Website Inquiry,Cloud Compute,Q4 2025,2025-12-30,Lost,3,2026-01-15,18700,
PROS-05819,REP-0018,Wavefront Technologies,1000-5000,Cold Outreach,Cloud Compute,Q2 2026,2026-06-30,Open,1,,47500,
PROS-05820,REP-0024,Apex Dynamics,1-50,Website Inquiry,Data Analytics,Q2 2026,2026-05-24,Lost,2,2026-06-16,7500,
PROS-05821,REP-0088,Anchor Holdings,1-50,Inbound Call,AI Platform,Q1 2026,2026-02-23,Won,2,2026-03-03,33400,32100
PROS-05822,REP-0106,Vertex Partners,1000-5000,Paid Marketing,Security Suite,Q4 2025,2025-12-07,Dead,0,,97400,
PROS-05823,REP-0043,Quantum Holdings,201-1000,Cold Outreach,Cloud Compute,Q2 2026,2026-05-29,Open,2,,38900,
PROS-05824,REP-0076,Helix Works,51-200,Cold Outreach,Security Suite,Q2 2026,2026-04-14,Lost,4,2026-04-25,61300,
PROS-05825,REP-0070,Vantage Technologies,201-1000,Inbound Call,AI Platform,Q1 2026,2026-01-06,Lost,2,2026-02-02,43000,
PROS-05826,REP-0026,Quantum Dynamics,201-1000,Website Inquiry,Cloud Compute,Q2 2026,2026-04-19,Dead,0,,32400,
PROS-05827,REP-0075,Orbit Works,51-200,Paid Marketing,Cloud Storage,Q1 2026,2026-02-11,Lost,4,2026-03-11,9400,
PROS-05828,REP-0024,Summit Solutions,201-1000,LinkedIn,Cloud Compute,Q1 2026,2026-03-07,Lost,2,2026-03-28,28400,
PROS-05829,REP-0044,Ironclad Group,1-50,Inbound Call,Cloud Compute,Q4 2025,2025-10-26,Lost,4,2025-11-05,10800,
PROS-05830,REP-0004,Meridian Dynamics,51-200,LinkedIn,AI Platform,Q1 2026,2026-03-24,Won,4,2026-04-03,104500,89600
PROS-05831,REP-0049,Fusion Systems,201-1000,Conference,Security Suite,Q2 2026,2026-06-15,Open,1,,54200,
PROS-05832,REP-0081,Horizon Partners,51-200,Website Inquiry,Security Suite,Q4 2025,2025-12-08,Lost,5,2025-12-15,41100,
PROS-05833,REP-0102,Northgate Systems,1-50,LinkedIn,Cloud Compute,Q2 2026,2026-04-03,Lost,4,2026-04-14,12700,
PROS-05834,REP-0099,Zenith Digital,201-1000,Website Inquiry,Cloud Storage,Q1 2026,2026-01-12,Lost,5,2026-02-13,12100,
PROS-05835,REP-0027,Ridgeline Networks,5000+,Conference,Data Analytics,Q1 2026,2026-01-10,Lost,2,2026-02-18,134200,
PROS-05836,REP-0056,Wavefront Group,1-50,Paid Marketing,Cloud Compute,Q1 2026,2026-01-31,Lost,4,2026-02-07,7500,
PROS-05837,REP-0095,Redshift Labs,1-50,Conference,Cloud Storage,Q2 2026,2026-04-30,Dead,0,,5400,
PROS-05838,REP-0025,Summit Works,201-1000,Conference,Security Suite,Q1 2026,2026-02-06,Dead,1,,59200,
PROS-05839,REP-0062,Anchor Solutions,1-50,Inbound Call,Cloud Compute,Q1 2026,2026-02-05,Dead,1,,9500,
PROS-05840,REP-0081,Solace Technologies,51-200,Conference,Cloud Compute,Q1 2026,2026-01-16,Won,4,2026-02-01,26300,23200
PROS-05841,REP-0040,Anchor Networks,201-1000,LinkedIn,Cloud Storage,Q2 2026,2026-06-22,Open,0,,12300,
PROS-05842,REP-0089,Meridian Networks,51-200,Website Inquiry,AI Platform,Q2 2026,2026-06-08,Dead,0,,59600,
PROS-05843,REP-0066,Fusion Partners,51-200,Paid Marketing,Data Analytics,Q4 2025,2025-10-22,Lost,2,2025-12-10,30600,
PROS-05844,REP-0109,Atlas Group,1-50,Conference,Cloud Compute,Q1 2026,2026-02-02,Lost,2,2026-02-10,8700,
PROS-05845,REP-0086,Cobalt Digital,201-1000,Paid Marketing,Data Analytics,Q4 2025,2025-11-28,Dead,0,,33700,
PROS-05846,REP-0011,Lattice Digital,1-50,Website Inquiry,Data Analytics,Q4 2025,2025-11-30,Lost,2,2025-12-07,9400,
PROS-05847,REP-0025,Helix Partners,201-1000,Inbound Call,AI Platform,Q1 2026,2026-02-07,Dead,0,,59300,
PROS-05848,REP-0037,Helix Digital,1000-5000,Cold Outreach,Cloud Storage,Q4 2025,2025-10-04,Won,6,2025-11-03,32700,35300
PROS-05849,REP-0073,Nova Solutions,201-1000,Inbound Call,Data Analytics,Q2 2026,2026-04-30,Dead,1,,23100,
PROS-05850,REP-0059,Wavefront Works,51-200,Cold Outreach,Data Analytics,Q4 2025,2025-12-13,Dead,0,,16300,
PROS-05851,REP-0059,Helix Group,201-1000,Cold Outreach,Cloud Compute,Q4 2025,2025-12-05,Lost,2,2025-12-27,34400,
PROS-05852,REP-0033,Pulse Group,1000-5000,LinkedIn,Security Suite,Q2 2026,2026-05-09,Won,5,2026-06-23,94000,87600
PROS-05853,REP-0028,Pulse Labs,1-50,LinkedIn,Cloud Compute,Q1 2026,2026-01-03,Lost,4,2026-01-19,17100,
PROS-05854,REP-0094,Drift Works,1-50,Conference,AI Platform,Q4 2025,2025-11-21,Won,4,2025-11-30,43500,51200
PROS-05855,REP-0098,Lattice Technologies,201-1000,Paid Marketing,Security Suite,Q4 2025,2025-12-29,Lost,4,2026-02-10,74800,
PROS-05856,REP-0010,Apex Holdings,201-1000,Paid Marketing,Data Analytics,Q2 2026,2026-06-19,Dead,0,,28200,
PROS-05857,REP-0068,Wavefront Group,201-1000,Conference,AI Platform,Q2 2026,2026-05-12,Lost,4,2026-06-02,130900,
PROS-05858,REP-0037,Horizon Industries,51-200,Paid Marketing,Security Suite,Q1 2026,2026-01-10,Lost,2,2026-02-02,64500,
PROS-05859,REP-0049,Northgate Solutions,51-200,Paid Marketing,Security Suite,Q1 2026,2026-01-13,Dead,0,,31300,
PROS-05860,REP-0064,Nova Labs,201-1000,Referral,Cloud Storage,Q2 2026,2026-04-09,Lost,4,2026-05-10,15500,
PROS-05861,REP-0036,Northgate Networks,201-1000,Paid Marketing,AI Platform,Q4 2025,2025-12-24,Lost,2,2026-02-03,116700,
PROS-05862,REP-0049,Wavefront Group,51-200,LinkedIn,Cloud Compute,Q2 2026,2026-04-05,Dead,1,,14400,
PROS-05863,REP-0053,Catalyst Group,51-200,Inbound Call,Cloud Storage,Q2 2026,2026-04-27,Lost,5,2026-05-13,12800,
PROS-05864,REP-0044,Orbit Labs,201-1000,LinkedIn,Cloud Compute,Q1 2026,2026-03-24,Dead,0,,22900,
PROS-05865,REP-0035,Northgate Industries,5000+,Cold Outreach,Cloud Compute,Q4 2025,2025-12-15,Lost,4,2026-01-16,121500,
PROS-05866,REP-0039,Apex Labs,201-1000,Conference,Cloud Compute,Q4 2025,2025-12-26,Lost,2,2026-03-23,21000,
PROS-05867,REP-0030,Northgate Works,5000+,Cold Outreach,AI Platform,Q4 2025,2025-11-13,Lost,5,2026-01-12,296900,
PROS-05868,REP-0080,Ironclad Technologies,1000-5000,Website Inquiry,Cloud Storage,Q4 2025,2025-10-03,Dead,0,,22300,
PROS-05869,REP-0077,Summit Dynamics,201-1000,Cold Outreach,Cloud Compute,Q4 2025,2025-11-03,Lost,3,2025-11-20,54200,
PROS-05870,REP-0011,Meridian Group,1-50,Paid Marketing,AI Platform,Q2 2026,2026-04-28,Lost,4,2026-05-13,44100,
PROS-05871,REP-0075,Pulse Technologies,1000-5000,Paid Marketing,Cloud Compute,Q4 2025,2025-12-27,Lost,3,2026-02-02,29400,
PROS-05872,REP-0042,Apex Dynamics,1-50,Cold Outreach,AI Platform,Q2 2026,2026-04-01,Lost,4,2026-04-16,46300,
PROS-05873,REP-0047,Beacon Holdings,201-1000,LinkedIn,Cloud Storage,Q1 2026,2026-01-12,Won,5,2026-02-22,9600,8500
PROS-05874,REP-0071,Quantum Partners,51-200,Cold Outreach,Cloud Compute,Q4 2025,2025-11-28,Won,4,2025-12-24,28700,28500
PROS-05875,REP-0046,Catalyst Networks,1000-5000,Paid Marketing,Cloud Storage,Q1 2026,2026-03-24,Lost,4,2026-05-09,18300,
PROS-05876,REP-0063,Redshift Networks,1-50,LinkedIn,Cloud Compute,Q1 2026,2026-02-22,Lost,3,2026-03-16,13000,
PROS-05877,REP-0054,Quantum Systems,51-200,Cold Outreach,Security Suite,Q2 2026,2026-04-09,Won,5,2026-05-09,70000,81600
PROS-05878,REP-0052,Zenith Labs,201-1000,Inbound Call,AI Platform,Q2 2026,2026-06-29,Open,2,,64700,
PROS-05879,REP-0071,Northgate Systems,1000-5000,Cold Outreach,Cloud Compute,Q1 2026,2026-02-16,Lost,3,2026-04-03,50000,
PROS-05880,REP-0056,Vantage Solutions,1-50,Conference,Security Suite,Q4 2025,2025-12-11,Lost,5,2025-12-29,17200,
PROS-05881,REP-0035,Lattice Solutions,1000-5000,Referral,Security Suite,Q1 2026,2026-03-22,Dead,0,,142400,
PROS-05882,REP-0009,Horizon Solutions,1000-5000,Website Inquiry,Data Analytics,Q4 2025,2025-12-02,Dead,2,,27200,
PROS-05883,REP-0094,Northgate Partners,51-200,Paid Marketing,Cloud Storage,Q1 2026,2026-02-28,Lost,5,2026-03-21,8100,
PROS-05884,REP-0028,Helix Industries,1-50,LinkedIn,Cloud Compute,Q1 2026,2026-02-11,Dead,0,,9200,
PROS-05885,REP-0015,Drift Holdings,51-200,Referral,AI Platform,Q2 2026,2026-05-21,Won,4,2026-05-28,86200,93000
PROS-05886,REP-0072,Anchor Dynamics,1000-5000,Paid Marketing,Cloud Storage,Q2 2026,2026-06-25,Open,0,,20100,
PROS-05887,REP-0037,Solace Works,201-1000,Inbound Call,AI Platform,Q4 2025,2025-12-05,Won,6,2025-12-22,115000,99600
PROS-05888,REP-0087,Redshift Dynamics,201-1000,Paid Marketing,Cloud Compute,Q4 2025,2025-11-10,Dead,1,,25900,
PROS-05889,REP-0024,Cobalt Partners,1-50,LinkedIn,Security Suite,Q1 2026,2026-03-05,Lost,5,2026-03-21,26500,
PROS-05890,REP-0063,Ridgeline Partners,1-50,Paid Marketing,Security Suite,Q4 2025,2025-12-18,Lost,4,2026-01-02,11600,
PROS-05891,REP-0042,Northgate Dynamics,51-200,LinkedIn,Cloud Compute,Q1 2026,2026-01-14,Dead,2,,17300,
PROS-05892,REP-0041,Nimbus Group,1000-5000,Cold Outreach,AI Platform,Q2 2026,2026-04-28,Lost,4,2026-05-16,186800,
PROS-05893,REP-0102,Catalyst Technologies,51-200,Website Inquiry,Cloud Storage,Q1 2026,2026-03-16,Dead,1,,8000,
PROS-05894,REP-0074,Cobalt Industries,51-200,Website Inquiry,AI Platform,Q1 2026,2026-03-05,Dead,0,,86200,
PROS-05895,REP-0090,Orbit Holdings,1000-5000,Paid Marketing,Cloud Storage,Q2 2026,2026-06-21,Lost,2,2026-06-29,34600,
PROS-05896,REP-0074,Cobalt Partners,1000-5000,Paid Marketing,Security Suite,Q1 2026,2026-02-15,Lost,4,2026-03-21,84500,
PROS-05897,REP-0040,Northgate Works,201-1000,Cold Outreach,Cloud Storage,Q1 2026,2026-01-15,Dead,0,,17200,
PROS-05898,REP-0076,Orbit Labs,1-50,Cold Outreach,Cloud Compute,Q1 2026,2026-02-06,Lost,5,2026-02-23,9000,
PROS-05899,REP-0091,Pulse Holdings,201-1000,Inbound Call,Data Analytics,Q4 2025,2025-10-01,Lost,5,2025-11-16,24400,
PROS-05900,REP-0004,Catalyst Industries,51-200,LinkedIn,Data Analytics,Q2 2026,2026-05-18,Won,4,2026-06-09,18900,16800
PROS-05901,REP-0001,Fusion Systems,51-200,Website Inquiry,AI Platform,Q2 2026,2026-04-12,Lost,2,2026-05-04,135500,
PROS-05902,REP-0081,Quantum Labs,1-50,Inbound Call,Data Analytics,Q4 2025,2025-12-08,Won,2,2025-12-20,14200,13400
PROS-05903,REP-0099,Wavefront Systems,51-200,Cold Outreach,Cloud Storage,Q1 2026,2026-02-15,Lost,2,2026-03-18,17200,
PROS-05904,REP-0074,Beacon Technologies,201-1000,Referral,AI Platform,Q2 2026,2026-06-17,Open,0,,74000,
PROS-05905,REP-0024,Beacon Industries,51-200,LinkedIn,AI Platform,Q4 2025,2025-11-26,Lost,4,2025-12-10,80800,
PROS-05906,REP-0051,Meridian Digital,1000-5000,Paid Marketing,Security Suite,Q2 2026,2026-06-02,Open,0,,61300,
PROS-05907,REP-0041,Cobalt Digital,201-1000,Conference,Cloud Storage,Q1 2026,2026-02-18,Won,4,2026-03-30,19200,21600
PROS-05908,REP-0001,Helix Systems,201-1000,Referral,Security Suite,Q1 2026,2026-02-09,Won,5,2026-03-22,111100,104900
PROS-05909,REP-0097,Ridgeline Networks,51-200,Website Inquiry,Security Suite,Q4 2025,2025-12-24,Won,3,2026-01-25,56600,67200
PROS-05910,REP-0102,Nova Systems,201-1000,Cold Outreach,Cloud Storage,Q2 2026,2026-06-19,Dead,0,,9200,
PROS-05911,REP-0039,Ridgeline Digital,5000+,Website Inquiry,AI Platform,Q1 2026,2026-01-18,Won,7,2026-03-09,324800,301300
PROS-05912,REP-0096,Pulse Industries,51-200,LinkedIn,Security Suite,Q4 2025,2025-12-26,Lost,2,2026-01-11,41900,
PROS-05913,REP-0081,Apex Industries,201-1000,Website Inquiry,AI Platform,Q1 2026,2026-02-25,Dead,1,,83400,
PROS-05914,REP-0028,Ember Labs,1-50,Cold Outreach,Cloud Compute,Q4 2025,2025-10-24,Lost,3,2025-11-03,13400,
PROS-05915,REP-0076,Catalyst Group,1-50,Paid Marketing,Data Analytics,Q2 2026,2026-05-20,Lost,5,2026-06-02,17200,
PROS-05916,REP-0063,Horizon Systems,1-50,Paid Marketing,Cloud Storage,Q1 2026,2026-01-10,Lost,5,2026-01-25,7300,
PROS-05917,REP-0025,Catalyst Networks,201-1000,Paid Marketing,Data Analytics,Q2 2026,2026-06-20,Lost,5,2026-06-29,57600,
PROS-05918,REP-0035,Ridgeline Systems,1000-5000,Paid Marketing,Cloud Storage,Q2 2026,2026-05-01,Won,8,2026-06-27,27700,32900
PROS-05919,REP-0069,Anchor Networks,1000-5000,Paid Marketing,AI Platform,Q4 2025,2025-11-19,Dead,1,,220600,
PROS-05920,REP-0003,Redshift Holdings,1-50,Inbound Call,Cloud Storage,Q4 2025,2025-11-07,Lost,5,2025-11-22,4300,
PROS-05921,REP-0078,Wavefront Solutions,201-1000,Inbound Call,AI Platform,Q2 2026,2026-05-21,Dead,0,,135800,
PROS-05922,REP-0049,Redshift Labs,51-200,Paid Marketing,Cloud Storage,Q2 2026,2026-05-30,Open,2,,6900,
PROS-05923,REP-0108,Catalyst Networks,51-200,Inbound Call,Cloud Compute,Q4 2025,2025-11-25,Won,3,2025-12-08,23200,24500
PROS-05924,REP-0096,Atlas Works,1-50,Website Inquiry,Cloud Compute,Q1 2026,2026-02-20,Lost,3,2026-03-08,10200,
PROS-05925,REP-0071,Granite Solutions,201-1000,LinkedIn,Cloud Storage,Q2 2026,2026-06-06,Open,1,,14900,
PROS-05926,REP-0079,Meridian Industries,51-200,Cold Outreach,AI Platform,Q2 2026,2026-04-11,Dead,0,,90400,
PROS-05927,REP-0076,Redshift Technologies,1-50,Conference,Cloud Storage,Q2 2026,2026-06-25,Open,1,,4800,
PROS-05928,REP-0095,Granite Labs,51-200,LinkedIn,AI Platform,Q2 2026,2026-06-03,Open,0,,85600,
PROS-05929,REP-0069,Catalyst Technologies,201-1000,Paid Marketing,Security Suite,Q2 2026,2026-04-15,Lost,2,2026-05-23,54700,
PROS-05930,REP-0092,Vantage Labs,1000-5000,Paid Marketing,Data Analytics,Q4 2025,2025-12-27,Lost,3,2026-03-20,45000,
PROS-05931,REP-0072,Nimbus Networks,201-1000,Paid Marketing,AI Platform,Q1 2026,2026-02-26,Lost,4,2026-04-11,59800,
PROS-05932,REP-0103,Zenith Partners,1-50,Referral,Data Analytics,Q1 2026,2026-02-21,Lost,3,2026-03-03,9300,
PROS-05933,REP-0077,Granite Systems,1-50,Paid Marketing,Security Suite,Q1 2026,2026-02-13,Dead,0,,23800,
PROS-05934,REP-0041,Ridgeline Partners,51-200,Cold Outreach,Cloud Compute,Q1 2026,2026-01-10,Lost,5,2026-01-28,31300,
PROS-05935,REP-0066,Orbit Holdings,201-1000,Referral,Cloud Storage,Q2 2026,2026-04-25,Dead,0,,11100,
PROS-05936,REP-0090,Ironclad Networks,5000+,Paid Marketing,AI Platform,Q1 2026,2026-01-30,Lost,2,2026-04-09,243300,
PROS-05937,REP-0082,Anchor Partners,201-1000,Website Inquiry,AI Platform,Q2 2026,2026-05-18,Dead,0,,80900,
PROS-05938,REP-0083,Pulse Technologies,1000-5000,Inbound Call,Cloud Compute,Q1 2026,2026-01-27,Lost,3,2026-03-11,36400,
PROS-05939,REP-0075,Quantum Digital,51-200,Inbound Call,Cloud Storage,Q2 2026,2026-06-05,Open,1,,10700,
PROS-05940,REP-0034,Ridgeline Group,201-1000,Inbound Call,Security Suite,Q1 2026,2026-02-17,Dead,0,,60700,
PROS-05941,REP-0037,Sterling Labs,201-1000,Cold Outreach,Cloud Compute,Q4 2025,2025-11-21,Lost,3,2026-01-08,42700,
PROS-05942,REP-0070,Drift Technologies,201-1000,Cold Outreach,Data Analytics,Q2 2026,2026-04-23,Lost,4,2026-06-10,40800,
PROS-05943,REP-0060,Summit Holdings,1000-5000,Paid Marketing,Data Analytics,Q4 2025,2025-11-18,Won,6,2026-02-13,67100,66000
PROS-05944,REP-0069,Ridgeline Holdings,1000-5000,Conference,Security Suite,Q1 2026,2026-03-08,Dead,0,,64500,
PROS-05945,REP-0081,Meridian Holdings,1-50,Inbound Call,Security Suite,Q2 2026,2026-05-19,Dead,0,,14200,
PROS-05946,REP-0090,Drift Digital,1000-5000,Referral,Data Analytics,Q1 2026,2026-03-20,Won,7,2026-05-24,57600,62100
PROS-05947,REP-0063,Beacon Partners,51-200,Cold Outreach,AI Platform,Q2 2026,2026-06-19,Open,2,,40600,
PROS-05948,REP-0065,Anchor Networks,51-200,Conference,Security Suite,Q4 2025,2025-11-07,Dead,0,,25300,
PROS-05949,REP-0068,Granite Industries,1000-5000,Website Inquiry,Cloud Storage,Q2 2026,2026-06-25,Open,1,,27000,
PROS-05950,REP-0051,Northgate Technologies,1000-5000,Website Inquiry,Data Analytics,Q2 2026,2026-04-02,Lost,5,2026-06-11,80200,
PROS-05951,REP-0069,Nova Holdings,51-200,Paid Marketing,Cloud Compute,Q4 2025,2025-11-07,Lost,4,2025-12-14,20400,
PROS-05952,REP-0100,Redshift Technologies,51-200,Website Inquiry,Data Analytics,Q4 2025,2025-12-26,Lost,2,2026-02-09,37700,
PROS-05953,REP-0063,Nova Dynamics,1-50,Paid Marketing,Cloud Compute,Q2 2026,2026-05-26,Lost,3,2026-06-12,12400,
PROS-05954,REP-0054,Beacon Digital,201-1000,LinkedIn,Cloud Compute,Q1 2026,2026-03-05,Dead,2,,40300,
PROS-05955,REP-0110,Granite Dynamics,51-200,Cold Outreach,AI Platform,Q1 2026,2026-02-14,Dead,1,,68300,
PROS-05956,REP-0011,Ember Group,51-200,Website Inquiry,Cloud Storage,Q4 2025,2025-12-03,Lost,5,2025-12-17,8100,
PROS-05957,REP-0083,Wavefront Systems,201-1000,Paid Marketing,AI Platform,Q2 2026,2026-05-10,Dead,2,,105100,
PROS-05958,REP-0090,Nimbus Networks,1000-5000,Conference,Cloud Compute,Q4 2025,2025-11-15,Lost,3,2026-01-03,22500,
PROS-05959,REP-0078,Zenith Holdings,51-200,Paid Marketing,Cloud Storage,Q2 2026,2026-06-29,Open,1,,8800,
PROS-05960,REP-0102,Redshift Group,1-50,Inbound Call,Cloud Storage,Q1 2026,2026-03-26,Won,4,2026-04-02,5500,6600
PROS-05961,REP-0097,Sterling Group,201-1000,Paid Marketing,AI Platform,Q2 2026,2026-06-10,Open,2,,191700,
PROS-05962,REP-0089,Horizon Dynamics,201-1000,Website Inquiry,Cloud Compute,Q4 2025,2025-11-03,Lost,4,2025-11-13,25400,
PROS-05963,REP-0033,Helix Solutions,5000+,Conference,Data Analytics,Q2 2026,2026-04-24,Dead,0,,75300,
PROS-05964,REP-0021,Pulse Industries,1-50,Cold Outreach,AI Platform,Q2 2026,2026-06-23,Lost,2,2026-06-28,43000,
PROS-05965,REP-0064,Meridian Holdings,1000-5000,Paid Marketing,Cloud Compute,Q1 2026,2026-02-21,Dead,0,,53400,
PROS-05966,REP-0059,Granite Networks,1-50,Cold Outreach,Security Suite,Q2 2026,2026-05-03,Dead,1,,22100,
PROS-05967,REP-0101,Nova Technologies,51-200,Paid Marketing,Cloud Compute,Q4 2025,2025-10-27,Dead,0,,28900,
PROS-05968,REP-0058,Orbit Group,201-1000,Paid Marketing,Cloud Storage,Q2 2026,2026-05-08,Lost,4,2026-06-30,19200,
PROS-05969,REP-0003,Atlas Works,1-50,Website Inquiry,Cloud Compute,Q2 2026,2026-06-08,Dead,0,,9700,
PROS-05970,REP-0003,Orbit Labs,51-200,Paid Marketing,Cloud Compute,Q4 2025,2025-11-02,Lost,4,2025-11-17,15900,
PROS-05971,REP-0094,Fusion Systems,51-200,Referral,Data Analytics,Q4 2025,2025-10-16,Dead,1,,19400,
PROS-05972,REP-0075,Ridgeline Group,51-200,Paid Marketing,Cloud Storage,Q2 2026,2026-06-12,Open,0,,11900,
PROS-05973,REP-0039,Pulse Holdings,5000+,Cold Outreach,Cloud Compute,Q1 2026,2026-03-23,Dead,0,,96100,
PROS-05974,REP-0022,Orbit Industries,201-1000,LinkedIn,Security Suite,Q2 2026,2026-05-26,Dead,0,,65300,
PROS-05975,REP-0059,Ember Labs,51-200,Website Inquiry,AI Platform,Q1 2026,2026-02-16,Won,2,2026-02-23,77200,80700
PROS-05976,REP-0095,Granite Systems,1-50,Inbound Call,AI Platform,Q2 2026,2026-06-04,Open,0,,53500,
PROS-05977,REP-0107,Vantage Partners,201-1000,Paid Marketing,AI Platform,Q4 2025,2025-12-17,Lost,4,2026-01-21,98600,
PROS-05978,REP-0086,Nimbus Industries,201-1000,Website Inquiry,Cloud Storage,Q2 2026,2026-05-08,Lost,3,2026-06-27,14000,
PROS-05979,REP-0011,Horizon Industries,201-1000,Cold Outreach,Cloud Compute,Q4 2025,2025-12-25,Dead,0,,23300,
PROS-05980,REP-0041,Granite Works,1000-5000,Conference,Security Suite,Q1 2026,2026-01-17,Lost,5,2026-02-04,87000,
PROS-05981,REP-0044,Anchor Group,51-200,Paid Marketing,AI Platform,Q4 2025,2025-10-02,Lost,2,2025-10-13,68300,
PROS-05982,REP-0095,Summit Solutions,1-50,Referral,Security Suite,Q4 2025,2025-11-23,Won,3,2025-12-12,17800,17700
PROS-05983,REP-0103,Vantage Technologies,1-50,Cold Outreach,Cloud Storage,Q4 2025,2025-12-16,Lost,3,2025-12-29,6400,
PROS-05984,REP-0101,Redshift Digital,1000-5000,Website Inquiry,Cloud Compute,Q4 2025,2025-11-06,Dead,1,,42800,
PROS-05985,REP-0025,Apex Partners,1000-5000,Paid Marketing,Data Analytics,Q4 2025,2025-12-11,Dead,1,,101600,
PROS-05986,REP-0071,Northgate Group,201-1000,Referral,AI Platform,Q2 2026,2026-05-17,Won,6,2026-06-26,113400,116300
PROS-05987,REP-0042,Apex Industries,51-200,Inbound Call,Cloud Compute,Q2 2026,2026-05-27,Open,1,,19500,
PROS-05988,REP-0106,Granite Solutions,1000-5000,LinkedIn,Cloud Compute,Q4 2025,2025-11-25,Lost,3,2026-01-12,27200,
PROS-05989,REP-0046,Redshift Digital,201-1000,Conference,Cloud Compute,Q1 2026,2026-01-08,Dead,0,,41800,
PROS-05990,REP-0063,Fusion Works,1-50,Inbound Call,Data Analytics,Q4 2025,2025-12-18,Dead,0,,14600,
PROS-05991,REP-0055,Apex Digital,1000-5000,Referral,Cloud Storage,Q1 2026,2026-01-08,Lost,2,2026-02-17,18000,
PROS-05992,REP-0104,Zenith Industries,1000-5000,Cold Outreach,Cloud Compute,Q4 2025,2025-10-04,Dead,0,,36300,
PROS-05993,REP-0099,Helix Technologies,51-200,Inbound Call,Cloud Compute,Q1 2026,2026-02-07,Lost,2,2026-03-28,22200,
PROS-05994,REP-0043,Solace Works,201-1000,Paid Marketing,Data Analytics,Q1 2026,2026-02-21,Lost,3,2026-04-05,51800,
PROS-05995,REP-0053,Redshift Systems,201-1000,Paid Marketing,AI Platform,Q2 2026,2026-06-06,Open,1,,133000,
PROS-05996,REP-0066,Atlas Networks,201-1000,Paid Marketing,Cloud Storage,Q2 2026,2026-06-29,Open,0,,11100,
PROS-05997,REP-0065,Granite Solutions,51-200,Website Inquiry,Cloud Storage,Q2 2026,2026-05-20,Lost,4,2026-06-28,12700,
PROS-05998,REP-0024,Ember Works,1-50,Paid Marketing,Security Suite,Q4 2025,2025-12-01,Dead,1,,19200,
PROS-05999,REP-0009,Northgate Holdings,1000-5000,Referral,Data Analytics,Q1 2026,2026-03-03,Won,8,2026-04-15,51000,55100
PROS-06000,REP-0068,Wavefront Works,51-200,Paid Marketing,Cloud Compute,Q2 2026,2026-05-15,Lost,2,2026-06-29,19300,
PROS-06001,REP-0107,Catalyst Systems,1000-5000,Paid Marketing,Cloud Compute,Q4 2025,2025-12-11,Lost,2,2026-01-16,64500,
PROS-06002,REP-0082,Wavefront Partners,201-1000,Paid Marketing,Security Suite,Q1 2026,2026-03-26,Dead,1,,41400,
PROS-06003,REP-0082,Apex Networks,201-1000,Cold Outreach,Cloud Compute,Q1 2026,2026-03-17,Lost,4,2026-04-27,29600,
PROS-06004,REP-0044,Beacon Holdings,1-50,Paid Marketing,AI Platform,Q2 2026,2026-05-08,Lost,4,2026-05-24,38400,
PROS-06005,REP-0089,Catalyst Holdings,51-200,Cold Outreach,AI Platform,Q2 2026,2026-06-23,Lost,3,2026-06-30,75000,
PROS-06006,REP-0076,Beacon Systems,1-50,Paid Marketing,Cloud Storage,Q1 2026,2026-01-30,Dead,1,,7500,
PROS-06007,REP-0021,Atlas Works,1-50,Referral,Cloud Compute,Q4 2025,2025-11-26,Lost,3,2025-12-10,5400,
PROS-06008,REP-0077,Redshift Networks,51-200,Conference,Cloud Storage,Q4 2025,2025-10-01,Lost,5,2025-10-21,15700,
PROS-06009,REP-0019,Apex Digital,201-1000,Paid Marketing,Security Suite,Q1 2026,2026-03-24,Lost,3,2026-05-01,71200,
PROS-06010,REP-0106,Wavefront Partners,201-1000,Inbound Call,Cloud Compute,Q1 2026,2026-02-28,Lost,3,2026-03-24,29000,
PROS-06011,REP-0083,Lattice Digital,1000-5000,LinkedIn,AI Platform,Q2 2026,2026-04-15,Lost,5,2026-05-17,201100,
PROS-06012,REP-0020,Orbit Systems,5000+,Inbound Call,Data Analytics,Q1 2026,2026-02-18,Lost,2,2026-05-05,58500,
PROS-06013,REP-0084,Beacon Digital,201-1000,Website Inquiry,Security Suite,Q2 2026,2026-04-14,Dead,1,,75800,
PROS-06014,REP-0106,Redshift Partners,201-1000,Cold Outreach,Security Suite,Q4 2025,2025-10-19,Lost,3,2025-12-03,41800,
PROS-06015,REP-0069,Ironclad Partners,51-200,Website Inquiry,Cloud Compute,Q1 2026,2026-01-28,Lost,5,2026-02-19,25400,
PROS-06016,REP-0063,Anchor Solutions,1-50,Referral,Cloud Compute,Q4 2025,2025-12-01,Dead,0,,7100,
PROS-06017,REP-0042,Ridgeline Technologies,51-200,Inbound Call,AI Platform,Q1 2026,2026-03-23,Dead,0,,62100,
PROS-06018,REP-0044,Summit Networks,51-200,Paid Marketing,Cloud Compute,Q1 2026,2026-01-08,Lost,3,2026-01-25,20500,
PROS-06019,REP-0042,Horizon Industries,1-50,Cold Outreach,Cloud Storage,Q4 2025,2025-11-30,Won,2,2025-12-21,6700,6700
PROS-06020,REP-0053,Nimbus Solutions,1-50,Paid Marketing,Cloud Compute,Q2 2026,2026-06-18,Open,3,,7700,
PROS-06021,REP-0061,Solace Holdings,1000-5000,Website Inquiry,Cloud Compute,Q2 2026,2026-06-24,Open,2,,57700,
PROS-06022,REP-0047,Ember Works,201-1000,Website Inquiry,Data Analytics,Q1 2026,2026-03-26,Lost,4,2026-04-10,34600,
PROS-06023,REP-0045,Quantum Networks,201-1000,Paid Marketing,Cloud Compute,Q2 2026,2026-05-17,Dead,0,,16700,
PROS-06024,REP-0108,Apex Holdings,1-50,Website Inquiry,Cloud Compute,Q4 2025,2025-10-08,Dead,1,,17000,
PROS-06025,REP-0005,Granite Industries,1-50,Inbound Call,AI Platform,Q1 2026,2026-02-14,Won,2,2026-03-06,48400,46400
PROS-06026,REP-0004,Sterling Industries,1-50,Paid Marketing,Cloud Storage,Q4 2025,2025-12-28,Lost,2,2026-01-04,8100,
PROS-06027,REP-0058,Anchor Solutions,1000-5000,Paid Marketing,Cloud Compute,Q2 2026,2026-04-21,Lost,3,2026-05-21,35000,
PROS-06028,REP-0076,Redshift Digital,1-50,Paid Marketing,Cloud Storage,Q4 2025,2025-12-05,Dead,0,,5300,
PROS-06029,REP-0058,Redshift Labs,1000-5000,Paid Marketing,Cloud Storage,Q4 2025,2025-11-18,Dead,1,,33000,
PROS-06030,REP-0008,Quantum Holdings,51-200,Conference,Cloud Storage,Q2 2026,2026-04-10,Lost,2,2026-04-28,14200,
PROS-06031,REP-0003,Ridgeline Dynamics,51-200,LinkedIn,Cloud Compute,Q1 2026,2026-01-02,Lost,3,2026-01-12,27100,
PROS-06032,REP-0085,Vantage Holdings,5000+,Referral,Cloud Storage,Q1 2026,2026-01-04,Lost,2,2026-02-25,49600,
PROS-06033,REP-0011,Atlas Group,1-50,Referral,Data Analytics,Q1 2026,2026-02-22,Lost,2,2026-03-03,9300,
PROS-06034,REP-0098,Drift Digital,1000-5000,Website Inquiry,AI Platform,Q4 2025,2025-11-29,Lost,4,2026-01-15,147600,
PROS-06035,REP-0021,Pulse Networks,51-200,Inbound Call,Data Analytics,Q4 2025,2025-10-15,Dead,2,,29800,
PROS-06036,REP-0109,Ironclad Digital,1-50,Inbound Call,Cloud Storage,Q1 2026,2026-01-12,Dead,0,,8000,
PROS-06037,REP-0011,Wavefront Works,1-50,Paid Marketing,Cloud Storage,Q1 2026,2026-01-06,Lost,2,2026-01-21,4900,
PROS-06038,REP-0097,Ember Industries,51-200,Website Inquiry,AI Platform,Q2 2026,2026-04-05,Lost,5,2026-05-25,108500,
PROS-06039,REP-0042,Ridgeline Holdings,1-50,Paid Marketing,Cloud Compute,Q4 2025,2025-10-15,Lost,4,2025-10-30,6400,
PROS-06040,REP-0036,Ironclad Technologies,201-1000,Cold Outreach,AI Platform,Q4 2025,2025-12-21,Dead,0,,72500,
PROS-06041,REP-0091,Ridgeline Partners,1000-5000,Cold Outreach,Cloud Compute,Q4 2025,2025-11-14,Dead,0,,26000,
PROS-06042,REP-0097,Horizon Labs,51-200,LinkedIn,AI Platform,Q2 2026,2026-04-24,Dead,0,,52500,
PROS-06043,REP-0080,Nimbus Works,201-1000,Paid Marketing,AI Platform,Q1 2026,2026-03-26,Dead,2,,69000,
PROS-06044,REP-0070,Atlas Solutions,201-1000,Website Inquiry,AI Platform,Q2 2026,2026-06-03,Open,1,,53600,
PROS-06045,REP-0090,Wavefront Works,5000+,Cold Outreach,Cloud Compute,Q1 2026,2026-01-12,Lost,3,2026-03-01,96200,
PROS-06046,REP-0067,Ridgeline Labs,5000+,Conference,Cloud Compute,Q2 2026,2026-05-06,Lost,3,2026-06-18,58400,
PROS-06047,REP-0063,Vertex Holdings,201-1000,Referral,Cloud Compute,Q2 2026,2026-06-28,Open,1,,17800,
PROS-06048,REP-0012,Nimbus Digital,51-200,Conference,AI Platform,Q2 2026,2026-05-04,Won,3,2026-05-25,96900,110300
PROS-06049,REP-0081,Granite Systems,51-200,Paid Marketing,AI Platform,Q1 2026,2026-02-27,Dead,2,,68500,
PROS-06050,REP-0022,Ridgeline Systems,201-1000,Cold Outreach,Data Analytics,Q1 2026,2026-01-13,Lost,3,2026-02-15,18400,
PROS-06051,REP-0029,Ridgeline Technologies,201-1000,Paid Marketing,AI Platform,Q2 2026,2026-05-24,Dead,0,,57800,
PROS-06052,REP-0101,Pulse Partners,201-1000,Paid Marketing,Cloud Compute,Q4 2025,2025-12-31,Dead,0,,38800,
PROS-06053,REP-0102,Meridian Solutions,1-50,Referral,Cloud Storage,Q4 2025,2025-12-23,Dead,0,,5700,
PROS-06054,REP-0032,Nova Networks,1000-5000,Conference,Security Suite,Q4 2025,2025-10-15,Lost,4,2026-01-01,88900,
PROS-06055,REP-0042,Meridian Partners,201-1000,Paid Marketing,Security Suite,Q4 2025,2025-12-29,Lost,2,2026-01-10,55400,
PROS-06056,REP-0088,Ember Group,51-200,Website Inquiry,Cloud Compute,Q1 2026,2026-02-23,Lost,5,2026-03-17,27100,
PROS-06057,REP-0007,Granite Networks,201-1000,LinkedIn,AI Platform,Q1 2026,2026-01-15,Dead,0,,63900,
PROS-06058,REP-0082,Pulse Networks,51-200,Cold Outreach,Cloud Compute,Q1 2026,2026-02-20,Dead,0,,17600,
PROS-06059,REP-0072,Solace Partners,201-1000,Website Inquiry,Cloud Storage,Q2 2026,2026-04-28,Dead,0,,8500,
PROS-06060,REP-0019,Nimbus Industries,201-1000,Referral,Data Analytics,Q2 2026,2026-04-23,Dead,0,,50600,
PROS-06061,REP-0086,Wavefront Labs,201-1000,Website Inquiry,Cloud Storage,Q4 2025,2025-10-02,Lost,3,2025-11-17,10800,
PROS-06062,REP-0073,Nimbus Digital,201-1000,Paid Marketing,Cloud Compute,Q1 2026,2026-03-27,Lost,2,2026-05-01,27000,
PROS-06063,REP-0005,Beacon Solutions,1-50,Paid Marketing,Data Analytics,Q1 2026,2026-01-30,Dead,0,,12700,
PROS-06064,REP-0069,Nova Digital,51-200,Inbound Call,Cloud Compute,Q4 2025,2025-11-21,Dead,2,,19900,
PROS-06065,REP-0062,Pulse Digital,1-50,Website Inquiry,AI Platform,Q2 2026,2026-05-05,Lost,4,2026-05-28,35900,
PROS-06066,REP-0094,Vertex Solutions,1-50,Inbound Call,Cloud Storage,Q4 2025,2025-12-27,Won,3,2026-01-16,6500,6800
PROS-06067,REP-0015,Nimbus Technologies,1-50,Inbound Call,Cloud Compute,Q4 2025,2025-10-21,Dead,0,,12200,
PROS-06068,REP-0084,Fusion Networks,1000-5000,Inbound Call,AI Platform,Q2 2026,2026-05-17,Dead,0,,113800,
PROS-06069,REP-0103,Ridgeline Dynamics,201-1000,Paid Marketing,AI Platform,Q4 2025,2025-10-28,Lost,2,2025-11-22,55300,
PROS-06070,REP-0097,Redshift Works,51-200,Website Inquiry,Security Suite,Q1 2026,2026-02-28,Dead,0,,52300,
PROS-06071,REP-0043,Atlas Labs,201-1000,Inbound Call,Cloud Storage,Q1 2026,2026-03-11,Lost,2,2026-04-09,12000,
PROS-06072,REP-0110,Solace Works,1000-5000,Inbound Call,Cloud Compute,Q1 2026,2026-03-17,Won,6,2026-04-15,45800,39400
PROS-06073,REP-0061,Drift Technologies,1000-5000,Cold Outreach,Cloud Compute,Q1 2026,2026-03-29,Dead,0,,45800,
PROS-06074,REP-0017,Meridian Dynamics,51-200,Cold Outreach,Cloud Compute,Q1 2026,2026-02-08,Lost,5,2026-03-13,11400,
PROS-06075,REP-0038,Beacon Group,1000-5000,LinkedIn,AI Platform,Q2 2026,2026-04-30,Dead,0,,156400,
PROS-06076,REP-0039,Ridgeline Holdings,5000+,Cold Outreach,Cloud Compute,Q2 2026,2026-06-22,Dead,1,,112400,
PROS-06077,REP-0040,Ridgeline Systems,201-1000,Conference,Data Analytics,Q1 2026,2026-02-03,Dead,0,,42300,
PROS-06078,REP-0015,Anchor Systems,1-50,Conference,Cloud Storage,Q1 2026,2026-02-18,Dead,0,,3500,
PROS-06079,REP-0007,Meridian Networks,201-1000,Website Inquiry,Security Suite,Q4 2025,2025-12-05,Dead,0,,54000,
PROS-06080,REP-0076,Helix Technologies,51-200,Cold Outreach,Cloud Compute,Q4 2025,2025-10-18,Dead,0,,27500,
PROS-06081,REP-0027,Solace Dynamics,5000+,Cold Outreach,Cloud Compute,Q4 2025,2025-10-01,Lost,3,2025-11-23,64300,
PROS-06082,REP-0042,Solace Group,51-200,LinkedIn,Cloud Storage,Q4 2025,2025-10-05,Dead,1,,13700,
PROS-06083,REP-0037,Apex Works,201-1000,LinkedIn,Data Analytics,Q2 2026,2026-04-03,Dead,1,,73700,
PROS-06084,REP-0088,Helix Technologies,51-200,Cold Outreach,AI Platform,Q2 2026,2026-06-05,Open,2,,120800,
PROS-06085,REP-0021,Pulse Solutions,51-200,LinkedIn,Security Suite,Q4 2025,2025-12-03,Lost,4,2025-12-26,21300,
PROS-06086,REP-0055,Nova Holdings,1000-5000,Cold Outreach,Cloud Compute,Q2 2026,2026-06-26,Open,1,,47200,
PROS-06087,REP-0057,Nimbus Systems,1000-5000,Cold Outreach,Cloud Storage,Q2 2026,2026-06-25,Open,0,,21800,
PROS-06088,REP-0101,Solace Holdings,51-200,Cold Outreach,Cloud Storage,Q2 2026,2026-05-07,Lost,4,2026-05-29,11200,
PROS-06089,REP-0035,Quantum Digital,1000-5000,Conference,Cloud Compute,Q1 2026,2026-01-26,Won,8,2026-03-09,78600,84700
PROS-06090,REP-0005,Ember Works,51-200,Cold Outreach,AI Platform,Q2 2026,2026-06-13,Open,0,,93700,
PROS-06091,REP-0029,Wavefront Group,201-1000,LinkedIn,Security Suite,Q4 2025,2025-12-02,Dead,1,,25400,
PROS-06092,REP-0071,Apex Technologies,51-200,Inbound Call,Cloud Compute,Q4 2025,2025-12-24,Lost,3,2026-02-08,28800,
PROS-06093,REP-0084,Beacon Solutions,1000-5000,Conference,Cloud Compute,Q2 2026,2026-06-03,Open,1,,51200,
PROS-06094,REP-0002,Nimbus Solutions,5000+,Paid Marketing,Data Analytics,Q2 2026,2026-05-21,Lost,5,2026-06-28,63900,
PROS-06095,REP-0017,Beacon Networks,201-1000,Conference,Cloud Storage,Q1 2026,2026-03-03,Lost,4,2026-04-01,14800,
PROS-06096,REP-0004,Atlas Networks,1-50,Paid Marketing,Cloud Compute,Q4 2025,2025-10-04,Lost,5,2025-10-28,18400,
PROS-06097,REP-0008,Anchor Systems,1000-5000,Inbound Call,Security Suite,Q4 2025,2025-11-25,Lost,2,2025-12-10,101800,
PROS-06098,REP-0069,Horizon Industries,201-1000,Website Inquiry,Security Suite,Q2 2026,2026-06-01,Open,2,,73400,
PROS-06099,REP-0059,Orbit Holdings,51-200,LinkedIn,Data Analytics,Q4 2025,2025-10-18,Dead,0,,15800,
PROS-06100,REP-0029,Fusion Industries,201-1000,Inbound Call,AI Platform,Q2 2026,2026-04-03,Lost,2,2026-05-20,56200,
PROS-06101,REP-0107,Pulse Solutions,51-200,Paid Marketing,Data Analytics,Q2 2026,2026-06-26,Open,3,,27700,
PROS-06102,REP-0052,Redshift Group,1000-5000,Conference,Cloud Compute,Q4 2025,2025-12-26,Lost,3,2026-02-09,39600,
PROS-06103,REP-0104,Catalyst Dynamics,1000-5000,Cold Outreach,Data Analytics,Q4 2025,2025-11-21,Lost,4,2025-12-26,52300,
PROS-06104,REP-0015,Solace Industries,1-50,Cold Outreach,AI Platform,Q2 2026,2026-04-30,Dead,0,,61300,
PROS-06105,REP-0086,Redshift Systems,1000-5000,Referral,AI Platform,Q1 2026,2026-02-15,Won,6,2026-03-29,149000,132500
PROS-06106,REP-0004,Nimbus Dynamics,1-50,Paid Marketing,AI Platform,Q2 2026,2026-05-22,Dead,1,,55000,
PROS-06107,REP-0005,Nova Dynamics,1-50,Inbound Call,Data Analytics,Q4 2025,2025-11-28,Won,4,2025-12-20,12100,12700
PROS-06108,REP-0046,Ember Holdings,1000-5000,Paid Marketing,Data Analytics,Q4 2025,2025-10-26,Lost,3,2025-11-27,41900,
PROS-06109,REP-0004,Wavefront Holdings,1-50,Inbound Call,Data Analytics,Q1 2026,2026-01-05,Lost,5,2026-01-29,21600,
PROS-06110,REP-0028,Cobalt Digital,51-200,Cold Outreach,Cloud Compute,Q1 2026,2026-03-04,Won,4,2026-03-28,16900,20100
PROS-06111,REP-0034,Beacon Solutions,201-1000,Website Inquiry,Security Suite,Q1 2026,2026-03-02,Lost,4,2026-04-16,35000,
PROS-06112,REP-0008,Horizon Digital,201-1000,Paid Marketing,Data Analytics,Q2 2026,2026-04-18,Dead,0,,43900,
PROS-06113,REP-0069,Nova Works,51-200,Paid Marketing,Cloud Storage,Q1 2026,2026-02-04,Dead,1,,13800,
PROS-06114,REP-0040,Nimbus Industries,201-1000,LinkedIn,Cloud Storage,Q2 2026,2026-05-31,Open,1,,16900,
PROS-06115,REP-0001,Nimbus Group,201-1000,LinkedIn,Cloud Compute,Q2 2026,2026-06-24,Open,1,,47300,
PROS-06116,REP-0088,Orbit Systems,1-50,Website Inquiry,Cloud Compute,Q4 2025,2025-10-08,Lost,4,2025-10-15,9400,
PROS-06117,REP-0091,Beacon Dynamics,201-1000,LinkedIn,Cloud Compute,Q1 2026,2026-01-13,Dead,0,,26000,
PROS-06118,REP-0089,Pulse Solutions,1-50,Cold Outreach,Cloud Compute,Q4 2025,2025-10-27,Lost,2,2025-11-05,13800,
PROS-06119,REP-0044,Ember Holdings,1-50,Cold Outreach,Cloud Storage,Q4 2025,2025-11-20,Won,3,2025-12-03,3400,3400
PROS-06120,REP-0033,Pulse Dynamics,5000+,Website Inquiry,Cloud Compute,Q2 2026,2026-05-12,Lost,5,2026-06-29,48400,
PROS-06121,REP-0021,Beacon Labs,1-50,Conference,Cloud Storage,Q4 2025,2025-11-20,Lost,3,2025-11-27,5700,
PROS-06122,REP-0013,Catalyst Industries,5000+,Website Inquiry,Cloud Storage,Q2 2026,2026-04-02,Dead,0,,20400,
PROS-06123,REP-0012,Helix Partners,51-200,LinkedIn,Cloud Compute,Q1 2026,2026-02-04,Dead,0,,12400,
PROS-06124,REP-0039,Nova Technologies,5000+,Inbound Call,Cloud Storage,Q2 2026,2026-05-10,Won,4,2026-06-25,37900,44800
PROS-06125,REP-0012,Atlas Industries,1-50,Paid Marketing,AI Platform,Q1 2026,2026-02-12,Lost,4,2026-03-03,64500,
PROS-06126,REP-0043,Wavefront Holdings,201-1000,Website Inquiry,Security Suite,Q4 2025,2025-12-19,Lost,3,2026-02-03,63500,
PROS-06127,REP-0052,Horizon Dynamics,5000+,Cold Outreach,Cloud Compute,Q2 2026,2026-04-07,Lost,4,2026-06-24,71900,
PROS-06128,REP-0029,Horizon Digital,51-200,Inbound Call,Security Suite,Q4 2025,2025-10-06,Lost,5,2025-11-06,45200,
PROS-06129,REP-0094,Vantage Dynamics,1-50,Paid Marketing,Cloud Storage,Q1 2026,2026-01-06,Lost,2,2026-01-28,7400,
PROS-06130,REP-0032,Atlas Industries,5000+,Paid Marketing,AI Platform,Q2 2026,2026-06-14,Dead,0,,296300,
PROS-06131,REP-0101,Cobalt Holdings,51-200,Website Inquiry,Cloud Storage,Q1 2026,2026-03-12,Lost,4,2026-04-29,8200,
PROS-06132,REP-0102,Northgate Digital,1-50,Inbound Call,Data Analytics,Q2 2026,2026-05-09,Lost,5,2026-05-29,17400,
PROS-06133,REP-0083,Nimbus Dynamics,1000-5000,Website Inquiry,Security Suite,Q1 2026,2026-02-09,Lost,5,2026-03-17,87300,
PROS-06134,REP-0023,Anchor Industries,201-1000,Website Inquiry,Cloud Storage,Q1 2026,2026-02-26,Lost,2,2026-05-02,7100,
PROS-06135,REP-0087,Orbit Networks,201-1000,Referral,Security Suite,Q4 2025,2025-10-31,Lost,4,2025-11-17,42200,
PROS-06136,REP-0069,Sterling Networks,51-200,LinkedIn,Data Analytics,Q1 2026,2026-01-01,Dead,0,,24000,
PROS-06137,REP-0033,Ridgeline Works,1000-5000,Cold Outreach,Cloud Compute,Q4 2025,2025-10-18,Dead,0,,41000,
PROS-06138,REP-0077,Fusion Partners,1-50,Cold Outreach,Cloud Storage,Q1 2026,2026-03-03,Lost,5,2026-03-27,5800,
PROS-06139,REP-0097,Granite Partners,1000-5000,Website Inquiry,Security Suite,Q2 2026,2026-05-25,Dead,0,,156900,
PROS-06140,REP-0108,Pulse Group,1-50,Paid Marketing,Security Suite,Q1 2026,2026-02-05,Lost,5,2026-02-17,13800,
PROS-06141,REP-0042,Summit Solutions,51-200,Conference,Data Analytics,Q2 2026,2026-04-21,Won,3,2026-05-14,36500,37900
PROS-06142,REP-0042,Orbit Systems,201-1000,Paid Marketing,Cloud Compute,Q1 2026,2026-02-28,Lost,3,2026-03-14,25800,
PROS-06143,REP-0089,Summit Digital,1-50,Paid Marketing,Security Suite,Q4 2025,2025-11-16,Lost,2,2025-11-29,13000,
PROS-06144,REP-0063,Catalyst Labs,201-1000,Conference,Data Analytics,Q2 2026,2026-06-13,Open,1,,41800,
PROS-06145,REP-0017,Meridian Industries,51-200,Paid Marketing,Data Analytics,Q4 2025,2025-12-16,Lost,4,2026-01-04,16200,
PROS-06146,REP-0081,Atlas Holdings,1-50,Conference,Cloud Storage,Q1 2026,2026-02-13,Lost,4,2026-03-05,3200,
PROS-06147,REP-0103,Fusion Technologies,1-50,Referral,Cloud Storage,Q1 2026,2026-01-04,Dead,0,,3800,
PROS-06148,REP-0074,Northgate Holdings,51-200,LinkedIn,Data Analytics,Q1 2026,2026-01-08,Lost,4,2026-02-23,27900,
PROS-06149,REP-0059,Vantage Technologies,201-1000,LinkedIn,AI Platform,Q1 2026,2026-03-18,Lost,5,2026-03-29,121800,
PROS-06150,REP-0051,Quantum Partners,1000-5000,Website Inquiry,Cloud Compute,Q4 2025,2025-12-09,Lost,4,2026-02-25,26500,
PROS-06151,REP-0056,Summit Technologies,51-200,Inbound Call,Cloud Storage,Q1 2026,2026-03-30,Lost,5,2026-04-15,11200,
PROS-06152,REP-0096,Anchor Networks,1-50,Referral,Cloud Compute,Q1 2026,2026-03-07,Lost,3,2026-03-21,5200,
PROS-06153,REP-0108,Horizon Networks,1-50,Inbound Call,Cloud Storage,Q4 2025,2025-12-16,Won,4,2026-01-09,8400,9800
PROS-06154,REP-0101,Atlas Systems,51-200,Paid Marketing,Cloud Storage,Q4 2025,2025-10-04,Dead,1,,15000,
PROS-06155,REP-0108,Granite Networks,1-50,Paid Marketing,Cloud Compute,Q4 2025,2025-12-03,Won,4,2025-12-15,20200,20400
PROS-06156,REP-0022,Atlas Works,201-1000,Paid Marketing,Cloud Storage,Q4 2025,2025-12-14,Won,6,2026-01-13,16500,15100
PROS-06157,REP-0083,Apex Works,201-1000,Cold Outreach,Cloud Compute,Q1 2026,2026-03-20,Lost,4,2026-04-23,23500,
PROS-06158,REP-0077,Orbit Technologies,201-1000,Paid Marketing,Cloud Compute,Q4 2025,2025-11-19,Dead,0,,40900,
PROS-06159,REP-0028,Ironclad Group,51-200,Conference,Security Suite,Q1 2026,2026-02-23,Lost,2,2026-03-20,36700,
PROS-06160,REP-0029,Pulse Works,51-200,Website Inquiry,Data Analytics,Q4 2025,2025-12-15,Lost,5,2026-01-08,30200,
PROS-06161,REP-0066,Sterling Systems,201-1000,Cold Outreach,Data Analytics,Q2 2026,2026-04-01,Dead,0,,41700,
PROS-06162,REP-0041,Orbit Works,51-200,Website Inquiry,Data Analytics,Q2 2026,2026-04-10,Dead,0,,30800,
PROS-06163,REP-0069,Nimbus Digital,201-1000,LinkedIn,Security Suite,Q2 2026,2026-04-02,Dead,0,,55000,
PROS-06164,REP-0047,Solace Dynamics,201-1000,Paid Marketing,Security Suite,Q1 2026,2026-01-15,Lost,4,2026-01-30,76700,
PROS-06165,REP-0101,Ironclad Labs,201-1000,Cold Outreach,AI Platform,Q1 2026,2026-03-07,Lost,3,2026-04-12,117900,
PROS-06166,REP-0027,Northgate Works,1000-5000,Paid Marketing,Security Suite,Q1 2026,2026-03-13,Dead,0,,66800,
PROS-06167,REP-0038,Vertex Industries,51-200,Conference,Security Suite,Q1 2026,2026-01-18,Dead,1,,39600,
PROS-06168,REP-0082,Wavefront Works,1000-5000,Conference,Data Analytics,Q2 2026,2026-04-15,Dead,0,,86400,
PROS-06169,REP-0014,Pulse Labs,201-1000,Cold Outreach,AI Platform,Q2 2026,2026-06-09,Open,1,,66200,
PROS-06170,REP-0022,Ridgeline Holdings,51-200,Inbound Call,Security Suite,Q1 2026,2026-03-18,Lost,2,2026-05-05,60400,
PROS-06171,REP-0050,Nova Group,5000+,LinkedIn,Security Suite,Q4 2025,2025-10-08,Dead,1,,131800,
PROS-06172,REP-0042,Solace Labs,1-50,Website Inquiry,Cloud Storage,Q4 2025,2025-11-13,Lost,5,2025-11-24,5400,
PROS-06173,REP-0081,Lattice Systems,1-50,Cold Outreach,Cloud Compute,Q2 2026,2026-04-25,Dead,0,,6700,
PROS-06174,REP-0057,Vantage Networks,1000-5000,Referral,Cloud Storage,Q1 2026,2026-02-28,Lost,2,2026-04-03,16400,
PROS-06175,REP-0004,Anchor Industries,201-1000,Paid Marketing,Data Analytics,Q2 2026,2026-06-13,Open,2,,62800,
PROS-06176,REP-0070,Solace Solutions,201-1000,Website Inquiry,AI Platform,Q1 2026,2026-02-27,Won,5,2026-03-15,87900,104100
PROS-06177,REP-0063,Catalyst Industries,1-50,LinkedIn,Cloud Compute,Q4 2025,2025-10-11,Lost,4,2025-10-20,12700,
PROS-06178,REP-0004,Vantage Networks,1-50,Referral,AI Platform,Q2 2026,2026-06-06,Open,0,,45900,
PROS-06179,REP-0030,Zenith Holdings,201-1000,Paid Marketing,AI Platform,Q2 2026,2026-05-18,Lost,3,2026-06-28,131500,
PROS-06180,REP-0065,Sterling Industries,201-1000,Referral,AI Platform,Q2 2026,2026-05-01,Won,3,2026-05-23,70600,69500
PROS-06181,REP-0003,Granite Digital,1-50,Paid Marketing,Data Analytics,Q1 2026,2026-02-08,Dead,0,,12700,
PROS-06182,REP-0076,Nimbus Group,1-50,LinkedIn,AI Platform,Q2 2026,2026-06-20,Open,1,,40600,
PROS-06183,REP-0012,Vertex Dynamics,51-200,Paid Marketing,Security Suite,Q1 2026,2026-02-20,Won,2,2026-03-09,36400,40800
PROS-06184,REP-0012,Zenith Partners,1-50,Cold Outreach,Security Suite,Q2 2026,2026-04-09,Lost,5,2026-04-25,25800,
PROS-06185,REP-0074,Summit Technologies,51-200,Conference,Cloud Compute,Q2 2026,2026-05-30,Open,0,,19200,
PROS-06186,REP-0060,Cobalt Digital,1000-5000,Referral,Cloud Storage,Q2 2026,2026-06-11,Open,2,,34800,
PROS-06187,REP-0004,Lattice Dynamics,1-50,Website Inquiry,Cloud Compute,Q1 2026,2026-01-03,Lost,5,2026-01-13,7300,
PROS-06188,REP-0087,Orbit Networks,201-1000,Cold Outreach,AI Platform,Q4 2025,2025-12-26,Dead,0,,65300,
PROS-06189,REP-0012,Pulse Works,1-50,Inbound Call,Cloud Storage,Q1 2026,2026-01-21,Won,4,2026-02-12,4600,5000
PROS-06190,REP-0015,Beacon Dynamics,51-200,Cold Outreach,Cloud Storage,Q1 2026,2026-02-22,Lost,5,2026-03-15,7800,
PROS-06191,REP-0067,Fusion Industries,1000-5000,LinkedIn,Cloud Compute,Q1 2026,2026-01-31,Lost,2,2026-03-11,38300,
PROS-06192,REP-0089,Wavefront Dynamics,1-50,Paid Marketing,Cloud Compute,Q1 2026,2026-01-26,Dead,0,,8400,
PROS-06193,REP-0075,Apex Holdings,201-1000,Conference,Data Analytics,Q2 2026,2026-04-28,Dead,0,,27400,
PROS-06194,REP-0004,Ridgeline Industries,1-50,LinkedIn,Data Analytics,Q2 2026,2026-06-30,Open,1,,17000,
PROS-06195,REP-0049,Lattice Solutions,51-200,LinkedIn,AI Platform,Q2 2026,2026-05-10,Dead,0,,34700,
PROS-06196,REP-0066,Beacon Systems,201-1000,Paid Marketing,Cloud Compute,Q1 2026,2026-01-19,Lost,4,2026-02-17,15800,
PROS-06197,REP-0022,Pulse Works,201-1000,Cold Outreach,Cloud Compute,Q1 2026,2026-01-21,Lost,3,2026-02-27,24800,
PROS-06198,REP-0110,Atlas Technologies,1000-5000,Website Inquiry,Security Suite,Q4 2025,2025-10-13,Lost,4,2025-10-28,73600,
PROS-06199,REP-0048,Meridian Technologies,1000-5000,LinkedIn,Data Analytics,Q2 2026,2026-05-25,Lost,3,2026-06-30,32000,
PROS-06200,REP-0001,Nova Industries,51-200,Paid Marketing,Cloud Compute,Q4 2025,2025-12-23,Won,4,2026-02-05,34100,33000
PROS-06201,REP-0083,Redshift Partners,51-200,Cold Outreach,Cloud Compute,Q2 2026,2026-05-06,Dead,0,,19400,
PROS-06202,REP-0066,Pulse Labs,201-1000,Inbound Call,Cloud Compute,Q2 2026,2026-05-17,Won,4,2026-06-07,33400,39600
PROS-06203,REP-0008,Nova Systems,201-1000,Website Inquiry,Cloud Compute,Q4 2025,2025-10-05,Lost,4,2025-10-25,33300,
PROS-06204,REP-0109,Solace Labs,51-200,Paid Marketing,Cloud Compute,Q4 2025,2025-11-08,Dead,0,,15600,
PROS-06205,REP-0028,Quantum Solutions,1-50,Paid Marketing,Data Analytics,Q2 2026,2026-05-12,Lost,4,2026-06-05,13700,
PROS-06206,REP-0104,Cobalt Partners,1000-5000,Cold Outreach,Data Analytics,Q4 2025,2025-10-14,Lost,5,2025-12-05,70800,
PROS-06207,REP-0053,Redshift Holdings,1-50,Conference,AI Platform,Q2 2026,2026-06-30,Dead,0,,42500,
PROS-06208,REP-0026,Vertex Labs,201-1000,Cold Outreach,Cloud Compute,Q1 2026,2026-02-07,Dead,1,,20800,
PROS-06209,REP-0007,Fusion Partners,51-200,Paid Marketing,Cloud Compute,Q4 2025,2025-12-26,Dead,0,,22500,
PROS-06210,REP-0079,Quantum Group,1-50,Cold Outreach,AI Platform,Q2 2026,2026-06-06,Open,0,,61000,
PROS-06211,REP-0037,Drift Networks,51-200,Paid Marketing,Security Suite,Q2 2026,2026-05-28,Lost,4,2026-06-21,34700,
PROS-06212,REP-0023,Beacon Industries,201-1000,Inbound Call,Cloud Storage,Q4 2025,2025-10-08,Dead,0,,13800,
PROS-06213,REP-0015,Quantum Works,1-50,LinkedIn,Cloud Compute,Q1 2026,2026-02-13,Dead,0,,11300,
PROS-06214,REP-0102,Zenith Digital,51-200,Paid Marketing,Security Suite,Q2 2026,2026-05-22,Dead,0,,34300,
PROS-06215,REP-0040,Summit Industries,1000-5000,Cold Outreach,AI Platform,Q2 2026,2026-06-02,Open,1,,209300,
PROS-06216,REP-0088,Zenith Labs,201-1000,LinkedIn,Data Analytics,Q1 2026,2026-01-04,Dead,0,,23200,
PROS-06217,REP-0096,Vertex Solutions,51-200,Cold Outreach,Cloud Compute,Q4 2025,2025-10-28,Lost,5,2025-11-22,20700,
PROS-06218,REP-0021,Nimbus Holdings,51-200,Paid Marketing,Cloud Compute,Q4 2025,2025-12-18,Dead,1,,23800,
PROS-06219,REP-0021,Apex Networks,1-50,Paid Marketing,Cloud Compute,Q2 2026,2026-06-08,Open,2,,8300,
PROS-06220,REP-0095,Helix Works,1-50,Referral,Security Suite,Q2 2026,2026-06-26,Open,1,,17000,
PROS-06221,REP-0009,Atlas Technologies,5000+,LinkedIn,AI Platform,Q2 2026,2026-05-22,Dead,0,,282500,
PROS-06222,REP-0063,Catalyst Partners,201-1000,Cold Outreach,Security Suite,Q4 2025,2025-11-22,Won,4,2025-11-30,42400,36100
PROS-06223,REP-0056,Ember Labs,51-200,Cold Outreach,Data Analytics,Q4 2025,2025-10-29,Won,2,2025-11-11,20900,20400
PROS-06224,REP-0057,Pulse Dynamics,1000-5000,LinkedIn,AI Platform,Q2 2026,2026-04-30,Lost,2,2026-06-20,188400,
PROS-06225,REP-0098,Pulse Networks,1000-5000,Conference,Security Suite,Q2 2026,2026-04-01,Lost,3,2026-05-21,130000,
PROS-06226,REP-0008,Wavefront Dynamics,201-1000,Cold Outreach,AI Platform,Q1 2026,2026-02-17,Dead,0,,49500,
PROS-06227,REP-0047,Vertex Industries,201-1000,Cold Outreach,AI Platform,Q1 2026,2026-03-08,Lost,3,2026-03-31,108100,
PROS-06228,REP-0041,Redshift Systems,201-1000,Paid Marketing,Cloud Compute,Q1 2026,2026-02-15,Dead,0,,42100,
PROS-06229,REP-0088,Ember Partners,1-50,Referral,Cloud Storage,Q4 2025,2025-10-29,Dead,0,,5500,
PROS-06230,REP-0004,Ridgeline Group,1-50,Cold Outreach,AI Platform,Q4 2025,2025-12-29,Dead,1,,20400,
PROS-06231,REP-0038,Zenith Labs,201-1000,Paid Marketing,AI Platform,Q1 2026,2026-01-20,Won,4,2026-02-11,92000,93300
PROS-06232,REP-0076,Orbit Solutions,1-50,Inbound Call,Data Analytics,Q4 2025,2025-12-25,Lost,5,2026-01-17,17900,
PROS-06233,REP-0069,Fusion Technologies,1000-5000,Website Inquiry,Security Suite,Q2 2026,2026-06-11,Open,1,,157700,
PROS-06234,REP-0108,Meridian Holdings,1-50,Referral,AI Platform,Q1 2026,2026-03-30,Dead,0,,56300,
PROS-06235,REP-0102,Drift Solutions,51-200,Inbound Call,Data Analytics,Q4 2025,2025-10-24,Lost,2,2025-11-12,14900,
PROS-06236,REP-0101,Northgate Holdings,201-1000,Cold Outreach,AI Platform,Q1 2026,2026-01-18,Dead,0,,47400,
PROS-06237,REP-0034,Drift Works,201-1000,Inbound Call,Cloud Storage,Q2 2026,2026-04-12,Dead,0,,12500,
PROS-06238,REP-0108,Quantum Solutions,51-200,Inbound Call,AI Platform,Q1 2026,2026-03-11,Dead,0,,118900,
PROS-06239,REP-0011,Ironclad Networks,51-200,LinkedIn,Cloud Compute,Q2 2026,2026-06-28,Open,0,,9100,
PROS-06240,REP-0049,Wavefront Solutions,201-1000,Cold Outreach,Cloud Storage,Q1 2026,2026-02-11,Dead,1,,16400,
PROS-06241,REP-0011,Sterling Group,201-1000,Paid Marketing,Cloud Storage,Q2 2026,2026-05-28,Open,0,,12600,
PROS-06242,REP-0042,Helix Technologies,1-50,Paid Marketing,Cloud Storage,Q1 2026,2026-02-09,Lost,4,2026-03-04,5100,
PROS-06243,REP-0021,Atlas Works,51-200,Website Inquiry,AI Platform,Q2 2026,2026-06-25,Open,1,,73900,
PROS-06244,REP-0051,Solace Holdings,5000+,Paid Marketing,Cloud Storage,Q1 2026,2026-02-19,Dead,0,,19000,
PROS-06245,REP-0064,Drift Industries,51-200,Paid Marketing,Cloud Compute,Q1 2026,2026-03-14,Lost,5,2026-04-27,14000,
PROS-06246,REP-0044,Wavefront Holdings,1-50,Paid Marketing,Cloud Compute,Q2 2026,2026-04-04,Lost,4,2026-04-27,8900,
PROS-06247,REP-0066,Helix Solutions,201-1000,Website Inquiry,AI Platform,Q1 2026,2026-03-28,Lost,4,2026-04-27,40700,
PROS-06248,REP-0016,Orbit Industries,5000+,Paid Marketing,Cloud Compute,Q1 2026,2026-01-27,Dead,0,,62400,
PROS-06249,REP-0108,Catalyst Digital,201-1000,Conference,Cloud Storage,Q2 2026,2026-04-21,Won,2,2026-05-13,11100,12900
PROS-06250,REP-0066,Fusion Networks,201-1000,Inbound Call,Data Analytics,Q2 2026,2026-04-27,Lost,3,2026-06-01,31300,
PROS-06251,REP-0088,Fusion Solutions,201-1000,Website Inquiry,Cloud Compute,Q2 2026,2026-04-16,Dead,0,,17600,
PROS-06252,REP-0004,Pulse Solutions,201-1000,Conference,Security Suite,Q1 2026,2026-01-10,Won,4,2026-01-19,78000,88900
PROS-06253,REP-0040,Ridgeline Industries,1000-5000,LinkedIn,Data Analytics,Q4 2025,2025-11-29,Dead,2,,50300,
PROS-06254,REP-0051,Vantage Solutions,201-1000,Website Inquiry,Cloud Storage,Q4 2025,2025-11-27,Dead,0,,10300,
PROS-06255,REP-0086,Atlas Works,51-200,Paid Marketing,Cloud Storage,Q4 2025,2025-11-05,Lost,4,2025-12-11,12500,
PROS-06256,REP-0057,Nova Digital,1000-5000,Paid Marketing,Data Analytics,Q4 2025,2025-12-03,Dead,0,,73000,
PROS-06257,REP-0109,Vertex Group,51-200,Paid Marketing,AI Platform,Q2 2026,2026-05-21,Dead,0,,48900,
PROS-06258,REP-0088,Granite Systems,1-50,Conference,Cloud Compute,Q4 2025,2025-11-12,Won,4,2025-12-07,10600,10600
PROS-06259,REP-0046,Lattice Networks,1000-5000,Inbound Call,Cloud Compute,Q4 2025,2025-12-07,Dead,0,,38700,
PROS-06260,REP-0083,Lattice Systems,201-1000,Website Inquiry,AI Platform,Q2 2026,2026-06-06,Open,3,,75200,
PROS-06261,REP-0056,Quantum Partners,1-50,Cold Outreach,AI Platform,Q1 2026,2026-03-05,Won,3,2026-03-25,32600,29400
PROS-06262,REP-0096,Orbit Systems,1-50,Website Inquiry,AI Platform,Q1 2026,2026-01-25,Lost,3,2026-02-01,24600,
PROS-06263,REP-0001,Vertex Group,201-1000,Conference,AI Platform,Q2 2026,2026-06-06,Open,2,,159800,
PROS-06264,REP-0076,Pulse Industries,1-50,Paid Marketing,Data Analytics,Q4 2025,2025-12-11,Dead,1,,16100,
PROS-06265,REP-0094,Wavefront Partners,51-200,Inbound Call,Cloud Storage,Q1 2026,2026-01-31,Won,4,2026-02-19,8600,8200
PROS-06266,REP-0081,Horizon Solutions,1-50,Referral,Data Analytics,Q2 2026,2026-04-29,Dead,1,,13500,
PROS-06267,REP-0017,Ironclad Partners,51-200,Paid Marketing,Cloud Compute,Q2 2026,2026-06-28,Open,2,,14100,
PROS-06268,REP-0022,Ironclad Systems,201-1000,Cold Outreach,Cloud Compute,Q1 2026,2026-02-17,Lost,3,2026-03-26,25100,
PROS-06269,REP-0033,Vertex Partners,1000-5000,Cold Outreach,Security Suite,Q2 2026,2026-06-29,Open,1,,110700,
PROS-06270,REP-0067,Ember Holdings,1000-5000,Paid Marketing,Cloud Compute,Q1 2026,2026-03-14,Lost,2,2026-05-09,50700,
PROS-06271,REP-0029,Redshift Works,201-1000,LinkedIn,Cloud Storage,Q1 2026,2026-01-29,Lost,5,2026-03-08,15200,
PROS-06272,REP-0044,Sterling Networks,1-50,Paid Marketing,Cloud Storage,Q2 2026,2026-04-27,Lost,5,2026-05-18,6300,
PROS-06273,REP-0003,Drift Solutions,1-50,LinkedIn,Cloud Compute,Q1 2026,2026-03-25,Lost,5,2026-04-02,13500,
PROS-06274,REP-0057,Apex Works,201-1000,Paid Marketing,Security Suite,Q1 2026,2026-01-14,Dead,0,,38600,
PROS-06275,REP-0088,Apex Industries,1-50,Paid Marketing,Cloud Compute,Q1 2026,2026-03-30,Dead,0,,9100,
PROS-06276,REP-0026,Northgate Industries,201-1000,Cold Outreach,AI Platform,Q1 2026,2026-02-08,Dead,1,,47000,
PROS-06277,REP-0058,Vertex Technologies,201-1000,Paid Marketing,Cloud Compute,Q2 2026,2026-05-02,Dead,0,,28100,
PROS-06278,REP-0091,Apex Digital,1000-5000,Paid Marketing,AI Platform,Q2 2026,2026-06-05,Lost,5,2026-06-30,116800,
PROS-06279,REP-0046,Sterling Systems,51-200,Conference,Data Analytics,Q1 2026,2026-03-29,Won,5,2026-05-07,44800,47000
PROS-06280,REP-0008,Cobalt Networks,1000-5000,Paid Marketing,AI Platform,Q2 2026,2026-04-14,Dead,0,,218100,
PROS-06281,REP-0043,Apex Labs,201-1000,Paid Marketing,Cloud Storage,Q1 2026,2026-01-15,Lost,3,2026-02-01,12700,
PROS-06282,REP-0038,Summit Partners,51-200,Paid Marketing,Cloud Compute,Q2 2026,2026-05-13,Lost,3,2026-06-18,16200,
PROS-06283,REP-0109,Vantage Group,51-200,Inbound Call,Cloud Compute,Q1 2026,2026-02-16,Dead,0,,24700,
PROS-06284,REP-0089,Summit Digital,1-50,Website Inquiry,Security Suite,Q2 2026,2026-04-29,Dead,1,,13200,
PROS-06285,REP-0003,Cobalt Group,51-200,Paid Marketing,Cloud Storage,Q2 2026,2026-05-01,Lost,5,2026-05-25,11600,
PROS-06286,REP-0044,Apex Digital,51-200,Paid Marketing,Data Analytics,Q2 2026,2026-06-20,Lost,4,2026-06-29,34200,
PROS-06287,REP-0100,Atlas Dynamics,201-1000,Conference,AI Platform,Q1 2026,2026-01-29,Dead,0,,72000,
PROS-06288,REP-0037,Meridian Industries,51-200,Website Inquiry,Security Suite,Q1 2026,2026-01-02,Won,4,2026-02-12,77900,66200
PROS-06289,REP-0076,Helix Holdings,1-50,Paid Marketing,AI Platform,Q2 2026,2026-05-08,Dead,0,,25600,
PROS-06290,REP-0059,Orbit Systems,1-50,Inbound Call,Data Analytics,Q1 2026,2026-01-18,Lost,2,2026-01-30,12000,
PROS-06291,REP-0051,Redshift Digital,1000-5000,Paid Marketing,Cloud Compute,Q2 2026,2026-06-17,Open,0,,39200,
PROS-06292,REP-0080,Solace Holdings,51-200,Conference,Cloud Storage,Q4 2025,2025-11-06,Dead,0,,10600,
PROS-06293,REP-0047,Wavefront Solutions,201-1000,Referral,Cloud Compute,Q1 2026,2026-01-15,Dead,1,,38000,
PROS-06294,REP-0092,Nimbus Works,1000-5000,LinkedIn,AI Platform,Q1 2026,2026-03-17,Lost,5,2026-05-19,177300,
PROS-06295,REP-0036,Redshift Holdings,51-200,LinkedIn,Data Analytics,Q2 2026,2026-04-28,Won,5,2026-06-04,27500,25400
PROS-06296,REP-0013,Apex Digital,1000-5000,Inbound Call,Security Suite,Q2 2026,2026-04-20,Lost,5,2026-06-21,78200,
PROS-06297,REP-0004,Sterling Digital,1-50,Paid Marketing,Cloud Storage,Q1 2026,2026-02-24,Dead,0,,5500,
PROS-06298,REP-0038,Beacon Holdings,201-1000,Website Inquiry,Cloud Compute,Q4 2025,2025-12-17,Dead,1,,20900,
PROS-06299,REP-0024,Apex Dynamics,201-1000,Cold Outreach,Cloud Compute,Q2 2026,2026-05-16,Dead,1,,22300,
PROS-06300,REP-0091,Catalyst Digital,51-200,Paid Marketing,Security Suite,Q4 2025,2025-11-30,Dead,0,,63500,
PROS-06301,REP-0013,Zenith Dynamics,201-1000,LinkedIn,Security Suite,Q2 2026,2026-06-13,Open,2,,63600,
PROS-06302,REP-0075,Zenith Industries,51-200,Conference,AI Platform,Q2 2026,2026-04-24,Dead,0,,79500,
PROS-06303,REP-0063,Redshift Digital,1-50,Inbound Call,Cloud Storage,Q4 2025,2025-11-24,Lost,5,2025-12-06,6700,
PROS-06304,REP-0089,Summit Partners,1-50,Paid Marketing,Data Analytics,Q4 2025,2025-10-03,Lost,5,2025-10-16,14600,
PROS-06305,REP-0100,Nova Works,51-200,Paid Marketing,Cloud Compute,Q4 2025,2025-10-18,Lost,2,2025-11-13,10600,
PROS-06306,REP-0107,Catalyst Solutions,1000-5000,Cold Outreach,Cloud Storage,Q1 2026,2026-03-27,Lost,4,2026-05-09,22700,
PROS-06307,REP-0088,Nova Holdings,51-200,Cold Outreach,Cloud Compute,Q1 2026,2026-02-07,Lost,5,2026-03-02,13000,
PROS-06308,REP-0043,Ironclad Group,1000-5000,Website Inquiry,AI Platform,Q2 2026,2026-06-28,Open,1,,125300,
PROS-06309,REP-0086,Horizon Industries,1000-5000,Paid Marketing,Cloud Storage,Q4 2025,2025-11-13,Dead,0,,15000,
PROS-06310,REP-0080,Nimbus Systems,1000-5000,Website Inquiry,Cloud Storage,Q4 2025,2025-12-27,Dead,0,,12500,
PROS-06311,REP-0017,Wavefront Solutions,201-1000,Cold Outreach,Cloud Storage,Q4 2025,2025-11-01,Dead,0,,11100,
PROS-06312,REP-0102,Meridian Works,51-200,LinkedIn,AI Platform,Q2 2026,2026-05-02,Won,3,2026-05-23,35400,32800
PROS-06313,REP-0064,Apex Holdings,1000-5000,LinkedIn,Cloud Compute,Q1 2026,2026-02-12,Lost,5,2026-03-19,35500,
PROS-06314,REP-0107,Atlas Partners,51-200,Website Inquiry,Security Suite,Q4 2025,2025-11-01,Dead,1,,62100,
PROS-06315,REP-0081,Nimbus Holdings,1-50,Cold Outreach,Cloud Compute,Q1 2026,2026-01-05,Dead,0,,14700,
PROS-06316,REP-0095,Anchor Group,51-200,Cold Outreach,Cloud Storage,Q2 2026,2026-04-20,Lost,4,2026-05-13,17800,
PROS-06317,REP-0054,Atlas Technologies,201-1000,Cold Outreach,Data Analytics,Q4 2025,2025-10-20,Dead,2,,58100,
PROS-06318,REP-0088,Granite Group,1-50,Paid Marketing,Cloud Compute,Q2 2026,2026-06-05,Open,1,,10300,
PROS-06319,REP-0033,Nimbus Systems,201-1000,LinkedIn,Cloud Compute,Q1 2026,2026-03-10,Lost,4,2026-06-08,16700,
PROS-06320,REP-0062,Summit Industries,1-50,Cold Outreach,Security Suite,Q4 2025,2025-11-17,Lost,3,2025-12-10,27400,
PROS-06321,REP-0087,Ridgeline Labs,201-1000,LinkedIn,Cloud Storage,Q4 2025,2025-10-31,Lost,4,2025-12-01,9000,
PROS-06322,REP-0055,Vantage Partners,1000-5000,Cold Outreach,AI Platform,Q1 2026,2026-02-14,Lost,5,2026-05-15,66300,
PROS-06323,REP-0029,Redshift Partners,201-1000,Website Inquiry,Cloud Storage,Q2 2026,2026-06-16,Open,1,,15700,
PROS-06324,REP-0065,Atlas Systems,51-200,Paid Marketing,AI Platform,Q2 2026,2026-06-18,Open,0,,73100,
PROS-06325,REP-0088,Anchor Solutions,51-200,Inbound Call,Data Analytics,Q4 2025,2025-10-20,Lost,3,2025-10-30,32300,
PROS-06326,REP-0037,Anchor Technologies,201-1000,Paid Marketing,Cloud Storage,Q1 2026,2026-01-10,Dead,0,,17900,
PROS-06327,REP-0088,Apex Networks,51-200,Cold Outreach,Data Analytics,Q4 2025,2025-11-07,Lost,5,2025-11-28,13600,
PROS-06328,REP-0027,Vantage Digital,1000-5000,LinkedIn,Security Suite,Q4 2025,2025-11-22,Lost,3,2025-12-28,83100,
PROS-06329,REP-0082,Zenith Digital,201-1000,Paid Marketing,AI Platform,Q2 2026,2026-06-25,Dead,1,,106300,
PROS-06330,REP-0009,Ridgeline Industries,1000-5000,LinkedIn,Cloud Compute,Q2 2026,2026-05-12,Lost,2,2026-06-28,26100,
PROS-06331,REP-0081,Granite Industries,1-50,Cold Outreach,AI Platform,Q4 2025,2025-12-09,Lost,4,2025-12-17,22000,
PROS-06332,REP-0032,Northgate Networks,5000+,Website Inquiry,Cloud Compute,Q1 2026,2026-02-25,Dead,2,,61300,
PROS-06333,REP-0072,Granite Labs,201-1000,LinkedIn,Security Suite,Q4 2025,2025-11-25,Dead,0,,39600,
PROS-06334,REP-0029,Ember Dynamics,201-1000,Paid Marketing,Security Suite,Q2 2026,2026-05-16,Dead,0,,73300,
PROS-06335,REP-0066,Vantage Labs,201-1000,Cold Outreach,Cloud Compute,Q2 2026,2026-06-17,Open,0,,16000,
PROS-06336,REP-0062,Wavefront Holdings,51-200,Cold Outreach,Cloud Storage,Q4 2025,2025-11-01,Dead,0,,8500,
PROS-06337,REP-0009,Nimbus Systems,5000+,LinkedIn,Data Analytics,Q4 2025,2025-12-02,Dead,0,,105600,
PROS-06338,REP-0021,Apex Partners,1-50,Website Inquiry,Cloud Compute,Q2 2026,2026-05-12,Won,4,2026-05-21,13400,15700
PROS-06339,REP-0106,Ridgeline Technologies,201-1000,LinkedIn,Security Suite,Q4 2025,2025-10-25,Lost,2,2025-11-22,37900,
PROS-06340,REP-0064,Cobalt Networks,201-1000,Paid Marketing,AI Platform,Q2 2026,2026-05-09,Lost,4,2026-06-20,92800,
PROS-06341,REP-0029,Ridgeline Solutions,201-1000,Cold Outreach,Security Suite,Q4 2025,2025-12-07,Dead,0,,38200,
PROS-06342,REP-0108,Sterling Technologies,51-200,Paid Marketing,AI Platform,Q1 2026,2026-03-26,Lost,5,2026-04-10,68400,
PROS-06343,REP-0035,Zenith Partners,1000-5000,Inbound Call,Cloud Compute,Q1 2026,2026-03-13,Lost,4,2026-05-14,80000,
PROS-06344,REP-0063,Granite Systems,51-200,Cold Outreach,AI Platform,Q4 2025,2025-12-04,Dead,0,,24400,
PROS-06345,REP-0094,Granite Labs,1-50,Inbound Call,Security Suite,Q1 2026,2026-01-09,Dead,0,,40600,
PROS-06346,REP-0110,Redshift Partners,201-1000,Inbound Call,Cloud Compute,Q1 2026,2026-03-03,Dead,0,,25100,
PROS-06347,REP-0098,Drift Digital,201-1000,Website Inquiry,Cloud Storage,Q2 2026,2026-04-26,Dead,0,,10700,
PROS-06348,REP-0109,Catalyst Digital,51-200,Website Inquiry,Cloud Compute,Q2 2026,2026-06-23,Open,2,,13600,
PROS-06349,REP-0044,Atlas Industries,1-50,Website Inquiry,AI Platform,Q2 2026,2026-04-14,Dead,0,,20800,
PROS-06350,REP-0029,Zenith Industries,201-1000,Paid Marketing,Security Suite,Q4 2025,2025-12-10,Lost,2,2026-01-28,31500,
PROS-06351,REP-0011,Lattice Industries,1-50,Inbound Call,Security Suite,Q1 2026,2026-03-19,Lost,3,2026-03-29,18700,
PROS-06352,REP-0063,Sterling Group,1-50,Website Inquiry,AI Platform,Q2 2026,2026-06-23,Open,0,,41200,
PROS-06353,REP-0059,Granite Technologies,1-50,Paid Marketing,Cloud Storage,Q2 2026,2026-04-26,Lost,5,2026-05-09,3700,
PROS-06354,REP-0087,Redshift Industries,51-200,Referral,Cloud Storage,Q2 2026,2026-05-28,Open,2,,13800,
PROS-06355,REP-0082,Beacon Holdings,1000-5000,Paid Marketing,Cloud Storage,Q1 2026,2026-03-17,Lost,2,2026-04-29,27300,
PROS-06356,REP-0012,Nimbus Partners,1-50,Cold Outreach,Cloud Storage,Q1 2026,2026-01-02,Dead,0,,4700,
PROS-06357,REP-0049,Granite Systems,51-200,Cold Outreach,Security Suite,Q1 2026,2026-01-03,Lost,2,2026-02-17,49300,
PROS-06358,REP-0028,Atlas Technologies,1-50,LinkedIn,Cloud Compute,Q4 2025,2025-12-11,Won,2,2025-12-23,13700,12700
PROS-06359,REP-0083,Horizon Group,201-1000,Website Inquiry,Cloud Compute,Q2 2026,2026-04-22,Lost,5,2026-05-14,33500,
PROS-06360,REP-0017,Vertex Solutions,51-200,Inbound Call,Data Analytics,Q1 2026,2026-02-26,Dead,1,,24700,
PROS-06361,REP-0020,Redshift Works,5000+,Paid Marketing,Cloud Storage,Q1 2026,2026-02-14,Lost,4,2026-05-08,52200,
PROS-06362,REP-0085,Vertex Networks,5000+,Inbound Call,Security Suite,Q1 2026,2026-03-28,Lost,3,2026-06-19,94200,
PROS-06363,REP-0022,Northgate Solutions,51-200,LinkedIn,Cloud Compute,Q1 2026,2026-01-07,Won,3,2026-02-07,22000,22200
PROS-06364,REP-0022,Granite Holdings,201-1000,LinkedIn,Cloud Storage,Q1 2026,2026-03-12,Dead,0,,19600,
PROS-06365,REP-0077,Drift Networks,201-1000,LinkedIn,Cloud Compute,Q2 2026,2026-05-13,Dead,1,,38000,
PROS-06366,REP-0087,Apex Group,1000-5000,Cold Outreach,Security Suite,Q4 2025,2025-10-13,Dead,1,,109600,
PROS-06367,REP-0019,Drift Holdings,51-200,LinkedIn,Cloud Compute,Q2 2026,2026-06-23,Open,0,,28100,
PROS-06368,REP-0071,Nimbus Labs,1000-5000,Conference,Cloud Compute,Q2 2026,2026-04-30,Lost,5,2026-06-05,62900,
PROS-06369,REP-0021,Ironclad Group,1-50,Cold Outreach,Cloud Compute,Q4 2025,2025-10-08,Lost,3,2025-10-20,13500,
PROS-06370,REP-0041,Redshift Dynamics,51-200,Paid Marketing,Data Analytics,Q2 2026,2026-04-20,Lost,5,2026-05-24,39600,
PROS-06371,REP-0062,Nova Digital,51-200,Paid Marketing,Cloud Storage,Q2 2026,2026-05-21,Lost,3,2026-05-31,11100,
PROS-06372,REP-0001,Nova Holdings,201-1000,Paid Marketing,Cloud Storage,Q4 2025,2025-11-11,Lost,5,2025-11-27,26100,
PROS-06373,REP-0062,Pulse Partners,1-50,Inbound Call,Cloud Compute,Q1 2026,2026-03-11,Lost,2,2026-03-26,12700,
PROS-06374,REP-0012,Atlas Solutions,1-50,Paid Marketing,AI Platform,Q4 2025,2025-12-15,Lost,5,2025-12-25,60200,
PROS-06375,REP-0097,Helix Labs,201-1000,Inbound Call,Cloud Storage,Q4 2025,2025-10-28,Dead,0,,15700,
PROS-06376,REP-0025,Atlas Solutions,201-1000,LinkedIn,Cloud Compute,Q2 2026,2026-04-02,Won,3,2026-04-24,30700,35900
PROS-06377,REP-0007,Granite Networks,201-1000,Website Inquiry,Cloud Compute,Q4 2025,2025-10-16,Lost,5,2025-11-29,39600,
PROS-06378,REP-0010,Pulse Technologies,201-1000,LinkedIn,Data Analytics,Q2 2026,2026-05-22,Lost,4,2026-06-18,35600,
PROS-06379,REP-0056,Summit Systems,201-1000,Inbound Call,Data Analytics,Q1 2026,2026-02-05,Won,4,2026-02-21,32800,31100
PROS-06380,REP-0028,Nova Systems,1-50,Cold Outreach,Cloud Compute,Q4 2025,2025-10-24,Lost,5,2025-11-08,15000,
PROS-06381,REP-0003,Pulse Dynamics,51-200,Cold Outreach,Security Suite,Q4 2025,2025-12-03,Dead,0,,28100,
PROS-06382,REP-0062,Nimbus Partners,1-50,LinkedIn,Security Suite,Q2 2026,2026-05-02,Dead,1,,19800,
PROS-06383,REP-0062,Atlas Networks,51-200,Paid Marketing,Cloud Compute,Q1 2026,2026-03-25,Dead,0,,15400,
PROS-06384,REP-0044,Vertex Systems,51-200,Conference,Cloud Compute,Q1 2026,2026-01-03,Lost,4,2026-01-10,22300,
PROS-06385,REP-0013,Sterling Works,201-1000,Website Inquiry,Data Analytics,Q4 2025,2025-10-06,Lost,4,2025-12-30,44100,
PROS-06386,REP-0081,Drift Digital,1-50,Paid Marketing,Cloud Storage,Q2 2026,2026-04-10,Dead,0,,4100,
PROS-06387,REP-0022,Vertex Solutions,1000-5000,LinkedIn,Cloud Compute,Q4 2025,2025-12-16,Dead,0,,39400,
PROS-06388,REP-0058,Beacon Industries,201-1000,Paid Marketing,AI Platform,Q4 2025,2025-10-31,Lost,2,2026-01-12,95500,
PROS-06389,REP-0097,Northgate Labs,201-1000,Website Inquiry,Cloud Compute,Q1 2026,2026-03-27,Lost,3,2026-05-15,26600,
PROS-06390,REP-0068,Atlas Holdings,201-1000,Cold Outreach,Security Suite,Q2 2026,2026-04-23,Lost,5,2026-05-13,65900,
PROS-06391,REP-0101,Nimbus Works,1000-5000,Cold Outreach,Cloud Storage,Q4 2025,2025-12-05,Dead,0,,23700,
PROS-06392,REP-0081,Wavefront Technologies,51-200,Conference,Cloud Compute,Q2 2026,2026-06-01,Open,1,,24900,
PROS-06393,REP-0088,Northgate Partners,1-50,Cold Outreach,Data Analytics,Q4 2025,2025-10-15,Lost,5,2025-11-07,13600,
PROS-06394,REP-0035,Pulse Technologies,5000+,Paid Marketing,Cloud Compute,Q4 2025,2025-11-30,Lost,4,2026-01-01,58000,
PROS-06395,REP-0028,Nova Dynamics,51-200,Inbound Call,Cloud Storage,Q4 2025,2025-11-09,Won,3,2025-11-25,9800,10800
PROS-06396,REP-0081,Lattice Dynamics,51-200,Inbound Call,Security Suite,Q4 2025,2025-12-01,Lost,5,2025-12-15,36900,
PROS-06397,REP-0109,Redshift Digital,51-200,Website Inquiry,Cloud Compute,Q1 2026,2026-01-26,Won,4,2026-02-17,32100,34200
PROS-06398,REP-0012,Ironclad Solutions,1-50,Inbound Call,Cloud Storage,Q4 2025,2025-12-19,Won,4,2026-01-06,6700,5800
PROS-06399,REP-0109,Drift Technologies,201-1000,Paid Marketing,AI Platform,Q1 2026,2026-02-07,Lost,4,2026-02-17,182100,
PROS-06400,REP-0062,Northgate Dynamics,1-50,LinkedIn,AI Platform,Q4 2025,2025-11-17,Dead,0,,36400,
PROS-06401,REP-0016,Quantum Holdings,1000-5000,Cold Outreach,Cloud Storage,Q1 2026,2026-01-18,Lost,5,2026-04-02,22700,
PROS-06402,REP-0023,Ember Technologies,201-1000,Conference,AI Platform,Q1 2026,2026-03-04,Lost,2,2026-04-23,41800,
PROS-06403,REP-0005,Nova Works,201-1000,Cold Outreach,Cloud Compute,Q2 2026,2026-05-21,Won,4,2026-05-29,25400,22900
PROS-06404,REP-0011,Ridgeline Digital,1-50,Website Inquiry,Cloud Storage,Q1 2026,2026-01-14,Lost,2,2026-01-23,6900,
PROS-06405,REP-0049,Ironclad Labs,51-200,Cold Outreach,Cloud Compute,Q1 2026,2026-03-12,Lost,4,2026-03-28,9800,
PROS-06406,REP-0046,Helix Works,201-1000,Cold Outreach,Security Suite,Q1 2026,2026-03-10,Lost,2,2026-04-14,48300,
PROS-06407,REP-0044,Atlas Partners,201-1000,Paid Marketing,Cloud Storage,Q4 2025,2025-11-30,Lost,4,2025-12-17,11100,
PROS-06408,REP-0091,Helix Works,1000-5000,LinkedIn,AI Platform,Q2 2026,2026-06-15,Won,5,2026-06-30,189800,222200
PROS-06409,REP-0041,Horizon Solutions,201-1000,LinkedIn,AI Platform,Q1 2026,2026-01-25,Lost,3,2026-02-23,93900,
PROS-06410,REP-0031,Apex Holdings,201-1000,LinkedIn,Data Analytics,Q2 2026,2026-06-18,Open,1,,45100,
PROS-06411,REP-0025,Orbit Technologies,201-1000,Cold Outreach,Data Analytics,Q1 2026,2026-03-09,Lost,4,2026-03-30,46900,
PROS-06412,REP-0005,Ironclad Group,1-50,Referral,Data Analytics,Q1 2026,2026-02-13,Dead,0,,8500,
PROS-06413,REP-0005,Redshift Digital,1-50,Paid Marketing,Cloud Compute,Q4 2025,2025-12-02,Lost,2,2025-12-11,6600,
PROS-06414,REP-0028,Anchor Industries,1-50,Website Inquiry,Cloud Compute,Q4 2025,2025-12-07,Won,4,2025-12-23,15800,14000
PROS-06415,REP-0063,Ridgeline Networks,1-50,Inbound Call,Cloud Compute,Q1 2026,2026-03-22,Lost,4,2026-04-15,11400,
PROS-06416,REP-0008,Nimbus Technologies,51-200,Conference,AI Platform,Q2 2026,2026-06-06,Open,1,,99700,
PROS-06417,REP-0044,Wavefront Labs,51-200,Paid Marketing,Data Analytics,Q4 2025,2025-12-28,Lost,5,2026-01-11,31000,
PROS-06418,REP-0012,Pulse Dynamics,1-50,Conference,Cloud Storage,Q1 2026,2026-02-14,Won,4,2026-02-25,3900,4300
PROS-06419,REP-0072,Vertex Digital,51-200,Website Inquiry,Cloud Compute,Q2 2026,2026-04-30,Lost,3,2026-06-09,14600,
PROS-06420,REP-0107,Quantum Holdings,201-1000,LinkedIn,Security Suite,Q1 2026,2026-03-18,Lost,2,2026-05-07,35600,
PROS-06421,REP-0052,Nimbus Holdings,1000-5000,Website Inquiry,Data Analytics,Q1 2026,2026-01-05,Dead,0,,79900,
PROS-06422,REP-0024,Apex Works,1-50,Conference,Cloud Storage,Q4 2025,2025-11-01,Won,2,2025-11-08,5800,5300
PROS-06423,REP-0041,Ember Works,51-200,Website Inquiry,Cloud Compute,Q1 2026,2026-03-09,Lost,5,2026-04-22,29000,
PROS-06424,REP-0083,Orbit Digital,201-1000,Inbound Call,Data Analytics,Q4 2025,2025-10-13,Won,3,2025-11-21,56300,59400
PROS-06425,REP-0086,Redshift Solutions,201-1000,Website Inquiry,Data Analytics,Q4 2025,2025-11-21,Dead,1,,28100,
PROS-06426,REP-0077,Zenith Partners,51-200,LinkedIn,Cloud Storage,Q4 2025,2025-10-27,Dead,0,,14900,
PROS-06427,REP-0005,Beacon Industries,201-1000,Paid Marketing,Cloud Storage,Q4 2025,2025-11-08,Dead,0,,14400,
PROS-06428,REP-0088,Helix Technologies,1-50,Cold Outreach,Cloud Storage,Q4 2025,2025-10-06,Won,2,2025-10-17,4500,4100
PROS-06429,REP-0022,Granite Solutions,51-200,Referral,Cloud Compute,Q1 2026,2026-02-06,Lost,3,2026-03-16,15700,
PROS-06430,REP-0082,Pulse Digital,201-1000,Cold Outreach,Data Analytics,Q1 2026,2026-03-30,Dead,0,,22500,
PROS-06431,REP-0072,Redshift Solutions,1000-5000,Website Inquiry,Cloud Compute,Q4 2025,2025-10-03,Lost,2,2025-11-20,41400,
PROS-06432,REP-0100,Beacon Partners,201-1000,Paid Marketing,Cloud Storage,Q1 2026,2026-02-05,Won,5,2026-03-05,8800,9000
PROS-06433,REP-0022,Nova Systems,201-1000,Cold Outreach,Cloud Compute,Q1 2026,2026-01-05,Lost,5,2026-02-23,33900,
PROS-06434,REP-0074,Granite Group,201-1000,Cold Outreach,Cloud Compute,Q2 2026,2026-05-26,Dead,2,,24000,
PROS-06435,REP-0025,Ridgeline Dynamics,201-1000,Inbound Call,AI Platform,Q2 2026,2026-04-02,Lost,5,2026-04-27,70400,
PROS-06436,REP-0104,Anchor Works,1000-5000,Paid Marketing,Cloud Storage,Q4 2025,2025-10-07,Lost,4,2025-12-07,17700,
PROS-06437,REP-0066,Wavefront Works,201-1000,Paid Marketing,Data Analytics,Q1 2026,2026-02-12,Lost,3,2026-03-04,27600,
PROS-06438,REP-0021,Vantage Group,1-50,Conference,Cloud Compute,Q4 2025,2025-11-01,Lost,4,2025-11-21,9000,
PROS-06439,REP-0032,Zenith Networks,5000+,Paid Marketing,Cloud Storage,Q2 2026,2026-05-11,Dead,0,,36900,
PROS-06440,REP-0089,Ember Labs,1-50,Paid Marketing,AI Platform,Q2 2026,2026-04-05,Dead,0,,34000,
PROS-06441,REP-0069,Pulse Systems,201-1000,Cold Outreach,AI Platform,Q2 2026,2026-04-04,Lost,5,2026-05-06,62700,
PROS-06442,REP-0070,Ironclad Systems,201-1000,Website Inquiry,Cloud Storage,Q1 2026,2026-01-13,Dead,0,,20600,
PROS-06443,REP-0110,Atlas Labs,201-1000,Website Inquiry,Cloud Storage,Q2 2026,2026-04-21,Dead,0,,13400,
PROS-06444,REP-0089,Lattice Networks,201-1000,Paid Marketing,AI Platform,Q1 2026,2026-02-02,Dead,0,,101700,
PROS-06445,REP-0079,Orbit Works,1-50,Conference,AI Platform,Q2 2026,2026-04-21,Lost,5,2026-05-16,25700,
PROS-06446,REP-0075,Beacon Partners,1000-5000,Paid Marketing,Cloud Storage,Q2 2026,2026-04-12,Lost,4,2026-05-27,26000,
PROS-06447,REP-0015,Cobalt Works,51-200,Inbound Call,Cloud Storage,Q4 2025,2025-11-29,Lost,5,2025-12-17,9300,
PROS-06448,REP-0091,Zenith Labs,201-1000,Website Inquiry,AI Platform,Q2 2026,2026-05-09,Won,3,2026-06-22,94800,92100
PROS-06449,REP-0103,Catalyst Technologies,1-50,Referral,Cloud Storage,Q2 2026,2026-05-10,Won,3,2026-05-21,3500,3900
PROS-06450,REP-0056,Pulse Solutions,1-50,Website Inquiry,Cloud Storage,Q1 2026,2026-01-31,Won,3,2026-02-11,7600,7800
PROS-06451,REP-0089,Summit Works,51-200,Inbound Call,AI Platform,Q2 2026,2026-06-06,Open,1,,29500,
PROS-06452,REP-0036,Atlas Technologies,201-1000,LinkedIn,Data Analytics,Q4 2025,2025-10-24,Lost,2,2025-11-14,36500,
PROS-06453,REP-0052,Pulse Networks,1000-5000,Inbound Call,Cloud Storage,Q4 2025,2025-12-11,Won,6,2026-03-04,28100,25900
PROS-06454,REP-0016,Ironclad Industries,201-1000,Inbound Call,Security Suite,Q1 2026,2026-03-14,Won,7,2026-04-22,93700,99700
PROS-06455,REP-0030,Vantage Dynamics,5000+,Website Inquiry,Cloud Compute,Q2 2026,2026-06-26,Lost,4,2026-06-27,50700,
PROS-06456,REP-0064,Apex Partners,1000-5000,Paid Marketing,AI Platform,Q2 2026,2026-06-25,Lost,5,2026-06-28,122300,
PROS-06457,REP-0042,Beacon Networks,1-50,Paid Marketing,Cloud Storage,Q4 2025,2025-11-07,Lost,5,2025-12-02,5500,
PROS-06458,REP-0049,Vertex Solutions,201-1000,Cold Outreach,Security Suite,Q2 2026,2026-05-30,Open,1,,63000,
PROS-06459,REP-0070,Solace Group,51-200,Paid Marketing,Cloud Compute,Q1 2026,2026-01-24,Lost,3,2026-02-27,28100,
PROS-06460,REP-0102,Ridgeline Holdings,201-1000,Inbound Call,Security Suite,Q2 2026,2026-06-25,Open,0,,46300,
PROS-06461,REP-0047,Ember Digital,201-1000,Cold Outreach,Cloud Storage,Q2 2026,2026-06-09,Open,1,,10700,
PROS-06462,REP-0038,Ridgeline Solutions,201-1000,Cold Outreach,Cloud Storage,Q1 2026,2026-01-14,Lost,3,2026-01-31,9900,
PROS-06463,REP-0059,Quantum Solutions,201-1000,Referral,Data Analytics,Q1 2026,2026-03-03,Dead,0,,38300,
PROS-06464,REP-0056,Northgate Group,201-1000,Paid Marketing,Data Analytics,Q4 2025,2025-11-28,Lost,2,2025-12-21,45200,
PROS-06465,REP-0044,Meridian Technologies,1-50,Paid Marketing,Security Suite,Q1 2026,2026-01-31,Lost,4,2026-02-18,30500,
PROS-06466,REP-0089,Granite Industries,51-200,Inbound Call,Cloud Storage,Q4 2025,2025-12-10,Lost,3,2025-12-30,12800,
PROS-06467,REP-0003,Redshift Digital,51-200,LinkedIn,Security Suite,Q1 2026,2026-03-18,Lost,2,2026-03-26,20900,
PROS-06468,REP-0060,Wavefront Dynamics,5000+,Cold Outreach,Security Suite,Q2 2026,2026-04-23,Dead,0,,237800,
PROS-06469,REP-0003,Beacon Industries,1-50,Inbound Call,Cloud Compute,Q1 2026,2026-02-24,Dead,1,,14400,
PROS-06470,REP-0055,Horizon Technologies,5000+,Cold Outreach,Cloud Compute,Q2 2026,2026-06-25,Open,0,,37600,
PROS-06471,REP-0071,Cobalt Digital,201-1000,Paid Marketing,Cloud Storage,Q1 2026,2026-02-20,Dead,0,,18100,
PROS-06472,REP-0036,Drift Labs,1000-5000,Inbound Call,Data Analytics,Q4 2025,2025-12-05,Dead,0,,87400,
PROS-06473,REP-0084,Fusion Networks,1000-5000,Paid Marketing,Cloud Compute,Q2 2026,2026-04-27,Dead,0,,23200,
PROS-06474,REP-0003,Cobalt Networks,51-200,Website Inquiry,Cloud Storage,Q4 2025,2025-12-17,Lost,4,2026-01-04,7100,
PROS-06475,REP-0064,Catalyst Works,201-1000,Paid Marketing,AI Platform,Q4 2025,2025-10-17,Won,5,2025-11-22,47300,51300
PROS-06476,REP-0008,Vantage Dynamics,51-200,Cold Outreach,Security Suite,Q4 2025,2025-12-26,Lost,5,2026-02-07,40100,
PROS-06477,REP-0096,Pulse Systems,1-50,Website Inquiry,Cloud Compute,Q2 2026,2026-04-24,Lost,5,2026-05-13,12300,
PROS-06478,REP-0109,Vertex Holdings,51-200,Inbound Call,AI Platform,Q2 2026,2026-06-05,Open,0,,53600,
PROS-06479,REP-0026,Helix Networks,201-1000,Referral,Cloud Storage,Q2 2026,2026-06-19,Open,2,,9400,
PROS-06480,REP-0097,Atlas Systems,201-1000,Paid Marketing,Data Analytics,Q4 2025,2025-11-27,Won,6,2026-01-04,67500,66100
PROS-06481,REP-0030,Ironclad Dynamics,1000-5000,Website Inquiry,Cloud Compute,Q2 2026,2026-04-04,Dead,0,,28100,
PROS-06482,REP-0022,Redshift Networks,201-1000,Inbound Call,Data Analytics,Q2 2026,2026-06-18,Open,1,,34900,
PROS-06483,REP-0071,Apex Networks,51-200,Inbound Call,Security Suite,Q1 2026,2026-01-17,Lost,2,2026-02-18,36000,
PROS-06484,REP-0016,Solace Networks,5000+,Inbound Call,Data Analytics,Q1 2026,2026-02-26,Lost,4,2026-05-08,110700,
PROS-06485,REP-0042,Helix Industries,1-50,Inbound Call,Cloud Compute,Q4 2025,2025-12-05,Dead,1,,10900,
PROS-06486,REP-0036,Ember Holdings,1000-5000,Paid Marketing,Cloud Storage,Q4 2025,2025-10-11,Lost,3,2025-11-05,34100,
PROS-06487,REP-0069,Beacon Networks,201-1000,Website Inquiry,Security Suite,Q1 2026,2026-02-04,Dead,0,,69400,
PROS-06488,REP-0062,Pulse Systems,201-1000,LinkedIn,Security Suite,Q2 2026,2026-06-29,Lost,3,2026-06-27,28100,
PROS-06489,REP-0021,Lattice Digital,1-50,Paid Marketing,Security Suite,Q4 2025,2025-10-17,Dead,0,,16700,
PROS-06490,REP-0046,Nova Holdings,201-1000,Cold Outreach,Data Analytics,Q4 2025,2025-10-14,Dead,0,,35200,
PROS-06491,REP-0015,Lattice Networks,1-50,Website Inquiry,AI Platform,Q2 2026,2026-04-15,Lost,4,2026-04-25,30100,
PROS-06492,REP-0032,Nimbus Digital,5000+,Website Inquiry,Cloud Storage,Q4 2025,2025-11-23,Lost,2,2026-02-19,49500,
PROS-06493,REP-0003,Apex Group,1-50,Paid Marketing,Security Suite,Q2 2026,2026-05-28,Open,0,,26400,
PROS-06494,REP-0051,Vantage Works,1000-5000,Website Inquiry,Cloud Compute,Q1 2026,2026-02-13,Dead,0,,44300,
PROS-06495,REP-0028,Orbit Dynamics,1-50,Paid Marketing,AI Platform,Q2 2026,2026-06-05,Open,1,,57700,
PROS-06496,REP-0088,Ridgeline Technologies,1-50,Paid Marketing,Cloud Compute,Q1 2026,2026-01-11,Lost,5,2026-01-25,10800,
PROS-06497,REP-0010,Fusion Networks,201-1000,Paid Marketing,AI Platform,Q1 2026,2026-03-08,Lost,3,2026-03-24,77900,
PROS-06498,REP-0043,Summit Holdings,201-1000,Paid Marketing,AI Platform,Q2 2026,2026-05-05,Lost,4,2026-05-30,125500,
PROS-06499,REP-0036,Drift Group,201-1000,Referral,Cloud Storage,Q2 2026,2026-06-20,Open,1,,15700,
PROS-06500,REP-0024,Atlas Industries,51-200,Paid Marketing,Data Analytics,Q4 2025,2025-10-20,Lost,5,2025-10-27,13800,
PROS-06501,REP-0038,Sterling Group,51-200,Paid Marketing,Cloud Storage,Q4 2025,2025-12-25,Dead,0,,13800,
PROS-06502,REP-0029,Drift Technologies,51-200,Website Inquiry,Cloud Compute,Q1 2026,2026-02-07,Lost,2,2026-03-09,17900,
PROS-06503,REP-0103,Anchor Dynamics,1-50,Website Inquiry,Cloud Compute,Q1 2026,2026-02-02,Lost,4,2026-02-12,14800,
PROS-06504,REP-0015,Atlas Networks,51-200,Paid Marketing,Data Analytics,Q2 2026,2026-06-11,Lost,2,2026-06-30,18100,
PROS-06505,REP-0053,Atlas Digital,1-50,Paid Marketing,Cloud Storage,Q2 2026,2026-05-31,Open,1,,5000,
PROS-06506,REP-0038,Granite Networks,201-1000,LinkedIn,Cloud Compute,Q4 2025,2025-12-16,Lost,2,2026-01-08,16000,
PROS-06507,REP-0096,Helix Holdings,201-1000,Website Inquiry,Cloud Compute,Q1 2026,2026-02-27,Won,4,2026-03-20,27200,23300
PROS-06508,REP-0007,Sterling Partners,51-200,Cold Outreach,AI Platform,Q2 2026,2026-05-10,Lost,4,2026-06-03,57700,
PROS-06509,REP-0071,Ridgeline Industries,201-1000,Paid Marketing,AI Platform,Q1 2026,2026-03-29,Lost,3,2026-05-02,110800,
PROS-06510,REP-0081,Meridian Industries,51-200,Inbound Call,Data Analytics,Q1 2026,2026-02-01,Lost,5,2026-02-15,29100,
PROS-06511,REP-0006,Anchor Technologies,5000+,Referral,Cloud Storage,Q2 2026,2026-04-07,Dead,2,,45000,
PROS-06512,REP-0007,Anchor Technologies,201-1000,Inbound Call,Cloud Compute,Q4 2025,2025-10-19,Dead,0,,28000,
PROS-06513,REP-0012,Sterling Works,1-50,Cold Outreach,Cloud Compute,Q1 2026,2026-02-01,Dead,0,,18400,
PROS-06514,REP-0034,Northgate Group,51-200,Website Inquiry,Cloud Compute,Q1 2026,2026-02-26,Lost,5,2026-04-16,19500,
PROS-06515,REP-0061,Anchor Group,5000+,Conference,Security Suite,Q2 2026,2026-05-16,Won,4,2026-06-24,124700,126400
PROS-06516,REP-0032,Pulse Holdings,1000-5000,Cold Outreach,Data Analytics,Q1 2026,2026-01-13,Dead,1,,71000,
PROS-06517,REP-0047,Ember Solutions,201-1000,Conference,Cloud Compute,Q2 2026,2026-05-20,Lost,5,2026-06-16,27600,
PROS-06518,REP-0087,Meridian Dynamics,1000-5000,Paid Marketing,Security Suite,Q4 2025,2025-12-08,Lost,2,2026-01-04,76800,
PROS-06519,REP-0100,Helix Systems,201-1000,Conference,AI Platform,Q4 2025,2025-12-29,Dead,0,,75300,
PROS-06520,REP-0025,Orbit Technologies,201-1000,Paid Marketing,Data Analytics,Q1 2026,2026-02-15,Lost,5,2026-03-06,41300,
PROS-06521,REP-0070,Lattice Industries,51-200,Conference,Security Suite,Q1 2026,2026-03-23,Lost,5,2026-05-07,34000,
PROS-06522,REP-0008,Meridian Systems,201-1000,Inbound Call,AI Platform,Q4 2025,2025-11-18,Won,6,2025-12-05,90200,89900
PROS-06523,REP-0014,Fusion Dynamics,201-1000,Conference,AI Platform,Q1 2026,2026-03-01,Lost,2,2026-03-20,99400,
PROS-06524,REP-0109,Meridian Works,1-50,Cold Outreach,Data Analytics,Q1 2026,2026-01-24,Lost,5,2026-02-04,20500,
PROS-06525,REP-0099,Beacon Works,1000-5000,Paid Marketing,Cloud Compute,Q4 2025,2025-10-24,Lost,3,2025-11-16,51400,
PROS-06526,REP-0083,Lattice Holdings,201-1000,Website Inquiry,Cloud Storage,Q1 2026,2026-01-20,Lost,3,2026-02-25,19700,
PROS-06527,REP-0007,Cobalt Labs,1000-5000,Conference,AI Platform,Q2 2026,2026-04-18,Lost,2,2026-06-04,116900,
PROS-06528,REP-0081,Lattice Digital,1-50,Paid Marketing,Cloud Storage,Q2 2026,2026-05-09,Dead,1,,4200,
PROS-06529,REP-0018,Orbit Technologies,1000-5000,Cold Outreach,AI Platform,Q2 2026,2026-06-05,Open,0,,119200,
PROS-06530,REP-0083,Ember Works,201-1000,Cold Outreach,Data Analytics,Q4 2025,2025-11-30,Lost,4,2026-01-15,21200,
PROS-06531,REP-0067,Zenith Networks,1000-5000,Website Inquiry,Security Suite,Q2 2026,2026-05-09,Lost,3,2026-06-27,139800,
PROS-06532,REP-0042,Apex Solutions,1-50,LinkedIn,AI Platform,Q2 2026,2026-04-23,Lost,4,2026-05-10,52800,
PROS-06533,REP-0043,Helix Networks,201-1000,Paid Marketing,Data Analytics,Q2 2026,2026-06-06,Open,2,,55600,
PROS-06534,REP-0008,Solace Labs,201-1000,Conference,AI Platform,Q2 2026,2026-04-10,Won,5,2026-05-14,65000,77200
PROS-06535,REP-0034,Vantage Works,51-200,Cold Outreach,Cloud Storage,Q1 2026,2026-03-04,Lost,4,2026-03-29,5700,
PROS-06536,REP-0067,Catalyst Technologies,1000-5000,Paid Marketing,Data Analytics,Q4 2025,2025-11-21,Lost,5,2026-01-30,41900,
PROS-06537,REP-0081,Redshift Industries,51-200,Paid Marketing,AI Platform,Q4 2025,2025-10-06,Lost,4,2025-10-13,74700,
PROS-06538,REP-0062,Drift Labs,51-200,Cold Outreach,Cloud Compute,Q2 2026,2026-06-16,Open,1,,9300,
PROS-06539,REP-0015,Zenith Networks,51-200,Website Inquiry,AI Platform,Q2 2026,2026-05-22,Lost,2,2026-06-09,46300,
PROS-06540,REP-0020,Meridian Digital,5000+,Paid Marketing,Cloud Storage,Q1 2026,2026-01-28,Lost,3,2026-03-22,38600,
PROS-06541,REP-0100,Fusion Digital,51-200,Cold Outreach,AI Platform,Q1 2026,2026-01-01,Dead,0,,49700,
PROS-06542,REP-0005,Vertex Works,1-50,Inbound Call,Cloud Compute,Q1 2026,2026-01-17,Dead,0,,7200,
PROS-06543,REP-0042,Granite Solutions,1-50,Paid Marketing,AI Platform,Q1 2026,2026-02-19,Lost,3,2026-03-03,36300,
PROS-06544,REP-0098,Zenith Digital,51-200,Inbound Call,Data Analytics,Q4 2025,2025-12-25,Dead,0,,40600,
PROS-06545,REP-0086,Horizon Networks,201-1000,Inbound Call,Cloud Storage,Q4 2025,2025-11-20,Won,5,2025-12-25,14300,13100
PROS-06546,REP-0056,Redshift Solutions,51-200,Cold Outreach,Security Suite,Q4 2025,2025-10-26,Dead,0,,64800,
PROS-06547,REP-0022,Cobalt Networks,51-200,Inbound Call,Cloud Compute,Q4 2025,2025-12-07,Dead,1,,12800,
PROS-06548,REP-0072,Vertex Systems,201-1000,Paid Marketing,AI Platform,Q1 2026,2026-03-15,Dead,2,,102100,
PROS-06549,REP-0004,Vantage Works,51-200,Cold Outreach,Data Analytics,Q2 2026,2026-05-14,Won,2,2026-05-30,33700,29300
PROS-06550,REP-0007,Orbit Labs,201-1000,LinkedIn,Data Analytics,Q2 2026,2026-05-30,Open,2,,54000,
PROS-06551,REP-0049,Nova Digital,201-1000,Paid Marketing,AI Platform,Q2 2026,2026-06-22,Open,0,,43700,
PROS-06552,REP-0065,Cobalt Group,201-1000,Paid Marketing,Security Suite,Q1 2026,2026-02-11,Lost,3,2026-03-08,68900,
PROS-06553,REP-0047,Nova Solutions,51-200,Website Inquiry,Data Analytics,Q4 2025,2025-11-28,Dead,0,,34000,
PROS-06554,REP-0098,Northgate Digital,51-200,Cold Outreach,AI Platform,Q2 2026,2026-05-26,Lost,5,2026-06-15,70700,
PROS-06555,REP-0054,Cobalt Holdings,201-1000,LinkedIn,Cloud Storage,Q4 2025,2025-10-19,Lost,3,2025-11-09,13800,
PROS-06556,REP-0013,Wavefront Technologies,1000-5000,Conference,Cloud Storage,Q4 2025,2025-10-17,Lost,3,2025-12-21,19900,
PROS-06557,REP-0050,Helix Systems,1000-5000,Paid Marketing,Cloud Storage,Q1 2026,2026-01-08,Lost,2,2026-04-02,13100,
PROS-06558,REP-0025,Drift Solutions,1000-5000,LinkedIn,Cloud Storage,Q2 2026,2026-04-17,Won,3,2026-05-12,24000,20900
PROS-06559,REP-0047,Vantage Industries,201-1000,Conference,Cloud Compute,Q4 2025,2025-10-02,Dead,0,,26400,
PROS-06560,REP-0049,Vertex Networks,201-1000,Inbound Call,Data Analytics,Q1 2026,2026-01-01,Lost,3,2026-01-22,29000,
PROS-06561,REP-0035,Drift Dynamics,201-1000,Cold Outreach,Cloud Compute,Q1 2026,2026-01-30,Lost,3,2026-03-26,38200,
PROS-06562,REP-0056,Vantage Labs,201-1000,Paid Marketing,Cloud Compute,Q4 2025,2025-12-31,Lost,3,2026-01-18,29400,
PROS-06563,REP-0053,Pulse Networks,1-50,Paid Marketing,Cloud Storage,Q2 2026,2026-04-05,Lost,5,2026-04-19,6700,
PROS-06564,REP-0105,Wavefront Partners,201-1000,Website Inquiry,Cloud Compute,Q2 2026,2026-05-12,Lost,5,2026-06-19,26300,
PROS-06565,REP-0095,Nova Systems,1-50,LinkedIn,Cloud Storage,Q1 2026,2026-02-27,Dead,0,,10500,
PROS-06566,REP-0107,Ember Works,201-1000,Paid Marketing,Security Suite,Q2 2026,2026-06-10,Open,0,,60800,
PROS-06567,REP-0002,Redshift Group,201-1000,Website Inquiry,AI Platform,Q2 2026,2026-05-13,Lost,4,2026-06-30,61700,
PROS-06568,REP-0065,Nova Systems,1000-5000,Website Inquiry,AI Platform,Q2 2026,2026-06-04,Open,0,,158600,
PROS-06569,REP-0096,Horizon Networks,1-50,Inbound Call,Cloud Compute,Q4 2025,2025-10-30,Dead,0,,7200,
PROS-06570,REP-0086,Catalyst Industries,201-1000,Paid Marketing,Cloud Compute,Q1 2026,2026-02-25,Dead,0,,21200,
PROS-06571,REP-0039,Lattice Dynamics,5000+,LinkedIn,Data Analytics,Q2 2026,2026-04-27,Dead,0,,109400,
PROS-06572,REP-0013,Solace Networks,201-1000,Website Inquiry,Data Analytics,Q1 2026,2026-02-15,Lost,5,2026-04-23,34500,
PROS-06573,REP-0042,Helix Solutions,51-200,Paid Marketing,Cloud Storage,Q4 2025,2025-12-10,Lost,2,2025-12-18,9300,
PROS-06574,REP-0034,Vantage Dynamics,51-200,Cold Outreach,Cloud Compute,Q2 2026,2026-05-11,Dead,1,,24700,
PROS-06575,REP-0062,Atlas Dynamics,51-200,Conference,Data Analytics,Q1 2026,2026-02-15,Lost,3,2026-02-25,20200,
PROS-06576,REP-0109,Pulse Technologies,51-200,Paid Marketing,AI Platform,Q1 2026,2026-02-05,Lost,4,2026-02-15,36600,
PROS-06577,REP-0007,Helix Technologies,51-200,LinkedIn,Security Suite,Q4 2025,2025-12-24,Lost,5,2026-02-03,25300,
PROS-06578,REP-0005,Northgate Dynamics,1-50,LinkedIn,Cloud Compute,Q1 2026,2026-03-23,Lost,2,2026-03-30,11200,
PROS-06579,REP-0108,Zenith Systems,1-50,Conference,AI Platform,Q2 2026,2026-05-15,Dead,0,,41800,
PROS-06580,REP-0027,Vertex Solutions,1000-5000,Cold Outreach,Data Analytics,Q4 2025,2025-10-30,Lost,4,2025-11-30,52000,
PROS-06581,REP-0040,Vantage Networks,1000-5000,Paid Marketing,Security Suite,Q2 2026,2026-06-12,Open,1,,65800,
PROS-06582,REP-0022,Zenith Labs,201-1000,Paid Marketing,Data Analytics,Q2 2026,2026-04-10,Lost,3,2026-05-25,35300,
PROS-06583,REP-0059,Anchor Systems,201-1000,Website Inquiry,Data Analytics,Q1 2026,2026-01-06,Lost,4,2026-01-13,52200,
PROS-06584,REP-0083,Horizon Systems,51-200,Paid Marketing,Cloud Storage,Q2 2026,2026-04-14,Lost,5,2026-04-29,16000,
PROS-06585,REP-0102,Lattice Holdings,201-1000,LinkedIn,Cloud Compute,Q1 2026,2026-03-11,Dead,0,,17000,
PROS-06586,REP-0099,Nova Systems,201-1000,Inbound Call,AI Platform,Q2 2026,2026-06-10,Open,1,,141200,
PROS-06587,REP-0024,Helix Partners,201-1000,Cold Outreach,Cloud Compute,Q4 2025,2025-11-13,Dead,2,,18700,
PROS-06588,REP-0074,Orbit Partners,51-200,Inbound Call,Cloud Storage,Q2 2026,2026-04-19,Lost,3,2026-05-31,6300,
PROS-06589,REP-0079,Apex Industries,51-200,Referral,Cloud Storage,Q2 2026,2026-05-02,Lost,2,2026-05-20,11000,
PROS-06590,REP-0086,Northgate Dynamics,51-200,Website Inquiry,AI Platform,Q1 2026,2026-02-04,Lost,2,2026-02-27,41000,
PROS-06591,REP-0107,Zenith Digital,201-1000,Paid Marketing,AI Platform,Q2 2026,2026-04-08,Dead,0,,153500,
PROS-06592,REP-0061,Granite Dynamics,1000-5000,Referral,AI Platform,Q2 2026,2026-04-24,Dead,0,,199800,
PROS-06593,REP-0038,Horizon Labs,201-1000,LinkedIn,Cloud Compute,Q2 2026,2026-04-27,Lost,2,2026-05-29,18000,
PROS-06594,REP-0081,Catalyst Digital,1-50,Inbound Call,AI Platform,Q1 2026,2026-01-22,Lost,3,2026-02-04,60800,
PROS-06595,REP-0098,Ironclad Networks,51-200,LinkedIn,Cloud Storage,Q2 2026,2026-06-22,Open,2,,12000,
PROS-06596,REP-0037,Nova Labs,201-1000,Paid Marketing,Cloud Compute,Q4 2025,2025-11-11,Dead,0,,35300,
PROS-06597,REP-0040,Granite Digital,201-1000,Website Inquiry,Data Analytics,Q1 2026,2026-02-13,Dead,1,,62100,
PROS-06598,REP-0080,Solace Works,201-1000,Cold Outreach,Cloud Compute,Q1 2026,2026-03-17,Lost,4,2026-04-12,34600,
PROS-06599,REP-0078,Catalyst Solutions,201-1000,Referral,Data Analytics,Q2 2026,2026-04-27,Dead,0,,43200,
PROS-06600,REP-0096,Nimbus Systems,1-50,Cold Outreach,Cloud Compute,Q4 2025,2025-11-21,Lost,4,2025-12-10,11400,
PROS-06601,REP-0011,Ironclad Labs,1-50,Cold Outreach,Security Suite,Q4 2025,2025-11-25,Won,2,2025-12-19,20100,18300
PROS-06602,REP-0009,Horizon Labs,201-1000,LinkedIn,Data Analytics,Q1 2026,2026-03-17,Lost,3,2026-05-08,34400,
PROS-06603,REP-0037,Ember Industries,201-1000,Cold Outreach,Cloud Storage,Q4 2025,2025-12-13,Lost,2,2026-01-15,13000,
PROS-06604,REP-0066,Meridian Works,51-200,LinkedIn,Cloud Compute,Q1 2026,2026-01-08,Lost,5,2026-02-15,20000,
PROS-06605,REP-0094,Helix Industries,51-200,Website Inquiry,Cloud Compute,Q2 2026,2026-06-28,Open,2,,25500,
PROS-06606,REP-0005,Fusion Labs,1-50,Paid Marketing,Cloud Compute,Q2 2026,2026-04-30,Lost,4,2026-05-16,11800,
PROS-06607,REP-0003,Zenith Technologies,1-50,Cold Outreach,Cloud Compute,Q1 2026,2026-01-22,Lost,5,2026-02-01,13900,
PROS-06608,REP-0089,Nimbus Group,1-50,Website Inquiry,Security Suite,Q1 2026,2026-02-17,Lost,2,2026-03-03,23600,
PROS-06609,REP-0064,Pulse Technologies,201-1000,Paid Marketing,AI Platform,Q4 2025,2025-10-16,Dead,0,,99500,
PROS-06610,REP-0058,Redshift Technologies,5000+,Website Inquiry,Cloud Storage,Q1 2026,2026-03-26,Dead,1,,30500,
PROS-06611,REP-0081,Vantage Holdings,1-50,Referral,AI Platform,Q4 2025,2025-10-15,Dead,0,,50100,
PROS-06612,REP-0089,Nova Networks,1-50,Conference,Security Suite,Q4 2025,2025-11-30,Dead,0,,13200,
PROS-06613,REP-0046,Pulse Works,201-1000,Conference,Cloud Storage,Q2 2026,2026-05-15,Won,4,2026-06-20,16000,14500
PROS-06614,REP-0056,Anchor Digital,51-200,Website Inquiry,Cloud Compute,Q1 2026,2026-03-25,Dead,0,,20500,
PROS-06615,REP-0049,Meridian Holdings,51-200,Referral,Cloud Compute,Q1 2026,2026-03-17,Dead,0,,10700,
PROS-06616,REP-0041,Ember Digital,1000-5000,Conference,Security Suite,Q1 2026,2026-02-26,Lost,4,2026-03-22,77700,
PROS-06617,REP-0052,Meridian Partners,5000+,Cold Outreach,Cloud Storage,Q4 2025,2025-10-05,Won,5,2025-11-25,40800,45400
PROS-06618,REP-0031,Drift Dynamics,51-200,Website Inquiry,Cloud Storage,Q2 2026,2026-04-24,Won,4,2026-06-12,6100,6600
PROS-06619,REP-0023,Atlas Holdings,1000-5000,Inbound Call,AI Platform,Q2 2026,2026-04-19,Dead,0,,189300,
PROS-06620,REP-0038,Ridgeline Systems,201-1000,LinkedIn,Security Suite,Q2 2026,2026-06-09,Open,1,,75000,
PROS-06621,REP-0036,Vantage Digital,201-1000,Inbound Call,Cloud Storage,Q2 2026,2026-04-25,Dead,0,,20800,
PROS-06622,REP-0027,Drift Networks,1000-5000,Conference,Data Analytics,Q1 2026,2026-02-20,Won,5,2026-05-18,53900,57300
PROS-06623,REP-0004,Zenith Technologies,51-200,Paid Marketing,Cloud Storage,Q1 2026,2026-03-31,Lost,5,2026-04-20,14200,
PROS-06624,REP-0071,Sterling Solutions,201-1000,Cold Outreach,Cloud Storage,Q4 2025,2025-10-05,Dead,0,,14000,
PROS-06625,REP-0057,Solace Digital,1000-5000,Cold Outreach,Data Analytics,Q4 2025,2025-10-10,Lost,3,2025-12-25,46600,
PROS-06626,REP-0087,Northgate Works,51-200,Paid Marketing,AI Platform,Q2 2026,2026-04-02,Lost,3,2026-05-07,71300,
PROS-06627,REP-0042,Drift Works,51-200,Paid Marketing,Cloud Storage,Q1 2026,2026-01-09,Dead,2,,6400,
PROS-06628,REP-0028,Helix Technologies,1-50,Cold Outreach,Data Analytics,Q2 2026,2026-05-06,Lost,5,2026-05-17,11600,
PROS-06629,REP-0036,Quantum Networks,201-1000,Inbound Call,Cloud Compute,Q1 2026,2026-02-05,Won,6,2026-03-11,42200,37800
PROS-06630,REP-0003,Wavefront Works,51-200,Referral,Cloud Storage,Q2 2026,2026-04-04,Dead,1,,7500,
PROS-06631,REP-0059,Ember Dynamics,1-50,Conference,Security Suite,Q4 2025,2025-11-21,Dead,1,,37100,
PROS-06632,REP-0090,Zenith Partners,1000-5000,Website Inquiry,Cloud Storage,Q2 2026,2026-06-14,Open,1,,27800,
PROS-06633,REP-0044,Anchor Industries,201-1000,Inbound Call,AI Platform,Q1 2026,2026-02-05,Won,2,2026-02-28,59100,57800
PROS-06634,REP-0081,Orbit Partners,1-50,Paid Marketing,Cloud Compute,Q2 2026,2026-06-22,Open,1,,6500,
PROS-06635,REP-0083,Beacon Technologies,51-200,Website Inquiry,Cloud Compute,Q4 2025,2025-12-18,Dead,1,,20700,
PROS-06636,REP-0016,Nimbus Technologies,5000+,Website Inquiry,Security Suite,Q2 2026,2026-06-23,Open,1,,112200,
PROS-06637,REP-0096,Sterling Technologies,51-200,Website Inquiry,AI Platform,Q2 2026,2026-05-18,Lost,4,2026-06-04,67400,
PROS-06638,REP-0076,Zenith Systems,1-50,Paid Marketing,AI Platform,Q4 2025,2025-10-22,Dead,1,,28300,
PROS-06639,REP-0109,Summit Works,1-50,Inbound Call,Cloud Storage,Q4 2025,2025-11-10,Dead,1,,7000,
PROS-06640,REP-0035,Zenith Group,1000-5000,Paid Marketing,Cloud Storage,Q4 2025,2025-12-12,Lost,2,2026-02-02,24000,
PROS-06641,REP-0092,Wavefront Technologies,5000+,Cold Outreach,AI Platform,Q1 2026,2026-03-30,Lost,4,2026-04-30,228200,
PROS-06642,REP-0001,Anchor Holdings,1000-5000,Paid Marketing,Cloud Compute,Q4 2025,2025-12-20,Won,6,2026-01-23,52200,48200
PROS-06643,REP-0038,Nimbus Partners,1000-5000,Conference,Cloud Storage,Q1 2026,2026-02-21,Dead,0,,20100,
PROS-06644,REP-0063,Fusion Works,1-50,Inbound Call,AI Platform,Q1 2026,2026-03-01,Lost,3,2026-03-09,35200,
PROS-06645,REP-0100,Redshift Works,201-1000,Cold Outreach,Cloud Compute,Q1 2026,2026-01-11,Lost,3,2026-02-05,23400,
PROS-06646,REP-0053,Solace Systems,51-200,Cold Outreach,Cloud Compute,Q2 2026,2026-05-08,Lost,5,2026-05-24,19800,
PROS-06647,REP-0077,Apex Solutions,51-200,Cold Outreach,AI Platform,Q1 2026,2026-03-25,Dead,0,,53100,
PROS-06648,REP-0097,Solace Partners,201-1000,Referral,AI Platform,Q4 2025,2025-10-07,Won,5,2025-10-30,55000,49000
PROS-06649,REP-0080,Vantage Technologies,201-1000,Cold Outreach,AI Platform,Q2 2026,2026-04-18,Dead,0,,131100,
PROS-06650,REP-0025,Apex Technologies,51-200,Cold Outreach,Security Suite,Q1 2026,2026-03-12,Dead,1,,45700,
PROS-06651,REP-0105,Pulse Works,201-1000,Website Inquiry,Data Analytics,Q2 2026,2026-06-19,Open,1,,42300,
PROS-06652,REP-0107,Helix Partners,201-1000,Website Inquiry,Cloud Storage,Q2 2026,2026-04-05,Dead,1,,22700,
PROS-06653,REP-0033,Meridian Dynamics,1000-5000,Inbound Call,Cloud Compute,Q1 2026,2026-03-05,Dead,0,,31800,
PROS-06654,REP-0056,Vantage Digital,1-50,Cold Outreach,Cloud Storage,Q1 2026,2026-01-31,Lost,3,2026-02-10,3900,
PROS-06655,REP-0108,Fusion Networks,1-50,Website Inquiry,Cloud Compute,Q4 2025,2025-11-27,Lost,5,2025-12-16,8800,
PROS-06656,REP-0077,Vertex Solutions,1-50,Conference,AI Platform,Q2 2026,2026-04-16,Dead,0,,42700,
PROS-06657,REP-0056,Cobalt Solutions,51-200,Paid Marketing,Cloud Compute,Q1 2026,2026-03-02,Lost,5,2026-03-26,23000,
PROS-06658,REP-0068,Lattice Solutions,201-1000,Website Inquiry,Data Analytics,Q2 2026,2026-06-01,Open,2,,35700,
PROS-06659,REP-0096,Northgate Labs,51-200,Conference,AI Platform,Q4 2025,2025-10-26,Lost,2,2025-11-20,34800,
PROS-06660,REP-0073,Lattice Solutions,201-1000,Paid Marketing,AI Platform,Q1 2026,2026-02-07,Dead,0,,41100,
PROS-06661,REP-0091,Anchor Technologies,201-1000,Paid Marketing,Cloud Storage,Q4 2025,2025-11-29,Lost,5,2026-01-15,17000,
PROS-06662,REP-0027,Horizon Group,1000-5000,Website Inquiry,Cloud Compute,Q1 2026,2026-02-20,Lost,5,2026-03-26,66300,
PROS-06663,REP-0078,Horizon Digital,1000-5000,Paid Marketing,Cloud Storage,Q2 2026,2026-04-03,Dead,0,,21400,
PROS-06664,REP-0059,Meridian Networks,1-50,Paid Marketing,Data Analytics,Q1 2026,2026-03-22,Lost,2,2026-04-07,20100,
PROS-06665,REP-0060,Wavefront Solutions,5000+,Inbound Call,Data Analytics,Q4 2025,2025-12-15,Won,7,2026-02-24,88800,84000
PROS-06666,REP-0044,Nimbus Solutions,51-200,Paid Marketing,Data Analytics,Q4 2025,2025-12-24,Lost,4,2026-01-03,28700,
PROS-06667,REP-0033,Catalyst Group,5000+,Conference,Cloud Storage,Q4 2025,2025-11-16,Lost,2,2025-12-16,37600,
PROS-06668,REP-0024,Granite Holdings,51-200,Paid Marketing,Cloud Compute,Q4 2025,2025-10-07,Lost,2,2025-10-15,19400,
PROS-06669,REP-0095,Lattice Partners,1-50,Paid Marketing,Cloud Storage,Q2 2026,2026-04-10,Lost,5,2026-05-03,5400,
PROS-06670,REP-0085,Zenith Dynamics,201-1000,Paid Marketing,AI Platform,Q2 2026,2026-05-21,Dead,0,,140100,
PROS-06671,REP-0035,Wavefront Technologies,1000-5000,Paid Marketing,Cloud Storage,Q1 2026,2026-02-24,Lost,5,2026-04-02,29300,
PROS-06672,REP-0032,Nova Group,1000-5000,Cold Outreach,AI Platform,Q1 2026,2026-01-14,Dead,0,,182000,
PROS-06673,REP-0049,Atlas Partners,201-1000,Cold Outreach,Security Suite,Q2 2026,2026-05-18,Lost,3,2026-06-26,57500,
PROS-06674,REP-0057,Fusion Group,1000-5000,Referral,Cloud Compute,Q1 2026,2026-01-29,Lost,3,2026-03-10,53000,
PROS-06675,REP-0074,Ember Networks,201-1000,Paid Marketing,Security Suite,Q2 2026,2026-06-11,Open,3,,52400,
PROS-06676,REP-0104,Lattice Networks,5000+,Cold Outreach,Cloud Compute,Q2 2026,2026-06-11,Dead,0,,54800,
PROS-06677,REP-0071,Drift Partners,51-200,Inbound Call,Data Analytics,Q1 2026,2026-01-27,Won,4,2026-02-25,14400,14700
PROS-06678,REP-0099,Nova Partners,1000-5000,LinkedIn,Security Suite,Q4 2025,2025-11-26,Dead,1,,54800,
PROS-06679,REP-0001,Nova Industries,201-1000,Website Inquiry,Cloud Compute,Q4 2025,2025-10-22,Won,5,2025-12-05,23600,23800
PROS-06680,REP-0039,Redshift Technologies,1000-5000,Paid Marketing,Data Analytics,Q1 2026,2026-03-20,Lost,5,2026-05-21,84200,
PROS-06681,REP-0042,Vantage Dynamics,51-200,Cold Outreach,Data Analytics,Q1 2026,2026-02-06,Lost,5,2026-02-26,36800,
PROS-06682,REP-0004,Atlas Group,1-50,Paid Marketing,Cloud Compute,Q2 2026,2026-04-28,Lost,2,2026-05-15,13900,
PROS-06683,REP-0049,Orbit Networks,1000-5000,Cold Outreach,Data Analytics,Q4 2025,2025-12-08,Lost,3,2026-01-09,52900,
PROS-06684,REP-0015,Zenith Works,1-50,Paid Marketing,Cloud Compute,Q2 2026,2026-04-28,Dead,1,,8800,
PROS-06685,REP-0098,Sterling Digital,51-200,Website Inquiry,Cloud Compute,Q2 2026,2026-04-28,Lost,5,2026-06-05,30000,
PROS-06686,REP-0040,Redshift Works,51-200,Cold Outreach,Data Analytics,Q1 2026,2026-01-15,Dead,0,,25600,
PROS-06687,REP-0009,Northgate Industries,5000+,Cold Outreach,AI Platform,Q4 2025,2025-12-24,Lost,2,2026-02-15,270800,
PROS-06688,REP-0001,Fusion Networks,201-1000,Conference,Cloud Storage,Q2 2026,2026-05-16,Dead,0,,12300,
PROS-06689,REP-0017,Beacon Holdings,51-200,Cold Outreach,Security Suite,Q1 2026,2026-02-05,Lost,4,2026-02-26,41900,
PROS-06690,REP-0104,Summit Dynamics,1000-5000,Website Inquiry,Cloud Storage,Q1 2026,2026-01-12,Dead,0,,19900,
PROS-06691,REP-0108,Pulse Labs,51-200,Website Inquiry,Cloud Compute,Q1 2026,2026-02-25,Lost,3,2026-03-18,20100,
PROS-06692,REP-0100,Ridgeline Labs,201-1000,Inbound Call,Cloud Compute,Q1 2026,2026-01-08,Lost,3,2026-01-23,39400,
PROS-06693,REP-0064,Quantum Technologies,1000-5000,Cold Outreach,Security Suite,Q1 2026,2026-03-01,Lost,2,2026-03-17,99600,
PROS-06694,REP-0102,Vantage Industries,51-200,Paid Marketing,Cloud Storage,Q1 2026,2026-02-23,Dead,0,,8900,
PROS-06695,REP-0011,Solace Group,1-50,Website Inquiry,AI Platform,Q1 2026,2026-02-05,Lost,4,2026-02-20,18900,
PROS-06696,REP-0006,Summit Group,1000-5000,Paid Marketing,Data Analytics,Q1 2026,2026-03-26,Lost,4,2026-06-02,105600,
PROS-06697,REP-0077,Helix Networks,201-1000,Cold Outreach,Security Suite,Q4 2025,2025-12-19,Dead,2,,117000,
PROS-06698,REP-0095,Nova Digital,51-200,Paid Marketing,Cloud Compute,Q4 2025,2025-10-18,Dead,1,,24200,
PROS-06699,REP-0053,Vantage Technologies,51-200,Conference,Cloud Storage,Q1 2026,2026-03-05,Dead,0,,10000,
PROS-06700,REP-0051,Cobalt Labs,1000-5000,Conference,Cloud Compute,Q2 2026,2026-06-13,Open,0,,29800,
PROS-06701,REP-0026,Beacon Partners,201-1000,Cold Outreach,Data Analytics,Q2 2026,2026-04-24,Dead,1,,62700,
PROS-06702,REP-0088,Ironclad Solutions,1-50,LinkedIn,Cloud Storage,Q1 2026,2026-03-08,Lost,4,2026-03-26,7000,
PROS-06703,REP-0044,Atlas Partners,201-1000,LinkedIn,Data Analytics,Q1 2026,2026-03-31,Lost,2,2026-04-13,39400,
PROS-06704,REP-0001,Orbit Group,51-200,Website Inquiry,Data Analytics,Q4 2025,2025-11-27,Dead,1,,30800,
PROS-06705,REP-0047,Lattice Partners,201-1000,Paid Marketing,Security Suite,Q1 2026,2026-03-20,Lost,2,2026-05-03,32500,
PROS-06706,REP-0041,Vantage Dynamics,201-1000,Website Inquiry,AI Platform,Q4 2025,2025-12-09,Lost,3,2026-01-03,64200,
PROS-06707,REP-0043,Sterling Works,201-1000,Conference,Cloud Compute,Q4 2025,2025-12-13,Lost,2,2026-01-16,26400,
PROS-06708,REP-0071,Northgate Solutions,1000-5000,Cold Outreach,Cloud Storage,Q1 2026,2026-02-14,Won,4,2026-03-15,28000,33200
PROS-06709,REP-0021,Granite Networks,1-50,Website Inquiry,Cloud Compute,Q4 2025,2025-10-02,Lost,3,2025-10-09,6200,
PROS-06710,REP-0001,Ember Technologies,51-200,Website Inquiry,Security Suite,Q2 2026,2026-05-05,Won,5,2026-06-07,66600,65200
PROS-06711,REP-0067,Catalyst Technologies,1000-5000,Paid Marketing,AI Platform,Q4 2025,2025-11-18,Lost,2,2026-01-03,124400,
PROS-06712,REP-0052,Atlas Dynamics,5000+,Paid Marketing,AI Platform,Q1 2026,2026-03-17,Dead,0,,170400,
PROS-06713,REP-0068,Ember Industries,201-1000,Conference,AI Platform,Q2 2026,2026-06-09,Open,3,,69600,
PROS-06714,REP-0076,Cobalt Dynamics,51-200,Website Inquiry,Cloud Storage,Q1 2026,2026-02-28,Lost,5,2026-03-16,8100,
PROS-06715,REP-0105,Apex Digital,201-1000,Inbound Call,Security Suite,Q1 2026,2026-03-24,Dead,0,,78500,
PROS-06716,REP-0094,Solace Holdings,51-200,Paid Marketing,Cloud Compute,Q4 2025,2025-12-01,Dead,0,,21600,
PROS-06717,REP-0056,Drift Holdings,1-50,Website Inquiry,AI Platform,Q2 2026,2026-06-13,Open,1,,18600,
PROS-06718,REP-0077,Quantum Systems,1-50,Inbound Call,Cloud Compute,Q1 2026,2026-01-08,Dead,1,,15900,
PROS-06719,REP-0058,Solace Systems,1000-5000,Conference,Cloud Compute,Q1 2026,2026-01-06,Dead,0,,61900,
PROS-06720,REP-0019,Vantage Labs,51-200,LinkedIn,Security Suite,Q1 2026,2026-01-22,Won,6,2026-02-19,55300,61500
PROS-06721,REP-0086,Cobalt Partners,51-200,LinkedIn,Cloud Storage,Q1 2026,2026-02-18,Lost,5,2026-03-28,15000,
PROS-06722,REP-0085,Nova Partners,5000+,Inbound Call,AI Platform,Q1 2026,2026-03-30,Lost,3,2026-05-29,247700,
PROS-06723,REP-0028,Granite Industries,1-50,Cold Outreach,Cloud Compute,Q1 2026,2026-02-09,Lost,2,2026-03-01,11400,
PROS-06724,REP-0013,Ironclad Solutions,1000-5000,Paid Marketing,Cloud Storage,Q2 2026,2026-05-05,Lost,3,2026-06-27,12600,
PROS-06725,REP-0058,Solace Works,1000-5000,Inbound Call,Security Suite,Q4 2025,2025-12-10,Lost,5,2026-01-28,80000,
PROS-06726,REP-0100,Zenith Holdings,1000-5000,Inbound Call,AI Platform,Q4 2025,2025-12-16,Dead,0,,146700,
PROS-06727,REP-0011,Quantum Labs,51-200,Website Inquiry,Data Analytics,Q2 2026,2026-04-09,Lost,5,2026-04-20,21500,
PROS-06728,REP-0044,Meridian Dynamics,1-50,Paid Marketing,Cloud Compute,Q4 2025,2025-12-11,Lost,4,2025-12-19,15300,
PROS-06729,REP-0092,Anchor Solutions,1000-5000,Website Inquiry,Cloud Storage,Q1 2026,2026-02-15,Won,7,2026-05-02,25700,23800
PROS-06730,REP-0004,Ironclad Digital,1-50,Conference,AI Platform,Q1 2026,2026-02-10,Lost,3,2026-02-20,30800,
PROS-06731,REP-0103,Zenith Digital,51-200,Paid Marketing,Security Suite,Q2 2026,2026-06-08,Open,0,,36000,
PROS-06732,REP-0032,Sterling Holdings,1000-5000,Conference,Cloud Compute,Q1 2026,2026-01-04,Lost,5,2026-03-11,56200,
PROS-06733,REP-0003,Catalyst Partners,1-50,Paid Marketing,Cloud Compute,Q1 2026,2026-01-20,Dead,0,,12600,
PROS-06734,REP-0088,Solace Group,51-200,Referral,Cloud Compute,Q2 2026,2026-04-07,Dead,0,,15100,
PROS-06735,REP-0089,Catalyst Dynamics,51-200,Paid Marketing,Cloud Storage,Q2 2026,2026-05-30,Open,2,,5600,
PROS-06736,REP-0008,Atlas Partners,201-1000,Website Inquiry,Cloud Compute,Q1 2026,2026-03-25,Lost,4,2026-04-12,22900,
PROS-06737,REP-0040,Quantum Works,1000-5000,Paid Marketing,Security Suite,Q4 2025,2025-10-20,Lost,5,2025-12-04,47900,
PROS-06738,REP-0029,Zenith Technologies,201-1000,Paid Marketing,AI Platform,Q2 2026,2026-05-04,Dead,0,,66400,
PROS-06739,REP-0024,Nimbus Works,51-200,Paid Marketing,Data Analytics,Q2 2026,2026-06-09,Dead,0,,27600,
PROS-06740,REP-0056,Northgate Industries,51-200,LinkedIn,Security Suite,Q4 2025,2025-11-08,Dead,0,,41300,
PROS-06741,REP-0011,Drift Solutions,1-50,Website Inquiry,Security Suite,Q1 2026,2026-02-27,Lost,3,2026-03-13,15400,
PROS-06742,REP-0095,Horizon Labs,1-50,Inbound Call,Cloud Compute,Q4 2025,2025-12-24,Won,3,2026-01-03,12500,11800
PROS-06743,REP-0028,Pulse Group,201-1000,Cold Outreach,Security Suite,Q1 2026,2026-01-15,Lost,3,2026-01-31,77000,
PROS-06744,REP-0097,Catalyst Labs,201-1000,Cold Outreach,Cloud Compute,Q4 2025,2025-12-24,Lost,5,2026-02-08,36600,
PROS-06745,REP-0014,Quantum Holdings,51-200,Cold Outreach,Cloud Compute,Q2 2026,2026-05-15,Lost,4,2026-06-27,14800,
PROS-06746,REP-0090,Vantage Labs,1000-5000,LinkedIn,AI Platform,Q2 2026,2026-04-26,Won,8,2026-06-27,185200,212600
PROS-06747,REP-0107,Cobalt Holdings,1000-5000,Website Inquiry,AI Platform,Q4 2025,2025-10-25,Won,6,2025-11-15,153400,151700
PROS-06748,REP-0055,Wavefront Partners,1000-5000,Cold Outreach,Cloud Compute,Q1 2026,2026-01-04,Dead,0,,44900,
PROS-06749,REP-0038,Cobalt Group,201-1000,Paid Marketing,Cloud Storage,Q4 2025,2025-11-13,Lost,5,2025-12-13,14800,
PROS-06750,REP-0028,Drift Networks,51-200,Paid Marketing,Cloud Storage,Q1 2026,2026-03-18,Dead,0,,5500,
PROS-06751,REP-0058,Pulse Holdings,5000+,Website Inquiry,Cloud Storage,Q4 2025,2025-10-11,Dead,0,,49400,
PROS-06752,REP-0015,Summit Digital,1-50,Website Inquiry,Cloud Compute,Q4 2025,2025-11-16,Lost,3,2025-12-09,16200,
PROS-06753,REP-0041,Wavefront Works,51-200,Website Inquiry,Cloud Storage,Q4 2025,2025-10-08,Won,3,2025-11-14,15100,15800
PROS-06754,REP-0001,Catalyst Industries,1000-5000,Cold Outreach,Cloud Storage,Q4 2025,2025-12-02,Lost,4,2026-01-19,40400,
PROS-06755,REP-0036,Redshift Holdings,201-1000,Inbound Call,Data Analytics,Q1 2026,2026-03-24,Lost,2,2026-05-13,29200,
PROS-06756,REP-0087,Nimbus Group,201-1000,Referral,Cloud Compute,Q2 2026,2026-06-30,Open,0,,23900,
PROS-06757,REP-0074,Vantage Technologies,201-1000,Paid Marketing,Data Analytics,Q2 2026,2026-04-26,Dead,0,,23600,
PROS-06758,REP-0011,Fusion Industries,1-50,Paid Marketing,Cloud Compute,Q4 2025,2025-12-21,Dead,1,,12200,
PROS-06759,REP-0003,Apex Digital,1-50,Cold Outreach,Cloud Compute,Q1 2026,2026-01-10,Lost,2,2026-01-29,6100,
PROS-06760,REP-0057,Beacon Group,1000-5000,LinkedIn,Cloud Compute,Q1 2026,2026-03-02,Dead,0,,36900,
PROS-06761,REP-0087,Anchor Solutions,51-200,Cold Outreach,Data Analytics,Q2 2026,2026-05-01,Lost,2,2026-06-01,34900,
PROS-06762,REP-0062,Pulse Holdings,1-50,Website Inquiry,Data Analytics,Q2 2026,2026-06-25,Open,3,,9300,
PROS-06763,REP-0011,Northgate Dynamics,1-50,Website Inquiry,Cloud Compute,Q1 2026,2026-03-19,Lost,4,2026-03-30,11600,
PROS-06764,REP-0020,Nova Dynamics,201-1000,Paid Marketing,AI Platform,Q4 2025,2025-11-12,Dead,0,,56600,
PROS-06765,REP-0101,Vantage Group,201-1000,Conference,Cloud Storage,Q4 2025,2025-12-27,Lost,2,2026-02-03,18800,
PROS-06766,REP-0082,Redshift Digital,201-1000,LinkedIn,Data Analytics,Q2 2026,2026-04-07,Lost,5,2026-04-23,26800,
PROS-06767,REP-0094,Horizon Systems,51-200,LinkedIn,Cloud Compute,Q1 2026,2026-02-14,Dead,0,,16900,
PROS-06768,REP-0076,Ironclad Works,51-200,Paid Marketing,Data Analytics,Q1 2026,2026-02-21,Lost,3,2026-03-10,36600,
PROS-06769,REP-0091,Helix Digital,201-1000,Conference,AI Platform,Q2 2026,2026-04-18,Won,6,2026-06-07,100800,100300
PROS-06770,REP-0046,Apex Digital,201-1000,Paid Marketing,Cloud Compute,Q2 2026,2026-06-27,Lost,4,2026-06-29,47300,
PROS-06771,REP-0012,Apex Partners,1-50,Conference,AI Platform,Q1 2026,2026-02-01,Lost,2,2026-02-16,53900,
PROS-06772,REP-0013,Sterling Industries,201-1000,Cold Outreach,AI Platform,Q4 2025,2025-10-10,Dead,0,,117300,
PROS-06773,REP-0004,Lattice Industries,51-200,Paid Marketing,Security Suite,Q4 2025,2025-10-31,Dead,1,,37600,
PROS-06774,REP-0008,Orbit Works,201-1000,Referral,Security Suite,Q2 2026,2026-06-17,Dead,0,,67800,
PROS-06775,REP-0066,Catalyst Dynamics,51-200,Inbound Call,Cloud Storage,Q1 2026,2026-02-06,Dead,0,,14900,
PROS-06776,REP-0041,Drift Networks,1000-5000,Website Inquiry,Security Suite,Q4 2025,2025-12-18,Won,4,2026-01-08,84700,91400
PROS-06777,REP-0049,Helix Partners,201-1000,LinkedIn,AI Platform,Q2 2026,2026-04-19,Dead,0,,60600,
PROS-06778,REP-0076,Sterling Systems,51-200,Inbound Call,AI Platform,Q1 2026,2026-03-06,Won,4,2026-03-30,98300,115500
PROS-06779,REP-0033,Wavefront Digital,1000-5000,Website Inquiry,Data Analytics,Q2 2026,2026-06-10,Open,0,,56600,
PROS-06780,REP-0046,Solace Industries,201-1000,Referral,AI Platform,Q2 2026,2026-05-06,Won,5,2026-06-15,91400,98800
PROS-06781,REP-0087,Helix Dynamics,1000-5000,LinkedIn,Data Analytics,Q1 2026,2026-01-14,Lost,3,2026-02-03,83800,
PROS-06782,REP-0108,Solace Holdings,1-50,Inbound Call,Security Suite,Q4 2025,2025-11-04,Won,2,2025-11-20,39900,36700
PROS-06783,REP-0094,Summit Partners,1-50,Cold Outreach,AI Platform,Q1 2026,2026-02-15,Lost,2,2026-02-27,46700,
PROS-06784,REP-0033,Horizon Labs,1000-5000,Paid Marketing,Cloud Storage,Q4 2025,2025-10-01,Lost,4,2025-11-22,16700,
PROS-06785,REP-0092,Wavefront Group,1000-5000,Website Inquiry,Security Suite,Q1 2026,2026-02-11,Lost,5,2026-03-24,116500,
PROS-06786,REP-0011,Quantum Technologies,1-50,Cold Outreach,Data Analytics,Q1 2026,2026-03-13,Dead,0,,20500,
PROS-06787,REP-0094,Nova Solutions,51-200,LinkedIn,AI Platform,Q4 2025,2025-12-10,Dead,2,,113400,
PROS-06788,REP-0080,Cobalt Networks,201-1000,Website Inquiry,Cloud Storage,Q2 2026,2026-04-04,Lost,3,2026-04-27,14800,
PROS-06789,REP-0044,Summit Group,51-200,Paid Marketing,Cloud Storage,Q1 2026,2026-03-22,Lost,2,2026-04-12,13000,
PROS-06790,REP-0044,Anchor Industries,1-50,Paid Marketing,Security Suite,Q4 2025,2025-10-29,Dead,1,,28700,
PROS-06791,REP-0065,Drift Holdings,51-200,Referral,Cloud Compute,Q1 2026,2026-02-21,Won,4,2026-04-01,30800,28800
PROS-06792,REP-0022,Horizon Technologies,201-1000,Cold Outreach,Security Suite,Q2 2026,2026-05-23,Lost,4,2026-06-11,56500,
PROS-06793,REP-0089,Northgate Systems,1-50,Website Inquiry,AI Platform,Q1 2026,2026-01-11,Lost,4,2026-01-20,32400,
PROS-06794,REP-0010,Solace Dynamics,201-1000,Cold Outreach,Cloud Storage,Q2 2026,2026-05-18,Lost,5,2026-06-29,10100,
PROS-06795,REP-0070,Catalyst Works,1000-5000,Inbound Call,AI Platform,Q2 2026,2026-04-28,Lost,3,2026-06-11,192000,
PROS-06796,REP-0073,Pulse Digital,201-1000,Website Inquiry,Data Analytics,Q1 2026,2026-02-12,Lost,2,2026-03-11,34300,
PROS-06797,REP-0078,Drift Technologies,1000-5000,Website Inquiry,AI Platform,Q2 2026,2026-04-07,Dead,0,,129500,
PROS-06798,REP-0107,Sterling Solutions,51-200,Paid Marketing,Cloud Storage,Q2 2026,2026-06-15,Open,0,,13500,
PROS-06799,REP-0081,Lattice Partners,1-50,Website Inquiry,AI Platform,Q2 2026,2026-04-17,Dead,0,,25000,
PROS-06800,REP-0008,Sterling Industries,51-200,Conference,Data Analytics,Q4 2025,2025-10-11,Won,4,2025-11-06,26200,23200
PROS-06801,REP-0046,Vantage Technologies,51-200,LinkedIn,Cloud Compute,Q1 2026,2026-03-23,Lost,3,2026-05-10,17800,
PROS-06802,REP-0082,Sterling Group,201-1000,Website Inquiry,Security Suite,Q1 2026,2026-02-14,Dead,0,,73300,
PROS-06803,REP-0069,Zenith Networks,201-1000,Cold Outreach,AI Platform,Q4 2025,2025-10-26,Lost,4,2025-11-30,59400,
PROS-06804,REP-0097,Horizon Group,201-1000,Cold Outreach,Cloud Storage,Q4 2025,2025-12-11,Lost,3,2026-01-26,11100,
PROS-06805,REP-0071,Catalyst Technologies,51-200,Website Inquiry,Data Analytics,Q2 2026,2026-06-09,Open,0,,19300,
PROS-06806,REP-0098,Cobalt Solutions,201-1000,LinkedIn,Security Suite,Q2 2026,2026-04-01,Lost,3,2026-05-19,82000,
PROS-06807,REP-0089,Northgate Group,1-50,Cold Outreach,AI Platform,Q4 2025,2025-12-19,Lost,4,2025-12-28,35200,
PROS-06808,REP-0049,Apex Holdings,1000-5000,Cold Outreach,AI Platform,Q1 2026,2026-02-11,Lost,5,2026-03-06,111400,
PROS-06809,REP-0021,Zenith Networks,1-50,Paid Marketing,Cloud Storage,Q1 2026,2026-02-12,Dead,2,,5500,
PROS-06810,REP-0045,Orbit Technologies,5000+,Website Inquiry,Cloud Storage,Q2 2026,2026-04-02,Lost,4,2026-06-16,37000,
PROS-06811,REP-0096,Ridgeline Digital,51-200,Website Inquiry,Cloud Compute,Q1 2026,2026-02-20,Dead,0,,14300,
PROS-06812,REP-0005,Fusion Works,1-50,Website Inquiry,Cloud Compute,Q4 2025,2025-11-01,Lost,5,2025-11-22,12700,
PROS-06813,REP-0065,Ember Systems,201-1000,Paid Marketing,Cloud Compute,Q4 2025,2025-11-15,Dead,0,,40700,
PROS-06814,REP-0028,Granite Digital,51-200,Inbound Call,Cloud Compute,Q1 2026,2026-01-30,Won,3,2026-02-19,14900,13400
PROS-06815,REP-0068,Beacon Solutions,51-200,Paid Marketing,Security Suite,Q1 2026,2026-01-26,Lost,2,2026-02-15,51100,
PROS-06816,REP-0072,Nova Networks,201-1000,Paid Marketing,AI Platform,Q2 2026,2026-05-28,Open,1,,69000,
PROS-06817,REP-0045,Atlas Solutions,5000+,Conference,Cloud Compute,Q1 2026,2026-02-07,Lost,2,2026-03-27,72800,
PROS-06818,REP-0102,Nimbus Systems,51-200,LinkedIn,AI Platform,Q1 2026,2026-03-18,Dead,1,,58100,
PROS-06819,REP-0108,Nimbus Works,1-50,Website Inquiry,Cloud Compute,Q1 2026,2026-01-08,Won,2,2026-01-21,17400,19000
PROS-06820,REP-0003,Summit Dynamics,1-50,Website Inquiry,AI Platform,Q2 2026,2026-06-07,Open,0,,18700,
PROS-06821,REP-0024,Apex Networks,51-200,LinkedIn,Data Analytics,Q1 2026,2026-02-18,Lost,4,2026-03-14,22800,
PROS-06822,REP-0026,Zenith Holdings,201-1000,Website Inquiry,Security Suite,Q2 2026,2026-05-14,Lost,3,2026-06-19,73200,
PROS-06823,REP-0044,Ironclad Digital,1-50,LinkedIn,AI Platform,Q4 2025,2025-12-20,Dead,1,,50300,
PROS-06824,REP-0021,Vantage Technologies,51-200,Referral,Cloud Compute,Q4 2025,2025-10-05,Dead,0,,27900,
PROS-06825,REP-0041,Northgate Systems,51-200,Inbound Call,Cloud Storage,Q1 2026,2026-03-20,Won,3,2026-04-25,10600,9600
PROS-06826,REP-0096,Fusion Labs,1-50,Paid Marketing,Cloud Storage,Q4 2025,2025-12-24,Lost,3,2026-01-13,4600,
PROS-06827,REP-0089,Ridgeline Technologies,1-50,Website Inquiry,AI Platform,Q1 2026,2026-02-21,Lost,5,2026-03-15,31600,
PROS-06828,REP-0108,Northgate Solutions,51-200,Paid Marketing,Security Suite,Q1 2026,2026-01-02,Lost,5,2026-01-16,40900,
PROS-06829,REP-0090,Orbit Networks,1000-5000,Inbound Call,Cloud Storage,Q4 2025,2025-11-17,Lost,5,2026-01-04,15500,
PROS-06830,REP-0055,Quantum Partners,5000+,LinkedIn,Cloud Storage,Q4 2025,2025-10-24,Lost,3,2025-12-21,24200,
PROS-06831,REP-0082,Ridgeline Solutions,201-1000,Website Inquiry,Cloud Compute,Q1 2026,2026-03-26,Dead,1,,37700,
PROS-06832,REP-0021,Meridian Systems,1-50,Cold Outreach,Cloud Compute,Q2 2026,2026-06-30,Open,2,,6300,
PROS-06833,REP-0068,Atlas Technologies,201-1000,Conference,Security Suite,Q4 2025,2025-11-13,Lost,4,2025-12-15,42200,
PROS-06834,REP-0103,Meridian Digital,51-200,Website Inquiry,Cloud Storage,Q2 2026,2026-05-14,Lost,2,2026-05-22,9300,
PROS-06835,REP-0074,Solace Digital,201-1000,Referral,AI Platform,Q2 2026,2026-06-18,Open,0,,48100,
PROS-06836,REP-0009,Orbit Partners,5000+,Website Inquiry,Security Suite,Q2 2026,2026-06-25,Open,0,,169200,
PROS-06837,REP-0090,Sterling Systems,1000-5000,Paid Marketing,Cloud Compute,Q2 2026,2026-04-06,Lost,2,2026-06-17,39000,
PROS-06838,REP-0038,Zenith Holdings,201-1000,Conference,AI Platform,Q2 2026,2026-05-22,Lost,3,2026-06-08,109500,
PROS-06839,REP-0094,Nimbus Works,51-200,Cold Outreach,Cloud Compute,Q1 2026,2026-03-04,Won,4,2026-03-16,32400,31400
PROS-06840,REP-0034,Quantum Solutions,1000-5000,Cold Outreach,AI Platform,Q2 2026,2026-04-18,Dead,0,,187400,
PROS-06841,REP-0035,Fusion Partners,1000-5000,Inbound Call,AI Platform,Q2 2026,2026-05-05,Won,7,2026-06-28,178800,188600
PROS-06842,REP-0008,Vertex Industries,1000-5000,LinkedIn,Data Analytics,Q1 2026,2026-03-08,Lost,2,2026-04-22,61600,
PROS-06843,REP-0088,Helix Group,1-50,Website Inquiry,Data Analytics,Q2 2026,2026-05-01,Lost,2,2026-05-12,9900,
PROS-06844,REP-0004,Solace Solutions,51-200,Website Inquiry,Security Suite,Q1 2026,2026-03-01,Dead,0,,49100,
PROS-06845,REP-0030,Summit Networks,5000+,Website Inquiry,Cloud Storage,Q2 2026,2026-05-01,Dead,0,,46500,
PROS-06846,REP-0022,Horizon Holdings,1000-5000,Paid Marketing,AI Platform,Q2 2026,2026-06-24,Open,1,,96600,
PROS-06847,REP-0094,Orbit Digital,51-200,Referral,Data Analytics,Q1 2026,2026-02-15,Won,4,2026-03-02,24500,29100
PROS-06848,REP-0105,Atlas Dynamics,51-200,Paid Marketing,Security Suite,Q1 2026,2026-02-10,Lost,5,2026-03-11,28900,
PROS-06849,REP-0046,Orbit Industries,201-1000,LinkedIn,Security Suite,Q2 2026,2026-04-02,Lost,4,2026-05-01,63600,
PROS-06850,REP-0030,Catalyst Solutions,1000-5000,LinkedIn,Security Suite,Q1 2026,2026-02-25,Lost,3,2026-04-09,100500,
PROS-06851,REP-0029,Granite Partners,1000-5000,Cold Outreach,Security Suite,Q2 2026,2026-04-16,Dead,1,,104200,
PROS-06852,REP-0103,Horizon Networks,201-1000,Paid Marketing,Cloud Compute,Q2 2026,2026-06-07,Open,0,,30800,
PROS-06853,REP-0005,Vantage Holdings,1-50,Website Inquiry,Security Suite,Q1 2026,2026-01-21,Lost,2,2026-02-03,16000,
PROS-06854,REP-0103,Zenith Dynamics,201-1000,Conference,Cloud Storage,Q2 2026,2026-05-24,Won,4,2026-06-03,10500,9600
PROS-06855,REP-0102,Northgate Systems,1-50,Inbound Call,Cloud Storage,Q2 2026,2026-06-10,Open,3,,3800,
PROS-06856,REP-0068,Wavefront Partners,51-200,Paid Marketing,Security Suite,Q4 2025,2025-12-25,Dead,0,,59100,
PROS-06857,REP-0034,Meridian Partners,1000-5000,Cold Outreach,Data Analytics,Q1 2026,2026-02-27,Lost,3,2026-04-06,56900,
PROS-06858,REP-0070,Quantum Group,51-200,Website Inquiry,Cloud Compute,Q1 2026,2026-03-14,Lost,3,2026-04-19,22300,
PROS-06859,REP-0076,Anchor Technologies,201-1000,Paid Marketing,Cloud Compute,Q1 2026,2026-03-06,Won,4,2026-03-23,41100,36900
PROS-06860,REP-0078,Nimbus Systems,51-200,Cold Outreach,Cloud Compute,Q1 2026,2026-03-02,Dead,0,,12000,
PROS-06861,REP-0037,Fusion Industries,201-1000,Paid Marketing,Cloud Compute,Q1 2026,2026-02-02,Lost,4,2026-02-17,45300,
PROS-06862,REP-0097,Vantage Partners,51-200,Inbound Call,Security Suite,Q1 2026,2026-03-09,Won,6,2026-04-17,65000,72000
PROS-06863,REP-0059,Beacon Solutions,51-200,Cold Outreach,AI Platform,Q2 2026,2026-05-17,Won,4,2026-06-10,72800,85000
PROS-06864,REP-0001,Vantage Systems,1000-5000,LinkedIn,Cloud Storage,Q2 2026,2026-04-20,Won,6,2026-05-19,44100,42100
PROS-06865,REP-0010,Northgate Holdings,51-200,Paid Marketing,Cloud Storage,Q2 2026,2026-04-18,Dead,0,,9600,
PROS-06866,REP-0001,Zenith Holdings,201-1000,Website Inquiry,Cloud Compute,Q1 2026,2026-01-16,Dead,0,,48400,
PROS-06867,REP-0015,Summit Works,201-1000,Inbound Call,Cloud Storage,Q1 2026,2026-02-18,Lost,3,2026-03-14,10800,
PROS-06868,REP-0091,Ridgeline Dynamics,51-200,Cold Outreach,Data Analytics,Q4 2025,2025-11-18,Won,3,2025-12-26,30500,36400
PROS-06869,REP-0038,Summit Technologies,201-1000,Cold Outreach,Cloud Storage,Q1 2026,2026-02-13,Dead,0,,11500,
PROS-06870,REP-0108,Horizon Industries,1-50,Inbound Call,Data Analytics,Q4 2025,2025-11-12,Won,3,2025-11-20,14200,15500
PROS-06871,REP-0099,Helix Partners,201-1000,Paid Marketing,Cloud Compute,Q4 2025,2025-12-27,Dead,1,,20400,
PROS-06872,REP-0071,Redshift Industries,51-200,LinkedIn,AI Platform,Q4 2025,2025-11-28,Dead,0,,88200,
PROS-06873,REP-0095,Orbit Solutions,1-50,Inbound Call,AI Platform,Q1 2026,2026-03-10,Dead,0,,60200,
PROS-06874,REP-0062,Nimbus Technologies,1-50,Cold Outreach,Cloud Compute,Q1 2026,2026-03-01,Lost,4,2026-03-22,8100,
PROS-06875,REP-0079,Beacon Digital,1-50,LinkedIn,AI Platform,Q2 2026,2026-04-26,Lost,3,2026-05-21,41200,
PROS-06876,REP-0005,Meridian Dynamics,1-50,Referral,Data Analytics,Q2 2026,2026-05-25,Won,2,2026-06-18,19500,17900
PROS-06877,REP-0045,Wavefront Group,1000-5000,Paid Marketing,Cloud Storage,Q4 2025,2025-12-03,Dead,0,,23800,
PROS-06878,REP-0046,Vantage Solutions,201-1000,Cold Outreach,AI Platform,Q4 2025,2025-10-29,Won,4,2025-12-15,140700,147300
PROS-06879,REP-0069,Sterling Industries,51-200,Cold Outreach,Cloud Compute,Q2 2026,2026-04-14,Lost,3,2026-05-20,28300,
PROS-06880,REP-0069,Nimbus Systems,201-1000,Website Inquiry,Security Suite,Q4 2025,2025-11-16,Won,3,2025-12-10,56500,48900
PROS-06881,REP-0091,Pulse Networks,1000-5000,Paid Marketing,Cloud Compute,Q1 2026,2026-02-18,Won,4,2026-03-20,62900,70300
PROS-06882,REP-0077,Ember Group,1-50,Website Inquiry,Cloud Compute,Q1 2026,2026-02-23,Dead,0,,14000,
PROS-06883,REP-0053,Nova Solutions,1-50,Cold Outreach,Data Analytics,Q1 2026,2026-03-10,Dead,1,,10700,
PROS-06884,REP-0005,Meridian Works,1-50,LinkedIn,AI Platform,Q1 2026,2026-02-27,Lost,3,2026-03-08,57500,
PROS-06885,REP-0018,Horizon Systems,201-1000,Cold Outreach,Cloud Storage,Q2 2026,2026-05-13,Dead,1,,12600,
PROS-06886,REP-0110,Horizon Digital,201-1000,Cold Outreach,Cloud Compute,Q2 2026,2026-06-22,Open,0,,27400,
PROS-06887,REP-0092,Fusion Networks,1000-5000,Cold Outreach,Cloud Compute,Q1 2026,2026-03-10,Lost,5,2026-04-29,26200,
PROS-06888,REP-0017,Sterling Dynamics,51-200,Website Inquiry,Cloud Storage,Q1 2026,2026-02-04,Dead,2,,5700,
PROS-06889,REP-0108,Fusion Solutions,51-200,LinkedIn,Data Analytics,Q2 2026,2026-06-28,Open,0,,23300,
PROS-06890,REP-0037,Ember Works,201-1000,Inbound Call,Data Analytics,Q2 2026,2026-06-02,Open,0,,63300,
PROS-06891,REP-0101,Wavefront Partners,201-1000,LinkedIn,AI Platform,Q1 2026,2026-02-07,Lost,5,2026-03-28,156600,
PROS-06892,REP-0085,Wavefront Works,5000+,Inbound Call,Cloud Compute,Q1 2026,2026-01-22,Won,5,2026-02-23,57000,49700
PROS-06893,REP-0071,Solace Networks,201-1000,LinkedIn,AI Platform,Q2 2026,2026-06-21,Open,1,,129100,
PROS-06894,REP-0076,Atlas Technologies,201-1000,Paid Marketing,Cloud Storage,Q1 2026,2026-01-06,Won,4,2026-01-26,10700,9400
PROS-06895,REP-0072,Vantage Technologies,51-200,Paid Marketing,Cloud Compute,Q2 2026,2026-05-28,Open,0,,11800,
PROS-06896,REP-0100,Ember Group,201-1000,Cold Outreach,Cloud Storage,Q1 2026,2026-01-11,Lost,2,2026-01-26,13800,
PROS-06897,REP-0028,Fusion Networks,51-200,LinkedIn,Security Suite,Q4 2025,2025-12-06,Lost,2,2025-12-30,53500,
PROS-06898,REP-0074,Ironclad Partners,201-1000,Paid Marketing,Security Suite,Q1 2026,2026-03-06,Won,5,2026-04-09,62200,70900
PROS-06899,REP-0104,Apex Holdings,5000+,Paid Marketing,Cloud Compute,Q1 2026,2026-03-24,Dead,1,,53100,
PROS-06900,REP-0041,Sterling Networks,201-1000,LinkedIn,Security Suite,Q1 2026,2026-03-12,Dead,0,,71000,
PROS-06901,REP-0091,Drift Holdings,201-1000,Conference,Security Suite,Q2 2026,2026-06-23,Open,2,,84300,
PROS-06902,REP-0047,Atlas Labs,1000-5000,LinkedIn,Data Analytics,Q4 2025,2025-11-10,Dead,0,,66300,
PROS-06903,REP-0087,Summit Partners,51-200,LinkedIn,AI Platform,Q4 2025,2025-10-09,Dead,0,,83400,
PROS-06904,REP-0025,Northgate Systems,51-200,Cold Outreach,Cloud Storage,Q4 2025,2025-11-07,Lost,2,2025-12-06,9400,
PROS-06905,REP-0004,Lattice Works,1-50,Cold Outreach,AI Platform,Q4 2025,2025-11-03,Lost,5,2025-11-10,48500,
PROS-06906,REP-0026,Northgate Partners,201-1000,Paid Marketing,AI Platform,Q2 2026,2026-05-27,Open,0,,55700,
PROS-06907,REP-0049,Sterling Industries,1000-5000,Cold Outreach,AI Platform,Q2 2026,2026-04-19,Lost,4,2026-06-07,150600,
PROS-06908,REP-0019,Lattice Technologies,51-200,Cold Outreach,Data Analytics,Q2 2026,2026-04-27,Won,5,2026-06-09,42400,45600
PROS-06909,REP-0050,Helix Group,5000+,LinkedIn,Security Suite,Q2 2026,2026-06-10,Open,0,,177900,
PROS-06910,REP-0081,Catalyst Networks,1-50,Paid Marketing,Security Suite,Q4 2025,2025-11-19,Lost,3,2025-12-12,19400,
PROS-06911,REP-0051,Atlas Technologies,201-1000,LinkedIn,Cloud Compute,Q2 2026,2026-06-28,Open,0,,26300,
PROS-06912,REP-0079,Northgate Networks,51-200,Conference,Cloud Compute,Q2 2026,2026-05-29,Lost,2,2026-06-22,22100,
PROS-06913,REP-0094,Wavefront Technologies,201-1000,LinkedIn,Cloud Storage,Q1 2026,2026-03-29,Won,3,2026-04-10,17800,16700
PROS-06914,REP-0034,Ridgeline Group,201-1000,Conference,Cloud Storage,Q1 2026,2026-02-17,Dead,1,,11400,
PROS-06915,REP-0017,Lattice Solutions,201-1000,LinkedIn,Data Analytics,Q1 2026,2026-02-25,Dead,0,,49700,
PROS-06916,REP-0041,Granite Systems,51-200,Paid Marketing,Security Suite,Q1 2026,2026-02-26,Lost,3,2026-04-05,84400,
PROS-06917,REP-0102,Orbit Labs,1-50,Cold Outreach,Cloud Compute,Q2 2026,2026-04-24,Lost,5,2026-05-13,5200,
PROS-06918,REP-0011,Horizon Solutions,1-50,Referral,AI Platform,Q1 2026,2026-01-06,Lost,3,2026-01-20,16700,
PROS-06919,REP-0024,Solace Labs,51-200,Paid Marketing,AI Platform,Q1 2026,2026-02-24,Lost,2,2026-03-07,42600,
PROS-06920,REP-0061,Zenith Group,1000-5000,Referral,Cloud Compute,Q2 2026,2026-05-14,Dead,0,,57500,
PROS-06921,REP-0066,Horizon Group,201-1000,Conference,Cloud Compute,Q4 2025,2025-11-01,Dead,2,,37800,
PROS-06922,REP-0068,Catalyst Technologies,51-200,Website Inquiry,Cloud Compute,Q4 2025,2025-11-27,Dead,0,,23400,
PROS-06923,REP-0107,Ridgeline Partners,1000-5000,Referral,Cloud Storage,Q2 2026,2026-06-12,Open,1,,36800,
PROS-06924,REP-0063,Pulse Systems,51-200,LinkedIn,Cloud Compute,Q2 2026,2026-05-19,Lost,2,2026-06-10,12900,
PROS-06925,REP-0024,Anchor Dynamics,201-1000,Referral,AI Platform,Q1 2026,2026-02-07,Dead,0,,55300,
PROS-06926,REP-0063,Anchor Group,51-200,Paid Marketing,Cloud Compute,Q1 2026,2026-01-25,Dead,0,,13800,
PROS-06927,REP-0085,Apex Dynamics,5000+,Conference,Cloud Storage,Q1 2026,2026-02-23,Won,4,2026-03-27,37300,39100
PROS-06928,REP-0104,Orbit Labs,1000-5000,LinkedIn,Data Analytics,Q1 2026,2026-03-08,Lost,4,2026-06-03,56100,
PROS-06929,REP-0063,Ironclad Technologies,51-200,Paid Marketing,Cloud Compute,Q4 2025,2025-12-28,Lost,5,2026-01-06,22600,
PROS-06930,REP-0032,Apex Works,1000-5000,Paid Marketing,Cloud Storage,Q4 2025,2025-12-05,Dead,1,,14900,
PROS-06931,REP-0006,Ember Dynamics,1000-5000,LinkedIn,Security Suite,Q1 2026,2026-03-12,Dead,0,,55400,
PROS-06932,REP-0028,Quantum Works,1-50,Cold Outreach,AI Platform,Q4 2025,2025-10-06,Dead,0,,52200,
PROS-06933,REP-0082,Orbit Works,51-200,Cold Outreach,AI Platform,Q2 2026,2026-05-13,Dead,0,,33100,
PROS-06934,REP-0076,Summit Solutions,201-1000,LinkedIn,Cloud Compute,Q4 2025,2025-12-31,Lost,3,2026-01-17,19600,
PROS-06935,REP-0036,Drift Partners,201-1000,Paid Marketing,Cloud Compute,Q4 2025,2025-10-07,Won,6,2025-10-25,27300,25100
PROS-06936,REP-0029,Redshift Group,201-1000,Referral,AI Platform,Q4 2025,2025-11-12,Lost,2,2025-12-29,49600,
PROS-06937,REP-0018,Atlas Labs,5000+,Website Inquiry,AI Platform,Q2 2026,2026-05-15,Lost,5,2026-06-28,190000,
PROS-06938,REP-0022,Beacon Digital,1000-5000,Website Inquiry,Cloud Compute,Q4 2025,2025-11-06,Lost,4,2025-12-12,58200,
PROS-06939,REP-0039,Zenith Holdings,5000+,Paid Marketing,Data Analytics,Q1 2026,2026-02-15,Dead,0,,153500,
PROS-06940,REP-0062,Orbit Systems,201-1000,Referral,Data Analytics,Q4 2025,2025-11-29,Lost,3,2025-12-06,24400,
PROS-06941,REP-0105,Lattice Holdings,1000-5000,Cold Outreach,Security Suite,Q2 2026,2026-05-12,Dead,0,,109600,
PROS-06942,REP-0008,Pulse Holdings,201-1000,Paid Marketing,Cloud Compute,Q1 2026,2026-03-14,Dead,2,,28000,
PROS-06943,REP-0028,Cobalt Partners,1-50,Paid Marketing,Cloud Storage,Q4 2025,2025-12-19,Lost,3,2026-01-06,5200,
PROS-06944,REP-0087,Meridian Digital,201-1000,Inbound Call,Security Suite,Q1 2026,2026-03-20,Lost,5,2026-04-17,58700,
PROS-06945,REP-0062,Pulse Digital,51-200,Inbound Call,Security Suite,Q4 2025,2025-11-29,Dead,0,,20600,
PROS-06946,REP-0020,Solace Labs,1000-5000,Paid Marketing,AI Platform,Q1 2026,2026-01-19,Dead,0,,84100,
PROS-06947,REP-0047,Lattice Systems,1000-5000,Inbound Call,Data Analytics,Q4 2025,2025-11-26,Lost,5,2025-12-17,40000,
PROS-06948,REP-0105,Fusion Digital,51-200,LinkedIn,Cloud Storage,Q2 2026,2026-04-07,Dead,1,,8000,
PROS-06949,REP-0110,Ironclad Group,201-1000,Paid Marketing,Data Analytics,Q4 2025,2025-12-21,Lost,5,2026-01-27,31800,
PROS-06950,REP-0026,Drift Group,1000-5000,LinkedIn,Security Suite,Q2 2026,2026-04-14,Dead,1,,49600,
PROS-06951,REP-0106,Ridgeline Group,1000-5000,Paid Marketing,AI Platform,Q4 2025,2025-11-22,Lost,5,2025-12-12,124100,
PROS-06952,REP-0065,Vertex Solutions,51-200,Website Inquiry,AI Platform,Q1 2026,2026-01-17,Lost,2,2026-02-21,64300,
PROS-06953,REP-0068,Orbit Holdings,51-200,Website Inquiry,Cloud Compute,Q1 2026,2026-02-03,Lost,4,2026-03-10,11500,
PROS-06954,REP-0108,Summit Dynamics,51-200,Conference,AI Platform,Q2 2026,2026-05-11,Won,2,2026-05-21,54100,57000
PROS-06955,REP-0070,Northgate Works,1000-5000,Website Inquiry,Cloud Storage,Q1 2026,2026-02-23,Lost,3,2026-03-10,28400,
PROS-06956,REP-0098,Redshift Systems,201-1000,Cold Outreach,AI Platform,Q2 2026,2026-05-16,Dead,0,,119500,
PROS-06957,REP-0028,Northgate Systems,51-200,Website Inquiry,AI Platform,Q2 2026,2026-06-28,Open,0,,46900,
PROS-06958,REP-0046,Horizon Systems,201-1000,Paid Marketing,Cloud Storage,Q2 2026,2026-05-26,Dead,0,,21100,
PROS-06959,REP-0029,Anchor Labs,201-1000,Conference,Data Analytics,Q4 2025,2025-11-30,Dead,1,,23400,
PROS-06960,REP-0019,Pulse Labs,51-200,Paid Marketing,AI Platform,Q4 2025,2025-10-08,Dead,0,,71700,
PROS-06961,REP-0014,Summit Dynamics,201-1000,Paid Marketing,AI Platform,Q2 2026,2026-04-13,Dead,0,,150000,
PROS-06962,REP-0013,Fusion Solutions,1000-5000,Paid Marketing,Security Suite,Q1 2026,2026-03-07,Dead,0,,74400,
PROS-06963,REP-0037,Horizon Holdings,201-1000,Cold Outreach,Security Suite,Q4 2025,2025-10-19,Lost,2,2025-11-29,110200,
PROS-06964,REP-0095,Granite Labs,1-50,Inbound Call,Security Suite,Q2 2026,2026-04-19,Won,4,2026-05-04,26600,30500
PROS-06965,REP-0042,Granite Partners,201-1000,Website Inquiry,AI Platform,Q4 2025,2025-10-06,Lost,2,2025-10-28,52400,
PROS-06966,REP-0074,Fusion Systems,51-200,Cold Outreach,Security Suite,Q1 2026,2026-03-27,Lost,2,2026-05-16,55500,
PROS-06967,REP-0056,Quantum Group,1-50,Referral,AI Platform,Q2 2026,2026-06-05,Lost,4,2026-06-29,35100,
PROS-06968,REP-0081,Helix Dynamics,1-50,Paid Marketing,Data Analytics,Q1 2026,2026-03-02,Lost,2,2026-03-27,15900,
PROS-06969,REP-0068,Cobalt Systems,51-200,Paid Marketing,AI Platform,Q2 2026,2026-04-13,Lost,5,2026-05-27,78100,
PROS-06970,REP-0007,Ironclad Labs,201-1000,LinkedIn,Security Suite,Q2 2026,2026-04-01,Won,5,2026-05-08,93400,95900
PROS-06971,REP-0087,Summit Digital,1000-5000,Cold Outreach,Cloud Compute,Q2 2026,2026-05-05,Lost,5,2026-06-20,64300,
PROS-06972,REP-0021,Vertex Group,201-1000,Referral,Cloud Compute,Q1 2026,2026-03-04,Dead,1,,13500,
PROS-06973,REP-0026,Ironclad Partners,1000-5000,LinkedIn,Cloud Compute,Q2 2026,2026-05-03,Dead,0,,65400,
PROS-06974,REP-0046,Anchor Labs,51-200,Paid Marketing,Cloud Compute,Q2 2026,2026-05-08,Dead,0,,20900,
PROS-06975,REP-0065,Granite Works,201-1000,Cold Outreach,AI Platform,Q1 2026,2026-01-03,Lost,4,2026-02-04,86700,
PROS-06976,REP-0016,Beacon Dynamics,5000+,LinkedIn,Data Analytics,Q1 2026,2026-02-12,Lost,2,2026-04-04,66300,
PROS-06977,REP-0044,Apex Group,1-50,LinkedIn,Data Analytics,Q4 2025,2025-10-28,Lost,4,2025-11-16,9700,
PROS-06978,REP-0081,Drift Networks,51-200,Paid Marketing,Security Suite,Q2 2026,2026-06-27,Open,0,,68200,
PROS-06979,REP-0052,Apex Systems,201-1000,Conference,Cloud Compute,Q4 2025,2025-12-12,Dead,0,,17900,
PROS-06980,REP-0032,Lattice Networks,5000+,LinkedIn,AI Platform,Q2 2026,2026-05-28,Lost,3,2026-06-27,182100,
PROS-06981,REP-0070,Catalyst Digital,51-200,Conference,Cloud Compute,Q1 2026,2026-01-13,Lost,4,2026-02-17,13300,
PROS-06982,REP-0060,Summit Labs,1000-5000,Inbound Call,Security Suite,Q1 2026,2026-03-26,Lost,5,2026-05-27,97200,
PROS-06983,REP-0059,Lattice Solutions,1-50,Cold Outreach,Cloud Compute,Q1 2026,2026-01-20,Won,4,2026-02-06,11200,9800
PROS-06984,REP-0102,Nova Systems,1-50,Website Inquiry,AI Platform,Q1 2026,2026-02-16,Lost,4,2026-03-08,24100,
PROS-06985,REP-0088,Atlas Group,51-200,Paid Marketing,Cloud Storage,Q1 2026,2026-01-03,Dead,0,,12700,
PROS-06986,REP-0010,Lattice Systems,1000-5000,LinkedIn,Cloud Storage,Q2 2026,2026-05-26,Lost,5,2026-06-29,13100,
PROS-06987,REP-0064,Nimbus Group,201-1000,LinkedIn,Cloud Compute,Q4 2025,2025-10-21,Lost,3,2025-11-23,22100,
PROS-06988,REP-0087,Vantage Industries,201-1000,Paid Marketing,Data Analytics,Q1 2026,2026-03-03,Lost,2,2026-03-31,48700,
PROS-06989,REP-0022,Atlas Holdings,1000-5000,LinkedIn,Cloud Compute,Q1 2026,2026-02-01,Dead,0,,28700,
PROS-06990,REP-0022,Ember Networks,1000-5000,Referral,Cloud Storage,Q1 2026,2026-02-26,Lost,4,2026-04-03,17100,
PROS-06991,REP-0025,Vantage Group,201-1000,Paid Marketing,Data Analytics,Q1 2026,2026-02-16,Lost,5,2026-03-05,51700,
PROS-06992,REP-0068,Pulse Industries,201-1000,Referral,AI Platform,Q2 2026,2026-06-01,Open,0,,90500,
PROS-06993,REP-0033,Atlas Technologies,5000+,Paid Marketing,Cloud Storage,Q1 2026,2026-02-18,Lost,3,2026-04-08,19800,
PROS-06994,REP-0109,Catalyst Group,51-200,Inbound Call,Cloud Storage,Q4 2025,2025-10-26,Lost,2,2025-11-03,16700,
PROS-06995,REP-0066,Zenith Works,1000-5000,Website Inquiry,Data Analytics,Q4 2025,2025-11-25,Dead,0,,85700,
PROS-06996,REP-0052,Anchor Holdings,1000-5000,Conference,Cloud Compute,Q4 2025,2025-11-22,Lost,5,2026-02-19,36900,
PROS-06997,REP-0029,Summit Technologies,201-1000,Cold Outreach,Data Analytics,Q1 2026,2026-02-24,Lost,2,2026-03-15,37200,
PROS-06998,REP-0015,Apex Works,1-50,Website Inquiry,AI Platform,Q2 2026,2026-05-03,Won,2,2026-05-14,29400,26200
PROS-06999,REP-0106,Ridgeline Solutions,201-1000,Website Inquiry,Cloud Storage,Q4 2025,2025-10-27,Dead,1,,19000,
PROS-07000,REP-0017,Apex Solutions,201-1000,Website Inquiry,Security Suite,Q1 2026,2026-03-20,Lost,2,2026-04-22,47300,
PROS-07001,REP-0005,Beacon Industries,51-200,Cold Outreach,Cloud Compute,Q1 2026,2026-01-16,Lost,4,2026-02-07,16000,
PROS-07002,REP-0109,Summit Solutions,1-50,Referral,Cloud Compute,Q4 2025,2025-11-21,Dead,0,,8200,
PROS-07003,REP-0002,Ironclad Systems,5000+,Paid Marketing,Security Suite,Q2 2026,2026-05-15,Lost,4,2026-06-30,100300,
PROS-07004,REP-0058,Orbit Industries,201-1000,Referral,AI Platform,Q1 2026,2026-02-17,Lost,4,2026-05-09,121300,
PROS-07005,REP-0036,Lattice Technologies,51-200,LinkedIn,Cloud Compute,Q4 2025,2025-12-16,Lost,4,2026-01-29,21400,
PROS-07006,REP-0088,Ember Technologies,1-50,Cold Outreach,Security Suite,Q2 2026,2026-06-30,Open,1,,17700,
PROS-07007,REP-0089,Meridian Solutions,1-50,Website Inquiry,Security Suite,Q4 2025,2025-12-23,Dead,0,,20900,
PROS-07008,REP-0035,Vertex Holdings,1000-5000,Cold Outreach,AI Platform,Q2 2026,2026-05-22,Lost,4,2026-06-28,267600,
PROS-07009,REP-0024,Anchor Technologies,51-200,Paid Marketing,AI Platform,Q1 2026,2026-02-22,Lost,4,2026-03-14,87600,
PROS-07010,REP-0091,Nova Holdings,51-200,Website Inquiry,Data Analytics,Q4 2025,2025-10-01,Lost,2,2025-10-29,15700,
PROS-07011,REP-0062,Sterling Networks,1-50,LinkedIn,Security Suite,Q4 2025,2025-11-19,Lost,3,2025-11-27,13800,
PROS-07012,REP-0071,Quantum Networks,201-1000,Cold Outreach,Cloud Compute,Q1 2026,2026-02-17,Lost,5,2026-03-08,28400,
PROS-07013,REP-0096,Lattice Networks,201-1000,Paid Marketing,Cloud Compute,Q2 2026,2026-06-17,Open,1,,33000,
PROS-07014,REP-0002,Northgate Works,1000-5000,Paid Marketing,Security Suite,Q2 2026,2026-06-18,Dead,0,,87100,
PROS-07015,REP-0016,Drift Digital,1000-5000,Website Inquiry,AI Platform,Q4 2025,2025-11-22,Lost,4,2026-01-03,195900,
PROS-07016,REP-0084,Orbit Digital,51-200,Paid Marketing,Cloud Compute,Q2 2026,2026-04-26,Dead,0,,28300,
PROS-07017,REP-0054,Nova Labs,201-1000,Conference,AI Platform,Q2 2026,2026-05-09,Dead,0,,59200,
PROS-07018,REP-0096,Vantage Holdings,1-50,Website Inquiry,AI Platform,Q2 2026,2026-06-20,Open,0,,36400,
PROS-07019,REP-0001,Beacon Systems,1000-5000,Inbound Call,AI Platform,Q4 2025,2025-12-31,Lost,3,2026-02-18,306500,
PROS-07020,REP-0106,Redshift Systems,51-200,Paid Marketing,AI Platform,Q4 2025,2025-10-05,Lost,3,2025-11-06,46700,
PROS-07021,REP-0087,Lattice Labs,1000-5000,LinkedIn,AI Platform,Q2 2026,2026-05-21,Dead,0,,182900,
PROS-07022,REP-0063,Apex Technologies,51-200,Cold Outreach,Cloud Storage,Q4 2025,2025-11-26,Won,4,2025-12-11,9000,8300
PROS-07023,REP-0092,Meridian Networks,1000-5000,Cold Outreach,Cloud Compute,Q1 2026,2026-02-15,Lost,3,2026-04-25,51600,
PROS-07024,REP-0083,Horizon Group,1000-5000,Cold Outreach,Cloud Compute,Q1 2026,2026-01-27,Lost,3,2026-02-26,45000,
PROS-07025,REP-0054,Sterling Partners,1000-5000,LinkedIn,Cloud Storage,Q4 2025,2025-12-24,Dead,0,,23400,
PROS-07026,REP-0038,Zenith Dynamics,51-200,Cold Outreach,AI Platform,Q2 2026,2026-05-26,Lost,3,2026-06-29,52600,
PROS-07027,REP-0085,Ember Digital,1000-5000,Inbound Call,Data Analytics,Q4 2025,2025-10-14,Lost,4,2026-01-04,69300,
PROS-07028,REP-0095,Zenith Networks,1-50,Paid Marketing,Data Analytics,Q1 2026,2026-03-04,Dead,0,,13400,
PROS-07029,REP-0038,Drift Labs,1000-5000,Website Inquiry,Cloud Compute,Q2 2026,2026-06-16,Open,0,,65900,
PROS-07030,REP-0046,Beacon Systems,201-1000,Cold Outreach,Cloud Compute,Q1 2026,2026-01-04,Won,6,2026-02-08,20900,20200
PROS-07031,REP-0044,Atlas Works,51-200,Paid Marketing,AI Platform,Q2 2026,2026-06-02,Open,0,,72100,
PROS-07032,REP-0009,Meridian Solutions,5000+,Website Inquiry,Cloud Storage,Q1 2026,2026-01-02,Lost,5,2026-04-02,31900,
PROS-07033,REP-0089,Vantage Solutions,51-200,Cold Outreach,Security Suite,Q2 2026,2026-04-30,Lost,3,2026-05-17,25900,
PROS-07034,REP-0028,Drift Industries,1-50,Paid Marketing,Cloud Storage,Q1 2026,2026-01-30,Lost,3,2026-02-13,6200,
PROS-07035,REP-0025,Ember Works,201-1000,Website Inquiry,AI Platform,Q2 2026,2026-06-04,Open,0,,131700,
PROS-07036,REP-0045,Vantage Labs,1000-5000,Website Inquiry,Cloud Compute,Q2 2026,2026-05-26,Lost,2,2026-06-29,45800,
PROS-07037,REP-0072,Vantage Group,51-200,Cold Outreach,AI Platform,Q1 2026,2026-02-28,Dead,0,,92700,
PROS-07038,REP-0056,Vantage Labs,1-50,Cold Outreach,AI Platform,Q1 2026,2026-02-22,Dead,1,,31700,
PROS-07039,REP-0063,Lattice Labs,1-50,Cold Outreach,Data Analytics,Q2 2026,2026-06-05,Open,2,,9200,
PROS-07040,REP-0107,Apex Technologies,1000-5000,Paid Marketing,Cloud Compute,Q1 2026,2026-03-07,Dead,0,,61400,
PROS-07041,REP-0064,Redshift Partners,51-200,Cold Outreach,Cloud Storage,Q4 2025,2025-12-16,Lost,4,2026-01-16,6400,
PROS-07042,REP-0001,Atlas Systems,201-1000,Paid Marketing,Cloud Compute,Q4 2025,2025-12-15,Dead,0,,24500,
PROS-07043,REP-0096,Drift Systems,1-50,Paid Marketing,Cloud Storage,Q4 2025,2025-10-29,Lost,3,2025-11-22,6100,
PROS-07044,REP-0024,Wavefront Solutions,51-200,LinkedIn,Cloud Compute,Q4 2025,2025-12-20,Dead,0,,19600,
PROS-07045,REP-0087,Beacon Systems,201-1000,Website Inquiry,Cloud Compute,Q1 2026,2026-02-15,Dead,0,,24800,
PROS-07046,REP-0081,Vantage Group,51-200,LinkedIn,Security Suite,Q2 2026,2026-05-15,Dead,0,,27700,
PROS-07047,REP-0011,Granite Solutions,1-50,LinkedIn,Cloud Compute,Q4 2025,2025-11-12,Lost,5,2025-11-26,7700,
PROS-07048,REP-0057,Solace Works,1000-5000,Cold Outreach,AI Platform,Q1 2026,2026-03-30,Lost,5,2026-06-21,57700,
PROS-07049,REP-0026,Wavefront Holdings,201-1000,Inbound Call,Cloud Compute,Q1 2026,2026-03-16,Lost,5,2026-04-06,26000,
PROS-07050,REP-0054,Meridian Systems,51-200,Conference,AI Platform,Q1 2026,2026-03-04,Won,3,2026-04-19,129200,114100
PROS-07051,REP-0108,Fusion Dynamics,51-200,Cold Outreach,Cloud Storage,Q1 2026,2026-01-22,Lost,2,2026-02-02,8400,
PROS-07052,REP-0092,Fusion Technologies,5000+,LinkedIn,Cloud Storage,Q2 2026,2026-06-16,Open,1,,36300,
PROS-07053,REP-0076,Ironclad Technologies,51-200,Conference,AI Platform,Q4 2025,2025-11-17,Won,2,2025-12-08,89900,78200
PROS-07054,REP-0038,Fusion Group,1000-5000,Conference,Cloud Compute,Q4 2025,2025-11-02,Dead,0,,44100,
PROS-07055,REP-0028,Zenith Industries,1-50,LinkedIn,AI Platform,Q2 2026,2026-05-22,Lost,4,2026-06-03,29400,
PROS-07056,REP-0010,Nimbus Networks,201-1000,Paid Marketing,AI Platform,Q2 2026,2026-06-08,Open,1,,119800,
PROS-07057,REP-0076,Cobalt Partners,1-50,Referral,Cloud Storage,Q4 2025,2025-12-02,Dead,1,,5700,
PROS-07058,REP-0099,Pulse Dynamics,51-200,Website Inquiry,Cloud Storage,Q4 2025,2025-10-04,Lost,2,2025-11-12,14200,
PROS-07059,REP-0062,Nova Networks,1-50,LinkedIn,Cloud Storage,Q2 2026,2026-05-21,Lost,4,2026-06-03,5200,
PROS-07060,REP-0067,Ember Systems,1000-5000,Paid Marketing,Cloud Compute,Q4 2025,2025-11-04,Dead,1,,43300,
PROS-07061,REP-0020,Vantage Partners,1000-5000,LinkedIn,AI Platform,Q1 2026,2026-02-15,Dead,1,,189400,
PROS-07062,REP-0059,Nova Industries,1-50,Inbound Call,AI Platform,Q2 2026,2026-04-24,Lost,2,2026-05-07,18400,
PROS-07063,REP-0007,Pulse Works,201-1000,Website Inquiry,Data Analytics,Q1 2026,2026-03-03,Lost,5,2026-04-07,58200,
PROS-07064,REP-0034,Drift Industries,201-1000,Conference,Cloud Storage,Q2 2026,2026-05-22,Lost,4,2026-06-30,10200,
PROS-07065,REP-0090,Vantage Industries,5000+,Paid Marketing,Data Analytics,Q1 2026,2026-03-25,Lost,3,2026-04-29,54500,
PROS-07066,REP-0010,Helix Labs,201-1000,Website Inquiry,Cloud Compute,Q2 2026,2026-06-15,Open,1,,17400,
PROS-07067,REP-0091,Ember Holdings,201-1000,Inbound Call,Security Suite,Q1 2026,2026-01-29,Lost,2,2026-02-21,69700,
PROS-07068,REP-0096,Orbit Industries,1-50,Referral,Cloud Storage,Q2 2026,2026-04-02,Dead,0,,7900,
PROS-07069,REP-0058,Quantum Digital,5000+,Paid Marketing,AI Platform,Q2 2026,2026-05-11,Won,6,2026-06-30,247900,235400
PROS-07070,REP-0062,Catalyst Industries,1-50,LinkedIn,AI Platform,Q1 2026,2026-03-31,Lost,4,2026-04-14,40100,
PROS-07071,REP-0008,Redshift Digital,201-1000,Cold Outreach,Cloud Compute,Q4 2025,2025-10-23,Lost,2,2025-11-23,40500,
PROS-07072,REP-0047,Vantage Systems,201-1000,Cold Outreach,Cloud Storage,Q4 2025,2025-12-06,Dead,0,,11100,
PROS-07073,REP-0063,Lattice Group,1-50,Cold Outreach,AI Platform,Q2 2026,2026-06-12,Lost,3,2026-06-28,55500,
PROS-07074,REP-0011,Orbit Holdings,51-200,Cold Outreach,Cloud Storage,Q1 2026,2026-03-13,Lost,4,2026-03-27,7900,
PROS-07075,REP-0003,Northgate Technologies,51-200,Cold Outreach,Data Analytics,Q1 2026,2026-01-01,Lost,3,2026-01-19,27000,
PROS-07076,REP-0053,Solace Industries,1-50,Paid Marketing,Data Analytics,Q2 2026,2026-04-02,Lost,4,2026-04-15,12000,
PROS-07077,REP-0049,Orbit Networks,51-200,Conference,Security Suite,Q2 2026,2026-05-25,Lost,5,2026-06-28,44200,
PROS-07078,REP-0069,Horizon Solutions,201-1000,Paid Marketing,Cloud Compute,Q4 2025,2025-11-16,Dead,0,,36700,
PROS-07079,REP-0063,Zenith Networks,201-1000,Paid Marketing,Cloud Compute,Q2 2026,2026-04-17,Lost,5,2026-04-29,17200,
PROS-07080,REP-0109,Northgate Group,51-200,Conference,AI Platform,Q4 2025,2025-12-10,Won,3,2025-12-31,65800,70400
PROS-07081,REP-0054,Northgate Group,51-200,Paid Marketing,Cloud Storage,Q1 2026,2026-02-05,Lost,5,2026-03-02,10200,
PROS-07082,REP-0098,Atlas Holdings,201-1000,Paid Marketing,Security Suite,Q1 2026,2026-03-17,Lost,2,2026-04-12,97800,
PROS-07083,REP-0054,Ember Industries,201-1000,LinkedIn,Data Analytics,Q2 2026,2026-04-12,Won,3,2026-05-21,25600,28400
PROS-07084,REP-0030,Drift Group,1000-5000,Website Inquiry,Data Analytics,Q1 2026,2026-03-20,Lost,2,2026-06-10,69400,
PROS-07085,REP-0059,Helix Holdings,201-1000,Paid Marketing,Security Suite,Q4 2025,2025-11-18,Lost,2,2025-11-30,79200,
PROS-07086,REP-0092,Vertex Labs,5000+,Inbound Call,Cloud Compute,Q4 2025,2025-10-06,Lost,2,2025-11-21,60700,
PROS-07087,REP-0085,Anchor Systems,1000-5000,Cold Outreach,Cloud Storage,Q4 2025,2025-10-14,Lost,4,2026-01-06,20800,
PROS-07088,REP-0046,Beacon Systems,51-200,Paid Marketing,Cloud Compute,Q1 2026,2026-02-16,Lost,4,2026-03-22,14100,
PROS-07089,REP-0067,Nimbus Industries,1000-5000,Cold Outreach,Cloud Storage,Q1 2026,2026-03-28,Dead,0,,17500,
PROS-07090,REP-0092,Beacon Works,5000+,Paid Marketing,Cloud Storage,Q1 2026,2026-03-08,Lost,2,2026-04-12,38300,
PROS-07091,REP-0049,Catalyst Partners,1000-5000,LinkedIn,Security Suite,Q2 2026,2026-04-29,Dead,1,,47900,
PROS-07092,REP-0046,Redshift Industries,1000-5000,Referral,Cloud Compute,Q4 2025,2025-10-18,Won,4,2025-12-05,56300,63900
PROS-07093,REP-0030,Apex Digital,201-1000,Website Inquiry,Data Analytics,Q1 2026,2026-03-19,Lost,4,2026-06-04,28200,
PROS-07094,REP-0084,Northgate Solutions,201-1000,Paid Marketing,Data Analytics,Q2 2026,2026-04-12,Dead,0,,51500,
PROS-07095,REP-0004,Beacon Systems,1-50,Paid Marketing,AI Platform,Q2 2026,2026-06-29,Open,0,,62200,
PROS-07096,REP-0054,Sterling Systems,1000-5000,Cold Outreach,Cloud Compute,Q4 2025,2025-12-29,Dead,1,,68200,
PROS-07097,REP-0032,Helix Holdings,1000-5000,Cold Outreach,Cloud Compute,Q1 2026,2026-03-22,Lost,5,2026-05-16,25800,
PROS-07098,REP-0097,Fusion Industries,51-200,Cold Outreach,Cloud Compute,Q4 2025,2025-12-10,Lost,5,2026-01-19,11500,
PROS-07099,REP-0064,Ironclad Networks,201-1000,Paid Marketing,Cloud Compute,Q2 2026,2026-06-01,Open,0,,28700,
PROS-07100,REP-0024,Helix Partners,1-50,Inbound Call,Security Suite,Q1 2026,2026-03-07,Lost,4,2026-03-19,21800,
PROS-07101,REP-0071,Fusion Holdings,51-200,Cold Outreach,Security Suite,Q2 2026,2026-06-26,Open,0,,19600,
PROS-07102,REP-0061,Nova Systems,5000+,Cold Outreach,Data Analytics,Q2 2026,2026-06-09,Open,1,,104300,
PROS-07103,REP-0085,Summit Works,1000-5000,LinkedIn,Cloud Compute,Q1 2026,2026-02-04,Lost,4,2026-04-08,33000,
PROS-07104,REP-0025,Summit Systems,1000-5000,Website Inquiry,Cloud Storage,Q4 2025,2025-11-15,Won,3,2025-12-03,16100,14600
PROS-07105,REP-0028,Apex Solutions,51-200,Website Inquiry,Data Analytics,Q2 2026,2026-04-09,Dead,0,,27400,
PROS-07106,REP-0065,Sterling Industries,1000-5000,Referral,Cloud Compute,Q2 2026,2026-05-08,Dead,1,,36300,
PROS-07107,REP-0036,Quantum Holdings,51-200,Cold Outreach,Cloud Compute,Q1 2026,2026-03-07,Lost,2,2026-04-14,33700,
PROS-07108,REP-0015,Fusion Dynamics,1-50,Paid Marketing,Cloud Storage,Q1 2026,2026-02-12,Dead,0,,8400,
PROS-07109,REP-0010,Summit Networks,1000-5000,Referral,Cloud Storage,Q4 2025,2025-12-02,Dead,0,,18500,
PROS-07110,REP-0008,Drift Networks,1000-5000,Paid Marketing,Cloud Compute,Q1 2026,2026-02-08,Dead,0,,72000,
PROS-07111,REP-0024,Summit Digital,51-200,Paid Marketing,Data Analytics,Q4 2025,2025-11-12,Lost,3,2025-11-21,24700,
PROS-07112,REP-0004,Sterling Digital,51-200,Cold Outreach,Security Suite,Q4 2025,2025-11-18,Dead,0,,33500,
PROS-07113,REP-0088,Fusion Solutions,51-200,Paid Marketing,AI Platform,Q4 2025,2025-10-15,Dead,2,,90500,
PROS-07114,REP-0075,Fusion Dynamics,1000-5000,Inbound Call,Cloud Storage,Q1 2026,2026-01-01,Lost,3,2026-02-05,19500,
PROS-07115,REP-0010,Northgate Solutions,201-1000,LinkedIn,AI Platform,Q2 2026,2026-06-01,Lost,4,2026-06-29,117600,
PROS-07116,REP-0087,Helix Dynamics,51-200,Conference,AI Platform,Q4 2025,2025-10-12,Dead,1,,63600,
PROS-07117,REP-0024,Ember Solutions,1-50,Paid Marketing,Cloud Compute,Q2 2026,2026-06-06,Open,0,,6400,
PROS-07118,REP-0079,Granite Technologies,1-50,Conference,Cloud Storage,Q2 2026,2026-04-10,Dead,0,,6100,
PROS-07119,REP-0054,Helix Solutions,201-1000,Cold Outreach,Cloud Compute,Q1 2026,2026-03-20,Lost,4,2026-05-01,37300,
PROS-07120,REP-0012,Atlas Systems,1-50,Referral,Cloud Storage,Q4 2025,2025-12-18,Won,4,2025-12-29,5800,5200
PROS-07121,REP-0034,Drift Technologies,1000-5000,LinkedIn,Cloud Compute,Q1 2026,2026-02-13,Lost,3,2026-03-15,30600,
PROS-07122,REP-0008,Vertex Networks,201-1000,Paid Marketing,Cloud Storage,Q2 2026,2026-06-05,Open,1,,17200,
PROS-07123,REP-0075,Summit Partners,201-1000,Conference,Cloud Storage,Q4 2025,2025-12-10,Dead,0,,15500,
PROS-07124,REP-0010,Orbit Labs,201-1000,Paid Marketing,AI Platform,Q1 2026,2026-03-09,Dead,1,,53400,
PROS-07125,REP-0097,Beacon Technologies,1000-5000,Inbound Call,Security Suite,Q4 2025,2025-12-11,Lost,5,2025-12-27,59500,
PROS-07126,REP-0059,Atlas Industries,1-50,Referral,Cloud Compute,Q1 2026,2026-01-17,Won,2,2026-02-05,11000,10500
PROS-07127,REP-0047,Beacon Holdings,51-200,Conference,Cloud Compute,Q2 2026,2026-04-24,Won,5,2026-05-18,24700,27000
PROS-07128,REP-0085,Nimbus Digital,201-1000,Website Inquiry,Security Suite,Q1 2026,2026-02-10,Dead,0,,42800,
PROS-07129,REP-0005,Apex Dynamics,1-50,Website Inquiry,Cloud Storage,Q4 2025,2025-11-16,Lost,4,2025-12-08,5000,
PROS-07130,REP-0047,Sterling Solutions,1000-5000,Inbound Call,AI Platform,Q2 2026,2026-04-27,Dead,1,,176700,
PROS-07131,REP-0045,Anchor Partners,5000+,LinkedIn,AI Platform,Q2 2026,2026-04-10,Lost,4,2026-05-12,309300,
PROS-07132,REP-0046,Vertex Solutions,201-1000,Paid Marketing,Cloud Compute,Q1 2026,2026-01-11,Lost,5,2026-02-27,49600,
PROS-07133,REP-0038,Ember Group,201-1000,Paid Marketing,Data Analytics,Q2 2026,2026-05-30,Open,2,,55700,
PROS-07134,REP-0096,Atlas Partners,201-1000,Paid Marketing,AI Platform,Q1 2026,2026-01-06,Dead,1,,47500,
PROS-07135,REP-0061,Solace Works,1000-5000,Inbound Call,Cloud Compute,Q1 2026,2026-03-14,Lost,2,2026-06-11,44300,
PROS-07136,REP-0077,Solace Dynamics,1-50,Cold Outreach,Security Suite,Q2 2026,2026-06-13,Open,2,,20900,
PROS-07137,REP-0013,Vertex Digital,1000-5000,Paid Marketing,AI Platform,Q2 2026,2026-06-13,Open,0,,124900,
PROS-07138,REP-0050,Cobalt Solutions,1000-5000,LinkedIn,Security Suite,Q2 2026,2026-06-29,Open,0,,116400,
PROS-07139,REP-0036,Wavefront Dynamics,201-1000,Inbound Call,Cloud Storage,Q4 2025,2025-12-04,Dead,0,,24000,
PROS-07140,REP-0089,Wavefront Partners,51-200,Paid Marketing,Cloud Storage,Q4 2025,2025-10-05,Lost,2,2025-10-12,8400,
PROS-07141,REP-0072,Horizon Dynamics,51-200,Website Inquiry,Data Analytics,Q2 2026,2026-04-21,Dead,1,,29900,
PROS-07142,REP-0083,Cobalt Holdings,51-200,LinkedIn,Security Suite,Q1 2026,2026-02-13,Lost,3,2026-03-02,60200,
PROS-07143,REP-0058,Catalyst Works,1000-5000,Conference,Data Analytics,Q2 2026,2026-06-02,Open,1,,105700,
PROS-07144,REP-0092,Ridgeline Digital,5000+,Cold Outreach,Security Suite,Q4 2025,2025-10-31,Won,5,2025-12-25,73300,73900
PROS-07145,REP-0107,Orbit Digital,201-1000,Website Inquiry,Data Analytics,Q4 2025,2025-12-28,Lost,5,2026-02-15,71200,
PROS-07146,REP-0012,Ember Technologies,1-50,Cold Outreach,AI Platform,Q1 2026,2026-03-26,Lost,2,2026-04-04,58400,
PROS-07147,REP-0041,Nimbus Technologies,201-1000,Website Inquiry,Data Analytics,Q1 2026,2026-03-10,Won,5,2026-04-06,38600,35800
PROS-07148,REP-0107,Ridgeline Labs,201-1000,Cold Outreach,Data Analytics,Q2 2026,2026-04-26,Lost,4,2026-06-04,29900,
PROS-07149,REP-0072,Cobalt Networks,201-1000,Inbound Call,AI Platform,Q1 2026,2026-02-05,Dead,2,,111800,
PROS-07150,REP-0093,Ember Industries,1-50,Cold Outreach,Cloud Compute,Q2 2026,2026-06-21,Open,1,,5100,
PROS-07151,REP-0025,Atlas Holdings,51-200,Paid Marketing,AI Platform,Q2 2026,2026-04-12,Dead,1,,58100,
PROS-07152,REP-0088,Ember Holdings,1-50,LinkedIn,Cloud Storage,Q4 2025,2025-10-10,Lost,2,2025-10-26,6200,
PROS-07153,REP-0083,Beacon Labs,51-200,Conference,Cloud Compute,Q1 2026,2026-03-03,Lost,4,2026-04-13,22300,
PROS-07154,REP-0015,Northgate Technologies,1-50,Paid Marketing,Data Analytics,Q4 2025,2025-10-30,Dead,0,,20600,
PROS-07155,REP-0028,Horizon Works,1-50,Paid Marketing,AI Platform,Q1 2026,2026-03-25,Lost,3,2026-04-02,55500,
PROS-07156,REP-0080,Quantum Industries,201-1000,Conference,AI Platform,Q2 2026,2026-05-05,Lost,5,2026-06-03,42100,
PROS-07157,REP-0003,Summit Industries,1-50,LinkedIn,Cloud Storage,Q4 2025,2025-12-13,Lost,2,2025-12-29,5300,
PROS-07158,REP-0108,Ironclad Digital,201-1000,Cold Outreach,AI Platform,Q2 2026,2026-06-15,Open,1,,153300,
PROS-07159,REP-0083,Ember Systems,201-1000,Paid Marketing,Cloud Compute,Q4 2025,2025-12-17,Lost,2,2026-01-27,20100,
PROS-07160,REP-0049,Ironclad Technologies,51-200,LinkedIn,Cloud Storage,Q4 2025,2025-11-21,Lost,3,2025-12-19,12400,
PROS-07161,REP-0089,Quantum Labs,51-200,Conference,Security Suite,Q2 2026,2026-06-27,Open,2,,30000,
PROS-07162,REP-0022,Summit Holdings,1000-5000,Paid Marketing,Cloud Compute,Q1 2026,2026-03-02,Dead,0,,31000,
PROS-07163,REP-0094,Orbit Works,1-50,Paid Marketing,Security Suite,Q4 2025,2025-11-08,Dead,0,,41100,
PROS-07164,REP-0028,Atlas Technologies,51-200,Cold Outreach,Data Analytics,Q2 2026,2026-04-27,Dead,1,,19600,
PROS-07165,REP-0003,Granite Works,201-1000,Paid Marketing,AI Platform,Q4 2025,2025-12-25,Lost,3,2026-01-11,86400,
PROS-07166,REP-0088,Cobalt Group,201-1000,Cold Outreach,Cloud Storage,Q1 2026,2026-01-02,Lost,5,2026-01-12,15700,
PROS-07167,REP-0033,Solace Partners,5000+,Cold Outreach,Cloud Compute,Q2 2026,2026-05-02,Dead,0,,45600,
PROS-07168,REP-0072,Summit Holdings,201-1000,Paid Marketing,Data Analytics,Q4 2025,2025-10-11,Lost,4,2025-11-25,25900,
PROS-07169,REP-0081,Northgate Works,1-50,Referral,Cloud Storage,Q1 2026,2026-01-20,Dead,0,,4800,
PROS-07170,REP-0024,Lattice Digital,201-1000,Cold Outreach,Data Analytics,Q1 2026,2026-01-17,Lost,4,2026-01-24,42200,
PROS-07171,REP-0076,Fusion Networks,1-50,Conference,Cloud Compute,Q4 2025,2025-11-04,Dead,0,,8700,
PROS-07172,REP-0069,Nova Partners,1000-5000,Conference,Cloud Compute,Q1 2026,2026-02-26,Lost,5,2026-03-14,44300,
PROS-07173,REP-0082,Nova Solutions,51-200,Cold Outreach,Cloud Compute,Q1 2026,2026-02-27,Dead,0,,20900,
PROS-07174,REP-0089,Pulse Technologies,1-50,Paid Marketing,AI Platform,Q1 2026,2026-02-23,Lost,3,2026-03-04,23100,
PROS-07175,REP-0103,Helix Dynamics,1-50,Inbound Call,Data Analytics,Q4 2025,2025-11-28,Won,3,2025-12-23,16400,14100
PROS-07176,REP-0021,Zenith Dynamics,51-200,Paid Marketing,AI Platform,Q2 2026,2026-06-11,Open,3,,53400,
PROS-07177,REP-0037,Sterling Holdings,51-200,Inbound Call,Cloud Compute,Q2 2026,2026-05-29,Open,0,,22600,
PROS-07178,REP-0049,Apex Solutions,51-200,Paid Marketing,Cloud Compute,Q1 2026,2026-03-16,Lost,4,2026-04-03,17300,
PROS-07179,REP-0020,Sterling Group,1000-5000,Website Inquiry,Cloud Compute,Q1 2026,2026-02-18,Dead,0,,56100,
PROS-07180,REP-0014,Horizon Group,51-200,Cold Outreach,Cloud Compute,Q2 2026,2026-04-30,Dead,0,,25100,
PROS-07181,REP-0039,Meridian Solutions,1000-5000,Paid Marketing,AI Platform,Q1 2026,2026-02-21,Lost,2,2026-05-03,122000,
PROS-07182,REP-0081,Catalyst Labs,1-50,Website Inquiry,AI Platform,Q1 2026,2026-02-09,Lost,3,2026-02-28,36800,
PROS-07183,REP-0021,Ember Partners,1-50,Inbound Call,Data Analytics,Q4 2025,2025-10-29,Lost,3,2025-11-08,21300,
PROS-07184,REP-0027,Apex Works,5000+,Paid Marketing,Cloud Compute,Q2 2026,2026-04-10,Dead,1,,85400,
PROS-07185,REP-0108,Wavefront Works,1-50,LinkedIn,AI Platform,Q2 2026,2026-04-04,Dead,0,,46700,
PROS-07186,REP-0060,Solace Systems,1000-5000,Conference,Cloud Storage,Q2 2026,2026-06-05,Lost,2,2026-06-29,25200,
PROS-07187,REP-0088,Ironclad Technologies,1-50,LinkedIn,AI Platform,Q2 2026,2026-06-02,Open,1,,49100,
PROS-07188,REP-0083,Sterling Labs,1000-5000,Paid Marketing,Security Suite,Q4 2025,2025-10-05,Lost,4,2025-11-21,111700,
PROS-07189,REP-0068,Vertex Digital,51-200,LinkedIn,Cloud Storage,Q4 2025,2025-12-14,Dead,2,,8400,
PROS-07190,REP-0069,Horizon Solutions,201-1000,Paid Marketing,Cloud Storage,Q1 2026,2026-01-11,Dead,0,,12100,
PROS-07191,REP-0088,Nimbus Solutions,51-200,Inbound Call,Security Suite,Q2 2026,2026-05-28,Open,1,,44300,
PROS-07192,REP-0101,Solace Industries,201-1000,Inbound Call,Cloud Compute,Q1 2026,2026-02-17,Won,5,2026-03-16,37700,42700
PROS-07193,REP-0069,Nova Labs,201-1000,Website Inquiry,Cloud Storage,Q1 2026,2026-03-16,Dead,2,,16800,
PROS-07194,REP-0021,Apex Dynamics,1-50,Inbound Call,Cloud Storage,Q2 2026,2026-04-17,Dead,0,,5300,
PROS-07195,REP-0004,Nimbus Works,51-200,Paid Marketing,Cloud Compute,Q1 2026,2026-03-19,Dead,0,,30500,
PROS-07196,REP-0005,Quantum Group,201-1000,Inbound Call,Cloud Storage,Q1 2026,2026-02-06,Lost,3,2026-02-16,15000,
PROS-07197,REP-0004,Solace Industries,1-50,Referral,Security Suite,Q1 2026,2026-03-04,Lost,3,2026-03-27,27200,
PROS-07198,REP-0056,Drift Digital,51-200,Paid Marketing,Data Analytics,Q2 2026,2026-04-16,Dead,0,,31100,
PROS-07199,REP-0044,Ironclad Networks,201-1000,Paid Marketing,Data Analytics,Q1 2026,2026-03-26,Dead,0,,26700,
PROS-07200,REP-0010,Atlas Systems,51-200,LinkedIn,Data Analytics,Q1 2026,2026-02-06,Won,4,2026-03-07,14300,13400
PROS-07201,REP-0049,Wavefront Networks,51-200,Website Inquiry,Data Analytics,Q1 2026,2026-03-19,Lost,5,2026-05-06,31400,
PROS-07202,REP-0003,Meridian Industries,1-50,Cold Outreach,Data Analytics,Q2 2026,2026-05-05,Lost,5,2026-05-29,21300,
PROS-07203,REP-0076,Anchor Solutions,1-50,Paid Marketing,AI Platform,Q4 2025,2025-11-01,Dead,0,,31100,
PROS-07204,REP-0069,Beacon Works,201-1000,Cold Outreach,Cloud Storage,Q2 2026,2026-05-18,Lost,2,2026-06-29,14300,
PROS-07205,REP-0076,Lattice Group,1-50,Paid Marketing,Cloud Compute,Q2 2026,2026-05-28,Open,2,,12900,
PROS-07206,REP-0064,Zenith Solutions,201-1000,LinkedIn,AI Platform,Q1 2026,2026-02-22,Lost,3,2026-04-13,120200,
PROS-07207,REP-0044,Solace Holdings,51-200,Cold Outreach,Data Analytics,Q1 2026,2026-01-16,Lost,3,2026-02-01,29500,
PROS-07208,REP-0005,Granite Networks,1-50,Paid Marketing,AI Platform,Q2 2026,2026-04-19,Lost,2,2026-05-01,44400,
PROS-07209,REP-0091,Nimbus Works,201-1000,LinkedIn,Data Analytics,Q1 2026,2026-02-04,Lost,4,2026-02-20,29100,
PROS-07210,REP-0035,Horizon Networks,5000+,Conference,Cloud Compute,Q2 2026,2026-06-13,Open,0,,82100,
PROS-07211,REP-0068,Helix Works,51-200,LinkedIn,Security Suite,Q1 2026,2026-03-13,Lost,5,2026-04-14,49900,
PROS-07212,REP-0077,Catalyst Group,201-1000,Referral,Security Suite,Q1 2026,2026-03-18,Won,4,2026-04-09,84100,78800
PROS-07213,REP-0005,Orbit Partners,51-200,LinkedIn,Cloud Compute,Q1 2026,2026-01-23,Dead,0,,22400,
PROS-07214,REP-0063,Fusion Holdings,1-50,Cold Outreach,Cloud Compute,Q4 2025,2025-10-24,Won,3,2025-11-01,10400,10800
PROS-07215,REP-0049,Northgate Holdings,201-1000,LinkedIn,Cloud Storage,Q1 2026,2026-01-21,Dead,0,,7400,
PROS-07216,REP-0044,Beacon Group,1-50,LinkedIn,Security Suite,Q1 2026,2026-02-22,Dead,0,,13500,
PROS-07217,REP-0036,Summit Systems,201-1000,Paid Marketing,Cloud Storage,Q1 2026,2026-02-27,Lost,4,2026-03-19,23500,
PROS-07218,REP-0011,Orbit Holdings,51-200,Paid Marketing,Security Suite,Q1 2026,2026-02-28,Lost,3,2026-03-18,55400,
PROS-07219,REP-0083,Beacon Systems,201-1000,Referral,Cloud Storage,Q1 2026,2026-01-19,Dead,0,,14300,
PROS-07220,REP-0075,Vertex Group,1000-5000,Inbound Call,Cloud Storage,Q2 2026,2026-06-25,Open,3,,22100,
PROS-07221,REP-0059,Northgate Industries,51-200,Conference,Cloud Storage,Q4 2025,2025-12-18,Dead,1,,14100,
PROS-07222,REP-0098,Granite Digital,51-200,LinkedIn,Data Analytics,Q4 2025,2025-12-06,Lost,5,2026-01-17,39700,
PROS-07223,REP-0066,Nova Works,201-1000,LinkedIn,AI Platform,Q2 2026,2026-04-03,Lost,3,2026-04-28,107400,
PROS-07224,REP-0086,Cobalt Labs,201-1000,Paid Marketing,Data Analytics,Q2 2026,2026-06-30,Open,0,,42600,
PROS-07225,REP-0103,Ironclad Works,1-50,Paid Marketing,Cloud Storage,Q1 2026,2026-01-01,Lost,3,2026-01-10,3300,
PROS-07226,REP-0022,Pulse Systems,51-200,Paid Marketing,Data Analytics,Q4 2025,2025-12-05,Dead,0,,22200,
PROS-07227,REP-0012,Lattice Works,51-200,Website Inquiry,Security Suite,Q2 2026,2026-05-07,Lost,2,2026-05-28,40300,
PROS-07228,REP-0034,Anchor Solutions,51-200,Paid Marketing,Cloud Compute,Q1 2026,2026-02-01,Lost,5,2026-03-18,19500,
PROS-07229,REP-0038,Fusion Partners,51-200,Inbound Call,Cloud Storage,Q4 2025,2025-10-03,Lost,5,2025-10-25,13000,
PROS-07230,REP-0074,Sterling Systems,201-1000,LinkedIn,AI Platform,Q2 2026,2026-04-07,Dead,0,,128100,
PROS-07231,REP-0100,Atlas Solutions,201-1000,Paid Marketing,Cloud Storage,Q4 2025,2025-10-08,Lost,3,2025-11-23,19400,
PROS-07232,REP-0086,Catalyst Solutions,201-1000,Paid Marketing,AI Platform,Q1 2026,2026-03-20,Dead,1,,145600,
PROS-07233,REP-0063,Atlas Industries,1-50,Paid Marketing,Cloud Compute,Q4 2025,2025-10-28,Lost,3,2025-11-16,12000,
PROS-07234,REP-0077,Redshift Labs,1-50,Cold Outreach,AI Platform,Q2 2026,2026-06-29,Open,3,,62900,
PROS-07235,REP-0027,Pulse Solutions,201-1000,Paid Marketing,AI Platform,Q1 2026,2026-02-09,Lost,5,2026-03-18,146500,
PROS-07236,REP-0003,Apex Works,1-50,Conference,AI Platform,Q4 2025,2025-12-15,Lost,5,2025-12-22,33100,
PROS-07237,REP-0024,Meridian Technologies,51-200,Website Inquiry,Cloud Storage,Q4 2025,2025-12-07,Lost,4,2025-12-20,6500,
PROS-07238,REP-0104,Sterling Group,1000-5000,LinkedIn,Cloud Compute,Q4 2025,2025-11-16,Lost,4,2025-12-22,32000,
PROS-07239,REP-0012,Meridian Solutions,1-50,Referral,Security Suite,Q4 2025,2025-12-13,Won,3,2025-12-26,35600,35200
PROS-07240,REP-0055,Vertex Digital,5000+,Paid Marketing,AI Platform,Q1 2026,2026-03-05,Lost,2,2026-05-08,241900,
PROS-07241,REP-0033,Helix Dynamics,5000+,Website Inquiry,Cloud Compute,Q2 2026,2026-05-10,Lost,4,2026-06-27,95600,
PROS-07242,REP-0042,Nimbus Holdings,1-50,Paid Marketing,Data Analytics,Q1 2026,2026-01-07,Lost,2,2026-01-22,9600,
PROS-07243,REP-0063,Beacon Networks,1-50,Paid Marketing,Cloud Compute,Q2 2026,2026-06-15,Open,2,,12400,
PROS-07244,REP-0095,Drift Systems,1-50,Website Inquiry,Cloud Compute,Q2 2026,2026-04-14,Dead,1,,14300,
PROS-07245,REP-0076,Meridian Works,201-1000,Conference,Security Suite,Q4 2025,2025-10-28,Lost,4,2025-11-06,69900,
PROS-07246,REP-0062,Atlas Dynamics,201-1000,Paid Marketing,Cloud Compute,Q1 2026,2026-02-17,Lost,2,2026-03-11,16800,
PROS-07247,REP-0042,Anchor Systems,1-50,LinkedIn,AI Platform,Q2 2026,2026-06-28,Open,3,,20800,
PROS-07248,REP-0039,Ridgeline Networks,1000-5000,Website Inquiry,AI Platform,Q1 2026,2026-01-29,Lost,4,2026-03-09,253100,
PROS-07249,REP-0054,Helix Holdings,201-1000,Website Inquiry,Cloud Compute,Q1 2026,2026-02-06,Lost,2,2026-03-27,46000,
PROS-07250,REP-0042,Granite Systems,51-200,Inbound Call,AI Platform,Q4 2025,2025-10-22,Lost,2,2025-10-29,99900,
PROS-07251,REP-0068,Catalyst Technologies,201-1000,Conference,Data Analytics,Q2 2026,2026-06-06,Open,1,,52400,
PROS-07252,REP-0069,Lattice Networks,1000-5000,Conference,Security Suite,Q1 2026,2026-02-11,Dead,0,,61000,
PROS-07253,REP-0107,Nimbus Holdings,51-200,Paid Marketing,Cloud Storage,Q2 2026,2026-04-09,Dead,0,,16900,
PROS-07254,REP-0101,Atlas Industries,51-200,Paid Marketing,Security Suite,Q2 2026,2026-06-25,Open,0,,65800,
PROS-07255,REP-0004,Catalyst Works,1-50,Cold Outreach,Cloud Compute,Q2 2026,2026-05-15,Lost,4,2026-06-01,10700,
PROS-07256,REP-0045,Atlas Partners,1000-5000,Cold Outreach,Cloud Compute,Q1 2026,2026-01-29,Dead,0,,49200,
PROS-07257,REP-0046,Fusion Systems,201-1000,Website Inquiry,Security Suite,Q2 2026,2026-04-14,Dead,0,,124400,
PROS-07258,REP-0060,Nova Group,5000+,LinkedIn,Cloud Compute,Q4 2025,2025-11-26,Won,8,2026-02-04,60600,62900
PROS-07259,REP-0030,Atlas Networks,5000+,Inbound Call,Cloud Compute,Q1 2026,2026-03-30,Dead,0,,53800,
PROS-07260,REP-0064,Ironclad Labs,201-1000,Conference,Security Suite,Q2 2026,2026-04-16,Won,5,2026-05-23,63900,70400
PROS-07261,REP-0008,Lattice Technologies,201-1000,Cold Outreach,Security Suite,Q1 2026,2026-01-22,Lost,2,2026-03-08,67400,
PROS-07262,REP-0088,Fusion Systems,51-200,LinkedIn,AI Platform,Q4 2025,2025-10-05,Won,4,2025-10-27,47400,56400
PROS-07263,REP-0065,Sterling Holdings,201-1000,Inbound Call,AI Platform,Q2 2026,2026-04-15,Won,4,2026-05-28,143100,132000
PROS-07264,REP-0107,Nimbus Holdings,1000-5000,Inbound Call,Security Suite,Q4 2025,2025-12-27,Dead,1,,93800,
PROS-07265,REP-0074,Redshift Networks,1000-5000,Conference,AI Platform,Q4 2025,2025-10-29,Won,6,2025-11-18,172700,202100
PROS-07266,REP-0087,Pulse Networks,201-1000,Paid Marketing,AI Platform,Q4 2025,2025-10-21,Lost,2,2025-11-29,100200,
PROS-07267,REP-0079,Fusion Holdings,201-1000,Website Inquiry,Cloud Compute,Q2 2026,2026-04-29,Lost,5,2026-05-16,18400,
PROS-07268,REP-0063,Atlas Networks,1-50,Conference,AI Platform,Q2 2026,2026-04-19,Dead,1,,35800,
PROS-07269,REP-0076,Ironclad Holdings,1-50,Paid Marketing,Cloud Storage,Q1 2026,2026-02-01,Dead,0,,5800,
PROS-07270,REP-0109,Nimbus Group,1-50,Inbound Call,AI Platform,Q2 2026,2026-05-11,Dead,0,,57200,
PROS-07271,REP-0085,Ridgeline Industries,1000-5000,LinkedIn,Cloud Compute,Q4 2025,2025-10-16,Dead,0,,34900,
PROS-07272,REP-0021,Beacon Partners,51-200,Website Inquiry,AI Platform,Q1 2026,2026-03-11,Dead,0,,62000,
PROS-07273,REP-0068,Horizon Labs,51-200,Conference,Data Analytics,Q4 2025,2025-10-19,Lost,5,2025-11-09,19800,
PROS-07274,REP-0017,Granite Partners,201-1000,Inbound Call,Cloud Compute,Q4 2025,2025-12-08,Lost,3,2025-12-24,24700,
PROS-07275,REP-0010,Horizon Works,1000-5000,Paid Marketing,Security Suite,Q2 2026,2026-04-01,Dead,0,,65500,
PROS-07276,REP-0101,Apex Partners,201-1000,LinkedIn,AI Platform,Q4 2025,2025-12-24,Dead,0,,89400,
PROS-07277,REP-0085,Vertex Holdings,1000-5000,LinkedIn,Data Analytics,Q2 2026,2026-04-26,Lost,3,2026-05-28,78800,
PROS-07278,REP-0038,Meridian Dynamics,201-1000,Conference,Cloud Storage,Q4 2025,2025-11-26,Lost,4,2025-12-16,19200,
PROS-07279,REP-0003,Vertex Dynamics,201-1000,Cold Outreach,Data Analytics,Q2 2026,2026-05-06,Dead,0,,50700,
PROS-07280,REP-0045,Zenith Labs,5000+,Website Inquiry,Security Suite,Q1 2026,2026-03-30,Lost,5,2026-06-10,75500,
PROS-07281,REP-0035,Ember Partners,5000+,Website Inquiry,Cloud Compute,Q2 2026,2026-04-29,Won,4,2026-06-30,118000,126300
PROS-07282,REP-0081,Horizon Group,51-200,Referral,Data Analytics,Q4 2025,2025-11-27,Won,2,2025-12-13,22300,25700
PROS-07283,REP-0008,Ridgeline Partners,201-1000,Paid Marketing,AI Platform,Q1 2026,2026-02-06,Won,4,2026-03-10,83100,80800
PROS-07284,REP-0043,Summit Networks,51-200,LinkedIn,AI Platform,Q2 2026,2026-04-10,Dead,0,,31700,
PROS-07285,REP-0063,Ridgeline Labs,1-50,Paid Marketing,Cloud Compute,Q1 2026,2026-01-03,Lost,2,2026-01-22,10900,
PROS-07286,REP-0063,Ironclad Technologies,51-200,Website Inquiry,AI Platform,Q2 2026,2026-05-21,Dead,0,,51800,
PROS-07287,REP-0052,Ironclad Dynamics,5000+,Inbound Call,AI Platform,Q1 2026,2026-01-21,Lost,3,2026-02-22,108700,
PROS-07288,REP-0077,Pulse Holdings,1-50,Inbound Call,Cloud Storage,Q1 2026,2026-02-14,Won,4,2026-03-10,8400,9900
PROS-07289,REP-0015,Meridian Works,1-50,Paid Marketing,Cloud Compute,Q4 2025,2025-10-24,Dead,0,,9700,
PROS-07290,REP-0031,Meridian Labs,201-1000,Cold Outreach,Cloud Compute,Q2 2026,2026-05-04,Lost,5,2026-06-02,26000,
PROS-07291,REP-0094,Orbit Group,1-50,Paid Marketing,Cloud Compute,Q4 2025,2025-10-12,Dead,0,,7900,
PROS-07292,REP-0039,Atlas Systems,1000-5000,Website Inquiry,Cloud Compute,Q4 2025,2025-12-06,Won,6,2026-02-23,72800,68200
PROS-07293,REP-0042,Atlas Works,1-50,Website Inquiry,AI Platform,Q2 2026,2026-06-04,Won,4,2026-06-26,52700,61100
PROS-07294,REP-0029,Atlas Labs,201-1000,Paid Marketing,Cloud Compute,Q1 2026,2026-01-31,Lost,3,2026-03-19,28400,
PROS-07295,REP-0071,Cobalt Technologies,201-1000,Inbound Call,Cloud Compute,Q4 2025,2025-12-31,Lost,3,2026-02-09,13000,
PROS-07296,REP-0100,Vertex Technologies,201-1000,Cold Outreach,Cloud Storage,Q4 2025,2025-11-04,Lost,3,2025-12-02,15100,
PROS-07297,REP-0050,Atlas Industries,5000+,Website Inquiry,AI Platform,Q2 2026,2026-06-13,Lost,3,2026-06-28,144400,
PROS-07298,REP-0101,Apex Digital,201-1000,Cold Outreach,Cloud Compute,Q4 2025,2025-12-19,Lost,3,2026-01-18,46100,
PROS-07299,REP-0026,Solace Industries,201-1000,Website Inquiry,Cloud Compute,Q1 2026,2026-03-29,Lost,3,2026-05-10,32600,
PROS-07300,REP-0071,Lattice Labs,201-1000,Inbound Call,AI Platform,Q1 2026,2026-01-25,Lost,3,2026-02-25,57600,
PROS-07301,REP-0107,Sterling Holdings,201-1000,Cold Outreach,Cloud Compute,Q4 2025,2025-10-27,Lost,4,2025-12-02,39600,
PROS-07302,REP-0014,Zenith Dynamics,201-1000,Paid Marketing,Data Analytics,Q2 2026,2026-04-01,Dead,1,,51400,
PROS-07303,REP-0102,Orbit Solutions,1-50,Cold Outreach,Data Analytics,Q4 2025,2025-10-27,Lost,2,2025-11-19,7900,
PROS-07304,REP-0099,Beacon Partners,201-1000,Inbound Call,Data Analytics,Q4 2025,2025-11-15,Lost,4,2025-12-20,49200,
PROS-07305,REP-0004,Atlas Partners,1-50,Website Inquiry,Data Analytics,Q1 2026,2026-02-20,Dead,1,,12800,
PROS-07306,REP-0033,Wavefront Solutions,1000-5000,Website Inquiry,Security Suite,Q2 2026,2026-04-06,Dead,1,,77300,
PROS-07307,REP-0057,Wavefront Dynamics,5000+,Paid Marketing,Security Suite,Q2 2026,2026-05-25,Lost,3,2026-06-29,174800,
PROS-07308,REP-0030,Summit Dynamics,1000-5000,Conference,Data Analytics,Q2 2026,2026-04-11,Won,4,2026-06-11,60800,57300
PROS-07309,REP-0081,Sterling Networks,1-50,LinkedIn,Data Analytics,Q4 2025,2025-11-18,Lost,3,2025-12-09,11000,
PROS-07310,REP-0042,Anchor Labs,201-1000,Conference,Data Analytics,Q1 2026,2026-01-24,Lost,4,2026-02-18,21700,
PROS-07311,REP-0068,Nova Solutions,51-200,Paid Marketing,Cloud Storage,Q1 2026,2026-03-13,Lost,3,2026-04-26,11000,
PROS-07312,REP-0021,Horizon Works,1-50,Paid Marketing,Cloud Compute,Q1 2026,2026-02-23,Lost,4,2026-03-05,11300,
PROS-07313,REP-0021,Redshift Digital,1-50,LinkedIn,Cloud Compute,Q4 2025,2025-12-16,Lost,4,2026-01-05,12200,
PROS-07314,REP-0063,Nimbus Systems,51-200,Website Inquiry,Cloud Compute,Q1 2026,2026-03-22,Lost,4,2026-03-29,15600,
PROS-07315,REP-0006,Summit Technologies,5000+,Cold Outreach,Data Analytics,Q1 2026,2026-03-14,Dead,2,,84900,
PROS-07316,REP-0004,Ironclad Partners,51-200,Paid Marketing,AI Platform,Q4 2025,2025-10-24,Lost,4,2025-11-18,54200,
PROS-07317,REP-0057,Cobalt Systems,5000+,LinkedIn,AI Platform,Q1 2026,2026-02-15,Dead,0,,172700,
PROS-07318,REP-0044,Drift Labs,1-50,Website Inquiry,Cloud Compute,Q4 2025,2025-10-30,Lost,2,2025-11-07,8200,
PROS-07319,REP-0042,Quantum Solutions,201-1000,Inbound Call,AI Platform,Q4 2025,2025-10-04,Lost,2,2025-10-18,75700,
PROS-07320,REP-0015,Quantum Technologies,1-50,Conference,AI Platform,Q2 2026,2026-04-30,Won,3,2026-05-10,58200,58400
PROS-07321,REP-0108,Sterling Labs,51-200,LinkedIn,Data Analytics,Q4 2025,2025-11-03,Won,2,2025-11-10,49900,47900
PROS-07322,REP-0012,Atlas Dynamics,51-200,LinkedIn,AI Platform,Q1 2026,2026-02-09,Dead,0,,88700,
PROS-07323,REP-0042,Anchor Holdings,1-50,LinkedIn,AI Platform,Q2 2026,2026-04-08,Dead,0,,45600,
PROS-07324,REP-0011,Ember Solutions,1-50,Conference,Cloud Storage,Q4 2025,2025-10-14,Lost,4,2025-10-21,6400,
PROS-07325,REP-0013,Pulse Dynamics,1000-5000,Conference,AI Platform,Q4 2025,2025-12-30,Lost,2,2026-03-28,107900,
PROS-07326,REP-0008,Sterling Dynamics,1000-5000,Paid Marketing,AI Platform,Q1 2026,2026-01-11,Dead,0,,191400,
PROS-07327,REP-0101,Granite Digital,1000-5000,Cold Outreach,Cloud Compute,Q4 2025,2025-10-14,Lost,2,2025-11-09,80400,
PROS-07328,REP-0103,Cobalt Partners,51-200,Paid Marketing,Data Analytics,Q1 2026,2026-02-25,Lost,3,2026-03-22,30400,
PROS-07329,REP-0074,Fusion Dynamics,51-200,Inbound Call,Cloud Compute,Q2 2026,2026-04-05,Lost,2,2026-04-26,20000,
PROS-07330,REP-0062,Pulse Digital,1-50,Inbound Call,Cloud Compute,Q2 2026,2026-05-29,Open,1,,7700,
PROS-07331,REP-0041,Catalyst Systems,51-200,Inbound Call,Cloud Compute,Q4 2025,2025-10-09,Dead,0,,19600,
PROS-07332,REP-0109,Vantage Solutions,51-200,Paid Marketing,AI Platform,Q2 2026,2026-05-22,Won,2,2026-06-15,94200,107500
PROS-07333,REP-0102,Nova Networks,51-200,Cold Outreach,Cloud Compute,Q4 2025,2025-11-17,Lost,2,2025-11-25,17100,
PROS-07334,REP-0109,Vertex Technologies,1-50,Inbound Call,Data Analytics,Q2 2026,2026-04-16,Dead,0,,10100,
PROS-07335,REP-0041,Wavefront Holdings,201-1000,Cold Outreach,Security Suite,Q2 2026,2026-05-12,Lost,4,2026-06-08,80000,
PROS-07336,REP-0079,Granite Systems,1-50,Cold Outreach,AI Platform,Q2 2026,2026-05-02,Lost,2,2026-05-22,39200,
PROS-07337,REP-0011,Fusion Solutions,201-1000,Conference,Data Analytics,Q1 2026,2026-02-05,Lost,4,2026-02-27,44000,
PROS-07338,REP-0097,Sterling Holdings,201-1000,Cold Outreach,Cloud Compute,Q1 2026,2026-01-08,Dead,1,,43800,
PROS-07339,REP-0026,Meridian Holdings,201-1000,Paid Marketing,Security Suite,Q2 2026,2026-05-11,Lost,5,2026-06-05,49700,
PROS-07340,REP-0065,Nova Technologies,51-200,Inbound Call,AI Platform,Q1 2026,2026-03-17,Won,5,2026-05-05,56300,62300
PROS-07341,REP-0016,Pulse Partners,1000-5000,Conference,Cloud Storage,Q2 2026,2026-06-03,Open,1,,25700,
PROS-07342,REP-0022,Lattice Holdings,1000-5000,Conference,Security Suite,Q2 2026,2026-04-05,Dead,1,,105100,
PROS-07343,REP-0015,Lattice Dynamics,1-50,Paid Marketing,AI Platform,Q2 2026,2026-05-08,Won,2,2026-06-01,53700,54200
PROS-07344,REP-0061,Nimbus Holdings,1000-5000,Inbound Call,AI Platform,Q1 2026,2026-03-19,Lost,3,2026-04-19,107400,
PROS-07345,REP-0001,Sterling Systems,1000-5000,Paid Marketing,Data Analytics,Q2 2026,2026-06-04,Dead,0,,62900,
PROS-07346,REP-0038,Northgate Dynamics,1000-5000,Referral,Security Suite,Q2 2026,2026-04-16,Lost,4,2026-05-13,74100,
PROS-07347,REP-0044,Vantage Systems,51-200,LinkedIn,Cloud Compute,Q1 2026,2026-03-08,Lost,4,2026-03-26,17300,
PROS-07348,REP-0003,Northgate Works,1-50,Inbound Call,Cloud Storage,Q2 2026,2026-06-29,Open,1,,3600,
PROS-07349,REP-0054,Granite Group,51-200,Paid Marketing,AI Platform,Q2 2026,2026-06-14,Open,3,,49800,
PROS-07350,REP-0069,Lattice Dynamics,201-1000,LinkedIn,AI Platform,Q2 2026,2026-06-19,Open,3,,100300,
PROS-07351,REP-0020,Solace Labs,5000+,Inbound Call,Cloud Storage,Q4 2025,2025-10-25,Lost,5,2025-12-27,21500,
PROS-07352,REP-0096,Meridian Dynamics,1-50,Conference,Cloud Compute,Q4 2025,2025-12-09,Lost,4,2026-01-02,6200,
PROS-07353,REP-0099,Nimbus Solutions,51-200,LinkedIn,Security Suite,Q2 2026,2026-05-29,Dead,0,,72300,
PROS-07354,REP-0005,Quantum Labs,1-50,Cold Outreach,Cloud Compute,Q2 2026,2026-04-22,Lost,4,2026-05-06,12000,
PROS-07355,REP-0109,Vantage Dynamics,1-50,Cold Outreach,AI Platform,Q1 2026,2026-02-06,Lost,5,2026-03-02,38100,
PROS-07356,REP-0081,Horizon Digital,1-50,Website Inquiry,Data Analytics,Q1 2026,2026-03-18,Dead,0,,8500,
PROS-07357,REP-0009,Beacon Systems,1000-5000,LinkedIn,AI Platform,Q2 2026,2026-05-30,Open,2,,108900,
PROS-07358,REP-0012,Northgate Solutions,51-200,Paid Marketing,Cloud Compute,Q4 2025,2025-12-06,Lost,3,2025-12-26,25900,
PROS-07359,REP-0109,Cobalt Solutions,1-50,Website Inquiry,Cloud Storage,Q4 2025,2025-10-27,Dead,0,,8400,
PROS-07360,REP-0044,Horizon Networks,201-1000,Paid Marketing,Data Analytics,Q2 2026,2026-06-24,Open,0,,43400,
PROS-07361,REP-0022,Zenith Systems,51-200,LinkedIn,Cloud Storage,Q4 2025,2025-11-15,Dead,0,,10200,
PROS-07362,REP-0055,Granite Dynamics,5000+,Referral,AI Platform,Q2 2026,2026-06-27,Open,1,,90300,
PROS-07363,REP-0090,Solace Dynamics,1000-5000,Paid Marketing,Security Suite,Q4 2025,2025-11-25,Lost,5,2026-02-09,100500,
PROS-07364,REP-0052,Vantage Works,1000-5000,Paid Marketing,Data Analytics,Q2 2026,2026-06-07,Open,1,,70200,
PROS-07365,REP-0094,Zenith Networks,1-50,Cold Outreach,AI Platform,Q2 2026,2026-05-21,Lost,4,2026-06-15,60900,
PROS-07366,REP-0102,Northgate Works,51-200,LinkedIn,Security Suite,Q4 2025,2025-10-27,Lost,4,2025-11-12,31700,
PROS-07367,REP-0005,Quantum Labs,1-50,Cold Outreach,Cloud Compute,Q4 2025,2025-11-07,Lost,5,2025-11-23,7600,
PROS-07368,REP-0056,Redshift Solutions,51-200,Cold Outreach,Cloud Storage,Q1 2026,2026-02-21,Lost,3,2026-03-03,8600,
PROS-07369,REP-0071,Pulse Solutions,51-200,Paid Marketing,Security Suite,Q2 2026,2026-04-22,Lost,5,2026-05-09,33000,
PROS-07370,REP-0096,Beacon Digital,1-50,LinkedIn,AI Platform,Q2 2026,2026-06-08,Open,2,,28200,
PROS-07371,REP-0025,Ironclad Dynamics,51-200,Paid Marketing,AI Platform,Q2 2026,2026-06-05,Open,1,,65500,
PROS-07372,REP-0063,Orbit Holdings,51-200,Paid Marketing,Data Analytics,Q2 2026,2026-06-28,Open,1,,19300,
PROS-07373,REP-0053,Solace Holdings,1-50,Paid Marketing,AI Platform,Q2 2026,2026-05-12,Lost,5,2026-05-26,40700,
PROS-07374,REP-0090,Solace Digital,201-1000,Paid Marketing,Cloud Storage,Q4 2025,2025-10-16,Lost,5,2025-11-29,16400,
PROS-07375,REP-0101,Redshift Systems,51-200,Conference,Data Analytics,Q1 2026,2026-03-13,Won,4,2026-04-13,21000,20900
PROS-07376,REP-0042,Anchor Industries,1-50,Paid Marketing,Cloud Storage,Q4 2025,2025-10-31,Dead,0,,7400,
PROS-07377,REP-0090,Vertex Group,1000-5000,Paid Marketing,AI Platform,Q2 2026,2026-05-12,Won,8,2026-06-28,110900,121500
PROS-07378,REP-0081,Helix Partners,1-50,Website Inquiry,AI Platform,Q1 2026,2026-01-01,Dead,0,,18900,
PROS-07379,REP-0046,Summit Labs,201-1000,Paid Marketing,Data Analytics,Q1 2026,2026-03-22,Lost,4,2026-04-16,54000,
PROS-07380,REP-0045,Granite Digital,5000+,Cold Outreach,Cloud Compute,Q2 2026,2026-05-14,Lost,3,2026-06-28,81100,
PROS-07381,REP-0017,Nimbus Digital,201-1000,Cold Outreach,Cloud Storage,Q4 2025,2025-10-25,Lost,2,2025-11-10,12600,
PROS-07382,REP-0016,Sterling Group,1000-5000,Inbound Call,Cloud Compute,Q4 2025,2025-10-10,Lost,3,2025-12-15,64300,
PROS-07383,REP-0001,Quantum Industries,51-200,Website Inquiry,AI Platform,Q4 2025,2025-12-01,Lost,2,2025-12-30,100600,
PROS-07384,REP-0063,Nova Holdings,1-50,Conference,Cloud Compute,Q4 2025,2025-10-29,Won,4,2025-11-10,13200,13400
PROS-07385,REP-0019,Granite Solutions,51-200,LinkedIn,AI Platform,Q4 2025,2025-11-28,Lost,4,2025-12-27,48900,
PROS-07386,REP-0105,Nova Systems,51-200,LinkedIn,Security Suite,Q1 2026,2026-03-26,Lost,5,2026-05-14,64000,
PROS-07387,REP-0041,Vantage Technologies,51-200,Inbound Call,Data Analytics,Q1 2026,2026-02-25,Dead,1,,29500,
PROS-07388,REP-0015,Lattice Works,201-1000,Paid Marketing,Cloud Compute,Q1 2026,2026-02-20,Dead,0,,17500,
PROS-07389,REP-0044,Fusion Solutions,51-200,Paid Marketing,Cloud Compute,Q2 2026,2026-04-16,Dead,1,,22900,
PROS-07390,REP-0044,Horizon Dynamics,51-200,Paid Marketing,Cloud Storage,Q1 2026,2026-03-16,Dead,1,,8200,
PROS-07391,REP-0037,Nimbus Dynamics,51-200,Cold Outreach,Cloud Compute,Q4 2025,2025-11-24,Lost,4,2025-12-24,30200,
PROS-07392,REP-0052,Drift Holdings,5000+,Paid Marketing,Data Analytics,Q4 2025,2025-10-31,Lost,4,2025-12-01,148600,
PROS-07393,REP-0103,Atlas Group,51-200,Inbound Call,Data Analytics,Q4 2025,2025-12-05,Lost,5,2025-12-26,18900,
PROS-07394,REP-0087,Wavefront Technologies,201-1000,Conference,Cloud Compute,Q1 2026,2026-01-11,Won,3,2026-02-09,17300,14800
PROS-07395,REP-0068,Nova Systems,1000-5000,Website Inquiry,Data Analytics,Q2 2026,2026-05-14,Dead,0,,44500,
PROS-07396,REP-0040,Lattice Digital,51-200,Website Inquiry,Cloud Compute,Q1 2026,2026-01-27,Lost,3,2026-03-09,15500,
PROS-07397,REP-0010,Anchor Systems,201-1000,Paid Marketing,Security Suite,Q4 2025,2025-12-13,Lost,5,2026-01-13,58100,
PROS-07398,REP-0041,Cobalt Industries,1000-5000,Cold Outreach,Cloud Storage,Q2 2026,2026-05-17,Lost,4,2026-06-30,41000,
PROS-07399,REP-0008,Catalyst Systems,51-200,LinkedIn,Security Suite,Q1 2026,2026-03-13,Dead,0,,39700,
PROS-07400,REP-0011,Nimbus Solutions,1-50,Cold Outreach,Cloud Storage,Q4 2025,2025-10-23,Lost,3,2025-11-07,4300,
PROS-07401,REP-0044,Vantage Works,51-200,Inbound Call,Cloud Compute,Q4 2025,2025-12-02,Dead,0,,19100,
PROS-07402,REP-0016,Drift Technologies,1000-5000,Paid Marketing,Cloud Compute,Q2 2026,2026-06-30,Open,1,,55000,
PROS-07403,REP-0013,Fusion Partners,1000-5000,Conference,Data Analytics,Q1 2026,2026-03-02,Lost,2,2026-05-11,60600,
PROS-07404,REP-0004,Ember Works,1-50,LinkedIn,Cloud Compute,Q1 2026,2026-03-06,Dead,0,,19800,
PROS-07405,REP-0013,Orbit Dynamics,1000-5000,LinkedIn,Security Suite,Q4 2025,2025-12-20,Lost,3,2026-03-17,58400,
PROS-07406,REP-0073,Apex Labs,201-1000,Inbound Call,Cloud Compute,Q2 2026,2026-04-12,Lost,3,2026-05-18,19000,
PROS-07407,REP-0005,Ridgeline Technologies,1-50,Conference,Cloud Storage,Q2 2026,2026-05-26,Won,3,2026-06-05,5900,6700
PROS-07408,REP-0011,Zenith Digital,51-200,Conference,Cloud Compute,Q4 2025,2025-11-15,Lost,3,2025-12-03,22100,
PROS-07409,REP-0037,Pulse Solutions,201-1000,Cold Outreach,Security Suite,Q2 2026,2026-04-01,Dead,0,,107700,
PROS-07410,REP-0030,Zenith Dynamics,5000+,Cold Outreach,Cloud Compute,Q4 2025,2025-12-21,Lost,2,2026-03-15,61400,
PROS-07411,REP-0100,Vantage Systems,51-200,Paid Marketing,Cloud Compute,Q4 2025,2025-11-02,Lost,5,2025-12-08,20400,
PROS-07412,REP-0014,Atlas Dynamics,201-1000,Paid Marketing,Cloud Storage,Q2 2026,2026-04-13,Dead,2,,19300,
PROS-07413,REP-0034,Ironclad Works,1000-5000,Website Inquiry,Security Suite,Q4 2025,2025-12-12,Lost,2,2026-01-27,114700,
PROS-07414,REP-0083,Beacon Networks,201-1000,LinkedIn,AI Platform,Q4 2025,2025-12-28,Won,6,2026-01-19,140700,134100
PROS-07415,REP-0103,Nimbus Industries,51-200,Website Inquiry,Security Suite,Q4 2025,2025-10-14,Lost,4,2025-11-02,18300,
PROS-07416,REP-0088,Beacon Partners,201-1000,Website Inquiry,Security Suite,Q4 2025,2025-12-21,Lost,3,2026-01-08,36500,
PROS-07417,REP-0036,Sterling Systems,201-1000,Paid Marketing,Cloud Compute,Q2 2026,2026-06-25,Open,2,,24800,
PROS-07418,REP-0090,Fusion Systems,201-1000,Cold Outreach,AI Platform,Q2 2026,2026-05-30,Dead,0,,97900,
PROS-07419,REP-0094,Wavefront Systems,1-50,Paid Marketing,AI Platform,Q2 2026,2026-05-14,Dead,1,,51200,
PROS-07420,REP-0073,Atlas Dynamics,51-200,Conference,Security Suite,Q2 2026,2026-05-27,Open,1,,25100,
PROS-07421,REP-0029,Beacon Works,51-200,Website Inquiry,Cloud Storage,Q1 2026,2026-02-01,Lost,2,2026-03-22,4800,
PROS-07422,REP-0037,Beacon Holdings,201-1000,Inbound Call,Cloud Compute,Q2 2026,2026-04-14,Lost,5,2026-05-04,23300,
PROS-07423,REP-0042,Catalyst Holdings,1-50,Website Inquiry,Cloud Compute,Q4 2025,2025-12-04,Dead,1,,7200,
PROS-07424,REP-0010,Orbit Networks,51-200,Inbound Call,Cloud Compute,Q1 2026,2026-03-01,Lost,3,2026-04-02,22700,
PROS-07425,REP-0099,Apex Dynamics,1000-5000,Paid Marketing,Cloud Storage,Q1 2026,2026-03-11,Dead,0,,17500,
PROS-07426,REP-0098,Horizon Dynamics,201-1000,Conference,Cloud Storage,Q2 2026,2026-06-04,Open,0,,11900,
PROS-07427,REP-0064,Drift Industries,201-1000,Paid Marketing,Cloud Storage,Q2 2026,2026-05-21,Dead,0,,11900,
PROS-07428,REP-0077,Catalyst Labs,1-50,Cold Outreach,Cloud Compute,Q1 2026,2026-03-09,Dead,1,,14000,
PROS-07429,REP-0057,Ridgeline Digital,1000-5000,Paid Marketing,AI Platform,Q2 2026,2026-06-20,Open,0,,75100,
PROS-07430,REP-0087,Pulse Systems,201-1000,LinkedIn,Data Analytics,Q4 2025,2025-12-22,Dead,1,,61200,
PROS-07431,REP-0083,Summit Networks,201-1000,Website Inquiry,AI Platform,Q2 2026,2026-06-14,Open,1,,165000,
PROS-07432,REP-0010,Ember Holdings,201-1000,Cold Outreach,AI Platform,Q2 2026,2026-05-25,Lost,5,2026-06-20,120500,
PROS-07433,REP-0041,Nimbus Labs,51-200,Paid Marketing,Cloud Storage,Q2 2026,2026-05-25,Lost,4,2026-06-21,14300,
PROS-07434,REP-0039,Northgate Solutions,1000-5000,LinkedIn,AI Platform,Q2 2026,2026-05-04,Dead,1,,166500,
PROS-07435,REP-0090,Ridgeline Technologies,5000+,Paid Marketing,Cloud Storage,Q1 2026,2026-03-17,Dead,1,,42000,
PROS-07436,REP-0001,Wavefront Dynamics,201-1000,Website Inquiry,Data Analytics,Q4 2025,2025-10-28,Won,4,2025-11-14,52700,46700
PROS-07437,REP-0104,Orbit Solutions,5000+,Conference,Cloud Compute,Q4 2025,2025-10-02,Won,6,2025-12-11,75000,82800
PROS-07438,REP-0005,Lattice Holdings,1-50,LinkedIn,Cloud Storage,Q2 2026,2026-06-29,Dead,0,,8200,
PROS-07439,REP-0039,Granite Holdings,1000-5000,Paid Marketing,Data Analytics,Q1 2026,2026-02-14,Lost,2,2026-05-05,51800,
PROS-07440,REP-0066,Vertex Holdings,1000-5000,Conference,Cloud Compute,Q2 2026,2026-04-11,Dead,0,,43800,
PROS-07441,REP-0107,Ironclad Networks,1000-5000,LinkedIn,Security Suite,Q2 2026,2026-06-21,Open,0,,127600,
PROS-07442,REP-0021,Sterling Dynamics,51-200,LinkedIn,Cloud Storage,Q1 2026,2026-01-04,Lost,5,2026-01-20,7200,
PROS-07443,REP-0108,Atlas Digital,51-200,Cold Outreach,Cloud Storage,Q4 2025,2025-11-13,Lost,3,2025-11-28,10000,
PROS-07444,REP-0091,Meridian Works,51-200,Website Inquiry,Data Analytics,Q1 2026,2026-03-15,Lost,3,2026-04-07,18900,
PROS-07445,REP-0003,Northgate Dynamics,1-50,Website Inquiry,Cloud Compute,Q4 2025,2025-12-12,Won,2,2026-01-01,15400,17700
PROS-07446,REP-0073,Sterling Technologies,1000-5000,Website Inquiry,AI Platform,Q2 2026,2026-05-06,Dead,0,,66700,
PROS-07447,REP-0080,Quantum Partners,201-1000,Inbound Call,Cloud Storage,Q4 2025,2025-12-11,Dead,0,,11600,
PROS-07448,REP-0083,Catalyst Holdings,51-200,Website Inquiry,Cloud Storage,Q4 2025,2025-10-12,Won,6,2025-11-05,6800,8000
PROS-07449,REP-0060,Wavefront Digital,1000-5000,Conference,Cloud Storage,Q4 2025,2025-10-25,Lost,2,2025-12-16,32400,
PROS-07450,REP-0095,Wavefront Solutions,1-50,Cold Outreach,Cloud Storage,Q4 2025,2025-12-08,Dead,0,,10400,
PROS-07451,REP-0085,Vantage Dynamics,5000+,LinkedIn,Cloud Storage,Q2 2026,2026-04-04,Lost,4,2026-06-07,31200,
PROS-07452,REP-0034,Granite Labs,201-1000,Inbound Call,AI Platform,Q2 2026,2026-05-20,Dead,1,,52000,
PROS-07453,REP-0082,Vertex Industries,1000-5000,Referral,Cloud Compute,Q2 2026,2026-04-08,Dead,1,,37700,
PROS-07454,REP-0107,Zenith Industries,51-200,Paid Marketing,Cloud Storage,Q4 2025,2025-12-11,Lost,5,2026-01-04,11400,
PROS-07455,REP-0026,Horizon Solutions,1000-5000,Referral,AI Platform,Q2 2026,2026-05-25,Dead,1,,167500,
PROS-07456,REP-0027,Quantum Works,5000+,Paid Marketing,Data Analytics,Q1 2026,2026-01-08,Lost,2,2026-02-22,92000,
PROS-07457,REP-0083,Pulse Solutions,51-200,Website Inquiry,Cloud Compute,Q2 2026,2026-04-18,Lost,4,2026-05-10,16700,
PROS-07458,REP-0089,Anchor Works,201-1000,Referral,Cloud Compute,Q2 2026,2026-06-10,Open,1,,16500,
PROS-07459,REP-0108,Vertex Group,1-50,Cold Outreach,Security Suite,Q1 2026,2026-02-16,Lost,2,2026-02-23,15000,
PROS-07460,REP-0088,Summit Works,1-50,Referral,Security Suite,Q2 2026,2026-06-15,Open,3,,36600,
PROS-07461,REP-0096,Atlas Systems,51-200,Cold Outreach,Cloud Compute,Q4 2025,2025-11-12,Lost,2,2025-11-26,17000,
PROS-07462,REP-0095,Helix Technologies,51-200,Paid Marketing,Security Suite,Q4 2025,2025-11-03,Lost,2,2025-11-19,73800,
PROS-07463,REP-0040,Northgate Group,201-1000,Conference,Cloud Compute,Q2 2026,2026-06-21,Open,2,,33000,
PROS-07464,REP-0109,Catalyst Labs,51-200,LinkedIn,AI Platform,Q1 2026,2026-03-31,Won,2,2026-04-07,90700,101500
PROS-07465,REP-0069,Nova Digital,201-1000,LinkedIn,Cloud Storage,Q4 2025,2025-11-29,Dead,0,,8000,
PROS-07466,REP-0101,Horizon Solutions,51-200,Paid Marketing,Cloud Storage,Q4 2025,2025-10-24,Dead,0,,14100,
PROS-07467,REP-0072,Beacon Holdings,1000-5000,LinkedIn,Cloud Compute,Q1 2026,2026-01-09,Lost,4,2026-01-31,38600,
PROS-07468,REP-0024,Apex Solutions,201-1000,Paid Marketing,Cloud Storage,Q4 2025,2025-11-27,Lost,3,2025-12-09,15100,
PROS-07469,REP-0078,Anchor Group,51-200,Inbound Call,Cloud Compute,Q1 2026,2026-03-10,Dead,0,,19300,
PROS-07470,REP-0089,Quantum Holdings,1-50,Website Inquiry,AI Platform,Q2 2026,2026-06-12,Open,3,,25700,
PROS-07471,REP-0011,Northgate Partners,51-200,Paid Marketing,Cloud Storage,Q4 2025,2025-12-15,Lost,4,2026-01-04,13100,
PROS-07472,REP-0013,Beacon Group,5000+,Referral,Cloud Compute,Q4 2025,2025-12-12,Lost,3,2026-01-18,66000,
PROS-07473,REP-0037,Atlas Holdings,201-1000,LinkedIn,Cloud Storage,Q4 2025,2025-10-22,Dead,1,,13500,
PROS-07474,REP-0108,Fusion Works,51-200,Paid Marketing,Cloud Storage,Q1 2026,2026-03-01,Lost,2,2026-03-17,14400,
PROS-07475,REP-0063,Pulse Partners,201-1000,Paid Marketing,AI Platform,Q2 2026,2026-06-12,Open,1,,110300,
PROS-07476,REP-0034,Drift Holdings,1000-5000,LinkedIn,Cloud Storage,Q1 2026,2026-01-05,Dead,0,,13100,
PROS-07477,REP-0063,Granite Partners,201-1000,Website Inquiry,Data Analytics,Q1 2026,2026-01-18,Dead,0,,28600,
PROS-07478,REP-0081,Ember Group,1-50,Website Inquiry,AI Platform,Q2 2026,2026-06-11,Open,1,,33700,
PROS-07479,REP-0013,Zenith Systems,1000-5000,LinkedIn,Cloud Compute,Q4 2025,2025-11-08,Dead,0,,42200,
PROS-07480,REP-0069,Ember Holdings,201-1000,Paid Marketing,Cloud Storage,Q4 2025,2025-12-21,Dead,0,,21200,
PROS-07481,REP-0071,Solace Technologies,1000-5000,Referral,Cloud Compute,Q1 2026,2026-01-06,Dead,2,,52500,
PROS-07482,REP-0052,Pulse Systems,1000-5000,Website Inquiry,Security Suite,Q1 2026,2026-01-03,Lost,5,2026-02-14,127000,
PROS-07483,REP-0029,Vantage Group,51-200,Inbound Call,Data Analytics,Q2 2026,2026-06-12,Open,2,,11000,
PROS-07484,REP-0046,Lattice Holdings,201-1000,LinkedIn,Security Suite,Q2 2026,2026-04-12,Lost,5,2026-05-30,49200,
PROS-07485,REP-0004,Orbit Systems,51-200,Inbound Call,AI Platform,Q2 2026,2026-04-13,Lost,5,2026-04-24,120200,
PROS-07486,REP-0060,Zenith Group,1000-5000,Cold Outreach,Cloud Compute,Q1 2026,2026-01-20,Dead,0,,48900,
PROS-07487,REP-0049,Anchor Networks,201-1000,Inbound Call,Cloud Storage,Q2 2026,2026-04-27,Lost,4,2026-05-16,7600,
PROS-07488,REP-0070,Horizon Works,201-1000,LinkedIn,AI Platform,Q1 2026,2026-02-09,Dead,1,,66400,
PROS-07489,REP-0059,Summit Systems,51-200,Paid Marketing,Cloud Compute,Q2 2026,2026-05-23,Lost,2,2026-06-08,21300,
PROS-07490,REP-0010,Atlas Digital,201-1000,Cold Outreach,AI Platform,Q2 2026,2026-04-21,Dead,0,,84100,
PROS-07491,REP-0055,Sterling Systems,1000-5000,Inbound Call,Cloud Storage,Q2 2026,2026-06-30,Dead,0,,14300,
PROS-07492,REP-0087,Nova Solutions,51-200,Inbound Call,Data Analytics,Q4 2025,2025-11-15,Dead,0,,21000,
PROS-07493,REP-0032,Zenith Networks,1000-5000,Cold Outreach,Security Suite,Q2 2026,2026-05-15,Dead,1,,141200,
PROS-07494,REP-0070,Northgate Holdings,201-1000,Paid Marketing,AI Platform,Q2 2026,2026-04-21,Lost,2,2026-06-07,68200,
PROS-07495,REP-0081,Redshift Networks,1-50,Inbound Call,AI Platform,Q1 2026,2026-01-28,Lost,4,2026-02-14,46900,
PROS-07496,REP-0015,Summit Works,51-200,Paid Marketing,Security Suite,Q2 2026,2026-06-29,Open,0,,39500,
PROS-07497,REP-0066,Pulse Group,1000-5000,Paid Marketing,AI Platform,Q2 2026,2026-06-22,Open,0,,85100,
PROS-07498,REP-0062,Ridgeline Technologies,1-50,Paid Marketing,Cloud Compute,Q1 2026,2026-01-28,Lost,2,2026-02-15,12900,
PROS-07499,REP-0038,Pulse Holdings,51-200,Website Inquiry,Cloud Compute,Q1 2026,2026-02-14,Lost,3,2026-03-03,12400,
PROS-07500,REP-0040,Ember Works,201-1000,Cold Outreach,Cloud Storage,Q1 2026,2026-01-31,Lost,4,2026-02-19,9200,
PROS-07501,REP-0054,Horizon Group,1000-5000,Website Inquiry,Data Analytics,Q4 2025,2025-11-18,Won,4,2025-12-05,83400,82500
PROS-07502,REP-0101,Cobalt Group,201-1000,Conference,Cloud Compute,Q1 2026,2026-02-13,Won,6,2026-03-02,38900,33400
PROS-07503,REP-0071,Drift Group,51-200,LinkedIn,AI Platform,Q4 2025,2025-11-01,Lost,5,2025-12-05,51100,
PROS-07504,REP-0008,Drift Holdings,201-1000,Paid Marketing,Cloud Storage,Q4 2025,2025-11-30,Lost,3,2025-12-18,17400,
PROS-07505,REP-0047,Drift Digital,1000-5000,LinkedIn,Security Suite,Q4 2025,2025-12-03,Won,5,2026-01-15,76000,79200
PROS-07506,REP-0003,Ridgeline Digital,51-200,Cold Outreach,Security Suite,Q4 2025,2025-11-13,Dead,0,,56500,
PROS-07507,REP-0103,Horizon Partners,1-50,Inbound Call,AI Platform,Q1 2026,2026-02-02,Dead,1,,50600,
PROS-07508,REP-0047,Vertex Partners,1000-5000,Inbound Call,Cloud Storage,Q2 2026,2026-04-05,Lost,4,2026-05-10,17100,
PROS-07509,REP-0035,Ridgeline Networks,5000+,Conference,Cloud Storage,Q1 2026,2026-03-22,Won,4,2026-05-13,51600,45400
PROS-07510,REP-0027,Sterling Systems,1000-5000,Paid Marketing,Data Analytics,Q2 2026,2026-05-15,Lost,4,2026-06-29,82700,
PROS-07511,REP-0055,Vertex Labs,1000-5000,Paid Marketing,Security Suite,Q1 2026,2026-02-06,Lost,4,2026-05-01,76500,
PROS-07512,REP-0032,Meridian Works,1000-5000,Inbound Call,Cloud Compute,Q4 2025,2025-10-01,Lost,5,2025-12-26,51400,
PROS-07513,REP-0019,Nimbus Solutions,51-200,Cold Outreach,Security Suite,Q1 2026,2026-02-23,Lost,3,2026-04-11,53400,
PROS-07514,REP-0035,Catalyst Partners,5000+,Paid Marketing,Cloud Compute,Q4 2025,2025-11-08,Dead,0,,117300,
PROS-07515,REP-0073,Redshift Solutions,201-1000,Cold Outreach,Data Analytics,Q2 2026,2026-05-04,Won,4,2026-05-22,20300,20100
PROS-07516,REP-0103,Catalyst Digital,1-50,Cold Outreach,Cloud Compute,Q4 2025,2025-12-25,Lost,5,2026-01-14,4800,
PROS-07517,REP-0066,Nova Partners,51-200,Website Inquiry,Cloud Compute,Q4 2025,2025-12-18,Dead,1,,10500,
PROS-07518,REP-0021,Solace Partners,51-200,Paid Marketing,Data Analytics,Q1 2026,2026-03-22,Dead,2,,16800,
PROS-07519,REP-0050,Redshift Works,1000-5000,LinkedIn,Security Suite,Q4 2025,2025-10-10,Lost,5,2026-01-04,81900,
PROS-07520,REP-0076,Cobalt Group,1-50,Website Inquiry,Data Analytics,Q4 2025,2025-10-22,Lost,2,2025-11-07,19100,
PROS-07521,REP-0089,Ridgeline Networks,1-50,Website Inquiry,Cloud Compute,Q1 2026,2026-03-02,Lost,5,2026-03-17,8900,
PROS-07522,REP-0077,Northgate Holdings,1-50,LinkedIn,Cloud Storage,Q4 2025,2025-12-22,Won,4,2026-01-10,9700,10100
PROS-07523,REP-0023,Atlas Digital,5000+,Conference,Cloud Storage,Q4 2025,2025-11-01,Lost,5,2025-12-15,19900,
PROS-07524,REP-0056,Wavefront Industries,1-50,Paid Marketing,Cloud Storage,Q4 2025,2025-11-26,Dead,0,,4000,
PROS-07525,REP-0096,Summit Labs,51-200,Paid Marketing,AI Platform,Q1 2026,2026-02-20,Lost,4,2026-03-01,65700,
PROS-07526,REP-0011,Meridian Works,1-50,Inbound Call,AI Platform,Q2 2026,2026-05-14,Lost,3,2026-05-23,17000,
PROS-07527,REP-0036,Cobalt Networks,1000-5000,LinkedIn,Cloud Compute,Q2 2026,2026-04-11,Lost,3,2026-05-19,36800,
PROS-07528,REP-0059,Nova Partners,201-1000,Cold Outreach,Data Analytics,Q1 2026,2026-03-29,Won,3,2026-04-20,50900,43500
PROS-07529,REP-0094,Wavefront Works,51-200,Inbound Call,Cloud Compute,Q2 2026,2026-04-11,Dead,1,,30100,
PROS-07530,REP-0090,Anchor Labs,1000-5000,Cold Outreach,AI Platform,Q4 2025,2025-11-03,Dead,2,,67800,
PROS-07531,REP-0076,Horizon Networks,1-50,Referral,Cloud Storage,Q1 2026,2026-02-10,Won,3,2026-02-17,4900,4300
PROS-07532,REP-0011,Beacon Solutions,1-50,Paid Marketing,Cloud Storage,Q2 2026,2026-05-20,Lost,2,2026-06-04,6400,
PROS-07533,REP-0037,Wavefront Digital,51-200,Website Inquiry,Data Analytics,Q1 2026,2026-01-18,Dead,0,,23600,
PROS-07534,REP-0015,Ember Technologies,201-1000,Cold Outreach,Security Suite,Q1 2026,2026-01-17,Lost,3,2026-02-06,45000,
PROS-07535,REP-0040,Pulse Labs,1000-5000,Paid Marketing,Cloud Compute,Q4 2025,2025-10-07,Lost,4,2025-11-13,57700,
PROS-07536,REP-0083,Cobalt Technologies,201-1000,Inbound Call,Cloud Storage,Q1 2026,2026-03-02,Won,5,2026-04-03,19700,22300
PROS-07537,REP-0037,Orbit Holdings,51-200,Referral,Cloud Compute,Q1 2026,2026-03-30,Won,4,2026-05-16,15900,15400
PROS-07538,REP-0040,Vantage Technologies,51-200,Paid Marketing,Data Analytics,Q1 2026,2026-02-17,Lost,3,2026-03-13,35200,
PROS-07539,REP-0064,Meridian Group,1000-5000,LinkedIn,Cloud Compute,Q2 2026,2026-06-26,Won,3,2026-06-30,49700,55800
PROS-07540,REP-0053,Wavefront Systems,201-1000,LinkedIn,Cloud Compute,Q2 2026,2026-06-17,Open,2,,12800,
PROS-07541,REP-0013,Helix Dynamics,1000-5000,Paid Marketing,Cloud Compute,Q2 2026,2026-05-30,Open,0,,28300,
PROS-07542,REP-0101,Ironclad Partners,51-200,Paid Marketing,Data Analytics,Q1 2026,2026-03-24,Dead,0,,36500,
PROS-07543,REP-0102,Cobalt Group,51-200,Inbound Call,Cloud Storage,Q4 2025,2025-10-24,Lost,3,2025-11-01,9400,
PROS-07544,REP-0102,Granite Solutions,51-200,Website Inquiry,Cloud Compute,Q2 2026,2026-05-18,Lost,5,2026-05-29,20900,
PROS-07545,REP-0101,Granite Networks,51-200,Referral,Cloud Compute,Q2 2026,2026-04-21,Dead,1,,24100,
PROS-07546,REP-0032,Northgate Labs,1000-5000,Website Inquiry,AI Platform,Q1 2026,2026-02-15,Lost,5,2026-04-20,195700,
PROS-07547,REP-0041,Drift Solutions,201-1000,Inbound Call,Data Analytics,Q2 2026,2026-04-13,Lost,4,2026-05-29,71800,
PROS-07548,REP-0083,Solace Networks,51-200,Referral,Cloud Storage,Q2 2026,2026-06-27,Open,1,,8600,
PROS-07549,REP-0099,Horizon Labs,201-1000,LinkedIn,AI Platform,Q2 2026,2026-05-08,Lost,5,2026-06-27,128700,
PROS-07550,REP-0036,Ember Industries,201-1000,Paid Marketing,Cloud Compute,Q1 2026,2026-01-20,Dead,0,,49400,
PROS-07551,REP-0102,Ridgeline Industries,1-50,Paid Marketing,Cloud Compute,Q1 2026,2026-03-27,Lost,5,2026-04-11,8200,
PROS-07552,REP-0067,Lattice Holdings,1000-5000,Conference,Cloud Compute,Q1 2026,2026-03-04,Dead,0,,52800,
PROS-07553,REP-0095,Redshift Works,1-50,Paid Marketing,Security Suite,Q1 2026,2026-02-14,Won,3,2026-02-28,37400,40300
PROS-07554,REP-0062,Vantage Partners,201-1000,Cold Outreach,Security Suite,Q1 2026,2026-03-28,Lost,5,2026-04-08,71100,
PROS-07555,REP-0030,Redshift Partners,1000-5000,Inbound Call,Cloud Compute,Q1 2026,2026-01-14,Won,5,2026-03-29,68600,75400
PROS-07556,REP-0087,Meridian Industries,1000-5000,Paid Marketing,AI Platform,Q1 2026,2026-01-19,Dead,1,,209700,
PROS-07557,REP-0102,Summit Solutions,51-200,Paid Marketing,Security Suite,Q4 2025,2025-10-19,Lost,3,2025-11-02,55500,
PROS-07558,REP-0038,Atlas Solutions,201-1000,Paid Marketing,Cloud Compute,Q1 2026,2026-01-30,Won,6,2026-02-18,28500,33700
PROS-07559,REP-0047,Vertex Digital,201-1000,Paid Marketing,AI Platform,Q2 2026,2026-05-24,Dead,0,,138900,
PROS-07560,REP-0097,Ironclad Networks,51-200,LinkedIn,Cloud Compute,Q4 2025,2025-10-31,Dead,1,,20700,
PROS-07561,REP-0088,Anchor Works,1-50,Inbound Call,Security Suite,Q1 2026,2026-03-29,Lost,2,2026-04-13,25800,
PROS-07562,REP-0019,Northgate Dynamics,201-1000,Cold Outreach,Cloud Compute,Q4 2025,2025-10-12,Dead,1,,16700,
PROS-07563,REP-0008,Drift Networks,1000-5000,Cold Outreach,Cloud Compute,Q2 2026,2026-05-12,Dead,0,,46400,
PROS-07564,REP-0098,Anchor Partners,201-1000,Website Inquiry,Data Analytics,Q1 2026,2026-03-20,Won,4,2026-04-24,43700,52400
PROS-07565,REP-0004,Redshift Systems,1-50,Website Inquiry,Cloud Storage,Q2 2026,2026-05-15,Lost,3,2026-06-03,7900,
PROS-07566,REP-0013,Vantage Systems,5000+,Paid Marketing,Cloud Compute,Q4 2025,2025-10-01,Lost,5,2025-12-21,71300,
PROS-07567,REP-0022,Sterling Systems,1000-5000,Inbound Call,Data Analytics,Q1 2026,2026-02-16,Lost,3,2026-04-06,38500,
PROS-07568,REP-0015,Ironclad Industries,1-50,Inbound Call,Security Suite,Q1 2026,2026-03-24,Lost,3,2026-04-07,23300,
PROS-07569,REP-0055,Catalyst Systems,1000-5000,Website Inquiry,Cloud Storage,Q2 2026,2026-04-19,Lost,3,2026-05-26,21000,
PROS-07570,REP-0077,Summit Industries,51-200,Paid Marketing,Cloud Compute,Q1 2026,2026-03-28,Lost,4,2026-04-17,23700,
PROS-07571,REP-0059,Nova Works,1-50,Paid Marketing,Data Analytics,Q4 2025,2025-10-04,Dead,0,,20400,
PROS-07572,REP-0005,Atlas Industries,51-200,Cold Outreach,Data Analytics,Q1 2026,2026-01-28,Dead,0,,28600,
PROS-07573,REP-0109,Ridgeline Group,51-200,Inbound Call,Data Analytics,Q1 2026,2026-03-24,Dead,1,,40300,
PROS-07574,REP-0054,Lattice Labs,1000-5000,Conference,Cloud Compute,Q4 2025,2025-12-05,Won,5,2025-12-31,36100,41100
PROS-07575,REP-0086,Ember Dynamics,51-200,Paid Marketing,Data Analytics,Q1 2026,2026-03-06,Lost,5,2026-03-27,42300,
PROS-07576,REP-0042,Horizon Group,201-1000,Paid Marketing,Security Suite,Q1 2026,2026-03-20,Won,3,2026-04-07,50300,56800
PROS-07577,REP-0064,Ridgeline Networks,201-1000,Referral,Data Analytics,Q2 2026,2026-04-27,Lost,2,2026-06-11,31000,
PROS-07578,REP-0075,Fusion Labs,201-1000,Website Inquiry,Cloud Compute,Q2 2026,2026-04-18,Lost,2,2026-06-01,37900,
PROS-07579,REP-0105,Beacon Digital,1000-5000,Cold Outreach,Security Suite,Q1 2026,2026-03-28,Dead,0,,92600,
PROS-07580,REP-0058,Fusion Systems,1000-5000,Website Inquiry,Data Analytics,Q4 2025,2025-10-29,Lost,5,2025-12-17,61800,
PROS-07581,REP-0035,Sterling Holdings,1000-5000,LinkedIn,Security Suite,Q4 2025,2025-10-18,Lost,5,2026-01-07,101900,
PROS-07582,REP-0036,Anchor Labs,51-200,Paid Marketing,Cloud Storage,Q2 2026,2026-05-06,Lost,5,2026-06-13,6100,
PROS-07583,REP-0038,Summit Solutions,51-200,Conference,AI Platform,Q1 2026,2026-03-17,Lost,4,2026-04-25,79800,
PROS-07584,REP-0042,Anchor Holdings,1-50,LinkedIn,Data Analytics,Q1 2026,2026-01-23,Lost,5,2026-02-17,15000,
PROS-07585,REP-0036,Northgate Group,1000-5000,Paid Marketing,Cloud Compute,Q4 2025,2025-12-31,Lost,4,2026-02-15,41900,
PROS-07586,REP-0105,Nimbus Labs,201-1000,LinkedIn,Cloud Storage,Q2 2026,2026-04-20,Won,4,2026-05-28,13900,12200
PROS-07587,REP-0062,Ember Digital,1-50,Paid Marketing,AI Platform,Q1 2026,2026-03-27,Lost,2,2026-04-20,35400,
PROS-07588,REP-0015,Horizon Group,1-50,Paid Marketing,AI Platform,Q4 2025,2025-11-03,Dead,0,,25000,
PROS-07589,REP-0054,Meridian Digital,201-1000,LinkedIn,Cloud Compute,Q1 2026,2026-02-02,Dead,1,,24600,
PROS-07590,REP-0021,Lattice Works,51-200,Inbound Call,Data Analytics,Q2 2026,2026-06-25,Open,0,,25500,
PROS-07591,REP-0017,Redshift Industries,201-1000,Conference,AI Platform,Q2 2026,2026-06-07,Open,3,,107500,
PROS-07592,REP-0089,Atlas Labs,1-50,Cold Outreach,Security Suite,Q1 2026,2026-02-10,Lost,3,2026-02-21,9700,
PROS-07593,REP-0009,Summit Digital,5000+,Cold Outreach,Cloud Storage,Q1 2026,2026-01-18,Dead,0,,22200,
PROS-07594,REP-0020,Zenith Industries,201-1000,Cold Outreach,Cloud Compute,Q4 2025,2025-10-16,Won,6,2026-01-12,25700,22400
PROS-07595,REP-0034,Vertex Networks,201-1000,Paid Marketing,AI Platform,Q2 2026,2026-06-07,Lost,3,2026-06-24,104100,
PROS-07596,REP-0049,Helix Systems,201-1000,Cold Outreach,Cloud Storage,Q4 2025,2025-10-07,Dead,2,,14700,
PROS-07597,REP-0107,Granite Group,201-1000,Paid Marketing,Cloud Compute,Q1 2026,2026-02-13,Won,3,2026-03-14,29800,32800
PROS-07598,REP-0062,Lattice Solutions,51-200,LinkedIn,AI Platform,Q2 2026,2026-06-30,Lost,3,2026-06-29,76100,
PROS-07599,REP-0082,Vertex Labs,1000-5000,Inbound Call,Cloud Storage,Q2 2026,2026-06-21,Open,0,,22800,
PROS-07600,REP-0094,Pulse Networks,201-1000,Website Inquiry,Cloud Compute,Q1 2026,2026-01-15,Dead,0,,19800,
PROS-07601,REP-0037,Ridgeline Digital,51-200,Paid Marketing,Cloud Compute,Q2 2026,2026-05-12,Lost,5,2026-06-18,13800,
PROS-07602,REP-0036,Quantum Digital,1000-5000,Website Inquiry,Security Suite,Q1 2026,2026-02-24,Won,6,2026-03-20,107800,122900
PROS-07603,REP-0027,Fusion Labs,201-1000,Conference,AI Platform,Q4 2025,2025-10-17,Lost,4,2026-01-05,60700,
PROS-07604,REP-0108,Vertex Works,1-50,Referral,Cloud Storage,Q4 2025,2025-12-10,Lost,5,2025-12-21,7800,
PROS-07605,REP-0046,Northgate Holdings,201-1000,Conference,Cloud Compute,Q4 2025,2025-11-09,Dead,1,,24900,
PROS-07606,REP-0107,Fusion Industries,1000-5000,Inbound Call,Cloud Storage,Q1 2026,2026-03-26,Dead,0,,29300,
PROS-07607,REP-0050,Pulse Industries,5000+,Website Inquiry,Security Suite,Q2 2026,2026-04-02,Lost,5,2026-06-24,149100,
PROS-07608,REP-0021,Anchor Systems,1-50,LinkedIn,Cloud Compute,Q4 2025,2025-11-04,Lost,4,2025-11-15,8800,
PROS-07609,REP-0104,Pulse Systems,1000-5000,Paid Marketing,Data Analytics,Q2 2026,2026-05-01,Lost,5,2026-06-27,35500,
PROS-07610,REP-0081,Ember Networks,1-50,Paid Marketing,Cloud Compute,Q1 2026,2026-01-30,Dead,0,,8000,
PROS-07611,REP-0077,Zenith Networks,1-50,LinkedIn,Cloud Storage,Q2 2026,2026-05-17,Dead,0,,7200,
PROS-07612,REP-0109,Redshift Holdings,1-50,LinkedIn,Security Suite,Q1 2026,2026-02-13,Lost,4,2026-02-26,43300,
PROS-07613,REP-0004,Summit Systems,51-200,Inbound Call,Cloud Compute,Q4 2025,2025-12-28,Dead,0,,19000,
PROS-07614,REP-0057,Beacon Group,1000-5000,Inbound Call,Data Analytics,Q1 2026,2026-03-16,Lost,3,2026-06-05,74700,
PROS-07615,REP-0013,Ridgeline Digital,1000-5000,Inbound Call,Security Suite,Q2 2026,2026-06-06,Lost,5,2026-06-27,84800,
PROS-07616,REP-0082,Horizon Dynamics,51-200,Website Inquiry,Cloud Compute,Q2 2026,2026-05-26,Lost,3,2026-06-18,9900,
PROS-07617,REP-0110,Horizon Dynamics,201-1000,Cold Outreach,Data Analytics,Q4 2025,2025-10-03,Dead,0,,50000,
PROS-07618,REP-0028,Drift Networks,1-50,Inbound Call,Cloud Compute,Q2 2026,2026-06-22,Open,2,,16100,
PROS-07619,REP-0101,Helix Holdings,1000-5000,Paid Marketing,Data Analytics,Q4 2025,2025-11-20,Dead,1,,63100,
PROS-07620,REP-0056,Cobalt Works,201-1000,Conference,Data Analytics,Q2 2026,2026-06-27,Open,1,,48700,
PROS-07621,REP-0105,Zenith Digital,201-1000,Cold Outreach,Security Suite,Q1 2026,2026-02-17,Dead,0,,69100,
PROS-07622,REP-0028,Zenith Partners,1-50,LinkedIn,Cloud Storage,Q4 2025,2025-10-29,Won,4,2025-11-11,3300,3500
PROS-07623,REP-0089,Beacon Works,1-50,Cold Outreach,Cloud Storage,Q1 2026,2026-01-06,Dead,0,,3800,
PROS-07624,REP-0021,Cobalt Solutions,1-50,LinkedIn,Cloud Storage,Q1 2026,2026-01-04,Lost,3,2026-01-26,6800,
PROS-07625,REP-0020,Quantum Networks,1000-5000,Website Inquiry,Cloud Storage,Q4 2025,2025-11-03,Lost,4,2025-12-07,26200,
PROS-07626,REP-0010,Pulse Group,1000-5000,Website Inquiry,Security Suite,Q2 2026,2026-05-29,Open,2,,47500,
PROS-07627,REP-0020,Ember Solutions,1000-5000,Cold Outreach,AI Platform,Q2 2026,2026-04-08,Lost,3,2026-05-10,71500,
PROS-07628,REP-0076,Redshift Labs,1-50,Paid Marketing,AI Platform,Q1 2026,2026-02-04,Lost,2,2026-02-21,39600,
PROS-07629,REP-0057,Anchor Dynamics,5000+,Website Inquiry,AI Platform,Q2 2026,2026-05-27,Open,1,,290100,
PROS-07630,REP-0073,Wavefront Group,201-1000,LinkedIn,AI Platform,Q2 2026,2026-06-12,Open,1,,81000,
PROS-07631,REP-0096,Zenith Systems,51-200,Paid Marketing,AI Platform,Q1 2026,2026-03-12,Dead,0,,52200,
PROS-07632,REP-0099,Fusion Solutions,201-1000,Conference,AI Platform,Q1 2026,2026-02-11,Lost,4,2026-03-08,61100,
PROS-07633,REP-0101,Wavefront Industries,201-1000,Paid Marketing,Security Suite,Q1 2026,2026-02-10,Lost,3,2026-03-20,113900,
PROS-07634,REP-0084,Catalyst Works,1000-5000,Inbound Call,Data Analytics,Q2 2026,2026-04-08,Lost,5,2026-05-14,89400,
PROS-07635,REP-0058,Zenith Networks,1000-5000,Cold Outreach,AI Platform,Q2 2026,2026-06-07,Open,0,,116300,
PROS-07636,REP-0003,Summit Holdings,51-200,Conference,Data Analytics,Q2 2026,2026-06-05,Open,0,,41400,
PROS-07637,REP-0028,Granite Technologies,1-50,Website Inquiry,Data Analytics,Q2 2026,2026-04-28,Dead,1,,23600,
PROS-07638,REP-0080,Fusion Digital,51-200,Referral,Data Analytics,Q1 2026,2026-01-29,Lost,3,2026-03-10,40400,
PROS-07639,REP-0066,Summit Partners,1000-5000,Paid Marketing,AI Platform,Q4 2025,2025-10-02,Lost,3,2025-11-18,131400,
PROS-07640,REP-0025,Meridian Group,201-1000,Cold Outreach,AI Platform,Q1 2026,2026-03-11,Dead,2,,133100,
PROS-07641,REP-0076,Nimbus Works,1-50,Cold Outreach,Security Suite,Q2 2026,2026-04-24,Lost,4,2026-05-10,21400,
PROS-07642,REP-0088,Ember Labs,201-1000,Website Inquiry,Cloud Storage,Q2 2026,2026-05-02,Dead,1,,12400,
PROS-07643,REP-0098,Ember Networks,201-1000,Cold Outreach,Security Suite,Q2 2026,2026-05-22,Lost,5,2026-06-29,89000,
PROS-07644,REP-0039,Solace Partners,1000-5000,Paid Marketing,Security Suite,Q1 2026,2026-01-01,Lost,4,2026-02-23,85400,
PROS-07645,REP-0021,Redshift Networks,1-50,Inbound Call,Security Suite,Q1 2026,2026-02-17,Lost,4,2026-03-05,16400,
PROS-07646,REP-0061,Pulse Partners,5000+,Cold Outreach,Cloud Storage,Q2 2026,2026-04-12,Dead,1,,28000,
PROS-07647,REP-0049,Ridgeline Holdings,1000-5000,Paid Marketing,Cloud Compute,Q2 2026,2026-05-02,Lost,4,2026-05-18,35700,
PROS-07648,REP-0080,Sterling Works,51-200,Referral,AI Platform,Q2 2026,2026-04-24,Lost,2,2026-06-07,30900,
PROS-07649,REP-0017,Summit Dynamics,201-1000,Paid Marketing,Cloud Compute,Q4 2025,2025-10-13,Lost,2,2025-11-18,23000,
PROS-07650,REP-0067,Helix Systems,1000-5000,LinkedIn,Cloud Compute,Q1 2026,2026-01-06,Lost,5,2026-02-12,25200,
PROS-07651,REP-0081,Helix Dynamics,51-200,Inbound Call,Data Analytics,Q4 2025,2025-12-28,Dead,0,,24700,
PROS-07652,REP-0027,Ironclad Networks,1000-5000,Website Inquiry,Security Suite,Q2 2026,2026-04-24,Lost,5,2026-06-08,147400,
PROS-07653,REP-0108,Pulse Holdings,1-50,Conference,Data Analytics,Q4 2025,2025-10-23,Dead,1,,14800,
PROS-07654,REP-0028,Vantage Technologies,1-50,Inbound Call,Security Suite,Q2 2026,2026-06-15,Open,1,,34100,
PROS-07655,REP-0009,Sterling Digital,201-1000,Cold Outreach,Data Analytics,Q1 2026,2026-03-02,Lost,4,2026-05-16,23200,
PROS-07656,REP-0096,Orbit Labs,1-50,Paid Marketing,Cloud Compute,Q4 2025,2025-12-01,Dead,0,,9800,
PROS-07657,REP-0109,Drift Dynamics,1-50,Paid Marketing,AI Platform,Q2 2026,2026-05-12,Dead,0,,47800,
PROS-07658,REP-0077,Summit Works,1-50,Conference,Cloud Storage,Q2 2026,2026-04-18,Won,3,2026-05-13,6700,7400
PROS-07659,REP-0041,Sterling Dynamics,201-1000,LinkedIn,Data Analytics,Q2 2026,2026-05-08,Dead,1,,61700,
PROS-07660,REP-0008,Ironclad Works,201-1000,Paid Marketing,Cloud Storage,Q4 2025,2025-12-27,Lost,5,2026-01-11,13800,
PROS-07661,REP-0043,Quantum Works,201-1000,LinkedIn,Data Analytics,Q4 2025,2025-12-09,Dead,0,,42000,
PROS-07662,REP-0017,Horizon Technologies,201-1000,Paid Marketing,AI Platform,Q2 2026,2026-06-13,Dead,0,,93800,
PROS-07663,REP-0094,Ironclad Solutions,51-200,Paid Marketing,Cloud Compute,Q4 2025,2025-10-12,Won,4,2025-10-29,15300,13800
PROS-07664,REP-0072,Helix Group,201-1000,Inbound Call,Security Suite,Q1 2026,2026-03-21,Dead,0,,73100,
PROS-07665,REP-0008,Fusion Networks,1000-5000,Paid Marketing,Cloud Storage,Q2 2026,2026-06-10,Dead,0,,28200,
PROS-07666,REP-0071,Cobalt Group,201-1000,Cold Outreach,Cloud Compute,Q2 2026,2026-06-20,Open,0,,17200,
PROS-07667,REP-0072,Cobalt Dynamics,51-200,Inbound Call,Cloud Compute,Q4 2025,2025-12-26,Lost,4,2026-01-21,10700,
PROS-07668,REP-0072,Nova Labs,201-1000,Cold Outreach,Cloud Storage,Q4 2025,2025-11-16,Lost,2,2026-01-05,20700,
PROS-07669,REP-0055,Vantage Solutions,201-1000,Inbound Call,Data Analytics,Q4 2025,2025-11-02,Dead,0,,34200,
PROS-07670,REP-0105,Cobalt Works,201-1000,LinkedIn,AI Platform,Q1 2026,2026-02-19,Lost,2,2026-03-10,140300,
PROS-07671,REP-0011,Ridgeline Solutions,51-200,Inbound Call,Cloud Compute,Q4 2025,2025-12-19,Lost,2,2025-12-29,17000,
PROS-07672,REP-0026,Vertex Systems,51-200,Referral,Data Analytics,Q2 2026,2026-06-17,Open,0,,17600,
PROS-07673,REP-0103,Fusion Technologies,1-50,LinkedIn,Data Analytics,Q4 2025,2025-12-10,Lost,4,2025-12-17,11600,
PROS-07674,REP-0075,Granite Digital,201-1000,Inbound Call,Data Analytics,Q1 2026,2026-02-14,Lost,2,2026-03-10,39100,
PROS-07675,REP-0089,Anchor Solutions,1-50,Cold Outreach,Security Suite,Q2 2026,2026-05-11,Lost,2,2026-05-31,17400,
PROS-07676,REP-0056,Redshift Dynamics,51-200,Paid Marketing,Cloud Storage,Q1 2026,2026-03-21,Lost,2,2026-04-05,6400,
PROS-07677,REP-0076,Ridgeline Group,51-200,Cold Outreach,Cloud Storage,Q4 2025,2025-12-27,Dead,0,,14100,
PROS-07678,REP-0064,Horizon Holdings,51-200,Website Inquiry,Data Analytics,Q1 2026,2026-01-09,Lost,3,2026-02-06,16400,
PROS-07679,REP-0022,Summit Industries,201-1000,Inbound Call,Cloud Compute,Q1 2026,2026-03-26,Dead,0,,33700,
PROS-07680,REP-0044,Pulse Industries,51-200,LinkedIn,AI Platform,Q2 2026,2026-05-29,Open,1,,65000,
PROS-07681,REP-0108,Vantage Solutions,1-50,Cold Outreach,Security Suite,Q2 2026,2026-05-10,Lost,4,2026-06-04,32400,
PROS-07682,REP-0102,Zenith Solutions,1-50,Referral,Security Suite,Q1 2026,2026-02-13,Dead,0,,22300,
PROS-07683,REP-0024,Helix Holdings,51-200,Website Inquiry,AI Platform,Q1 2026,2026-01-11,Dead,0,,46900,
PROS-07684,REP-0017,Northgate Industries,201-1000,Website Inquiry,Cloud Compute,Q4 2025,2025-11-07,Won,3,2025-12-06,14900,14700
PROS-07685,REP-0057,Sterling Works,5000+,Website Inquiry,AI Platform,Q2 2026,2026-05-16,Lost,5,2026-06-27,163600,
PROS-07686,REP-0068,Wavefront Labs,51-200,LinkedIn,AI Platform,Q2 2026,2026-06-16,Open,2,,68800,
PROS-07687,REP-0070,Fusion Networks,51-200,LinkedIn,Data Analytics,Q2 2026,2026-05-12,Lost,4,2026-06-17,34000,
PROS-07688,REP-0019,Ironclad Digital,201-1000,Paid Marketing,Data Analytics,Q2 2026,2026-05-11,Lost,5,2026-06-09,40100,
PROS-07689,REP-0077,Atlas Technologies,1-50,Paid Marketing,Cloud Compute,Q4 2025,2025-11-06,Lost,3,2025-11-25,8300,
PROS-07690,REP-0019,Cobalt Systems,201-1000,Paid Marketing,AI Platform,Q2 2026,2026-05-27,Open,2,,54600,
PROS-07691,REP-0102,Pulse Technologies,51-200,LinkedIn,AI Platform,Q1 2026,2026-01-06,Lost,5,2026-01-21,23000,
PROS-07692,REP-0037,Nova Industries,201-1000,Referral,AI Platform,Q2 2026,2026-05-09,Dead,0,,64900,
PROS-07693,REP-0011,Nimbus Group,51-200,Paid Marketing,Security Suite,Q4 2025,2025-12-10,Lost,2,2026-01-04,31500,
PROS-07694,REP-0031,Solace Group,201-1000,Inbound Call,Security Suite,Q2 2026,2026-04-06,Dead,0,,69200,
PROS-07695,REP-0007,Granite Systems,51-200,Inbound Call,Cloud Compute,Q2 2026,2026-04-10,Lost,5,2026-05-16,22400,
PROS-07696,REP-0016,Fusion Works,5000+,Cold Outreach,Cloud Storage,Q2 2026,2026-04-06,Lost,4,2026-06-27,23500,
PROS-07697,REP-0097,Cobalt Works,201-1000,Inbound Call,Cloud Compute,Q1 2026,2026-03-12,Lost,2,2026-04-29,20300,
PROS-07698,REP-0065,Catalyst Networks,201-1000,Cold Outreach,AI Platform,Q1 2026,2026-01-27,Lost,3,2026-03-12,96000,
PROS-07699,REP-0038,Zenith Works,201-1000,Inbound Call,Cloud Compute,Q2 2026,2026-05-15,Lost,2,2026-06-19,32600,
PROS-07700,REP-0062,Helix Networks,1-50,Paid Marketing,Security Suite,Q1 2026,2026-03-13,Lost,4,2026-04-03,34100,
PROS-07701,REP-0019,Ridgeline Solutions,1000-5000,Conference,Cloud Compute,Q1 2026,2026-01-24,Dead,1,,41000,
PROS-07702,REP-0038,Meridian Solutions,201-1000,Cold Outreach,Cloud Compute,Q1 2026,2026-02-24,Lost,4,2026-03-13,33400,
PROS-07703,REP-0008,Vertex Partners,51-200,LinkedIn,Cloud Compute,Q2 2026,2026-04-21,Dead,1,,12900,
PROS-07704,REP-0101,Beacon Works,1000-5000,Paid Marketing,Cloud Storage,Q4 2025,2025-12-13,Lost,4,2026-01-05,37000,
PROS-07705,REP-0077,Vantage Holdings,51-200,Cold Outreach,Cloud Compute,Q1 2026,2026-01-01,Lost,2,2026-01-11,26200,
PROS-07706,REP-0025,Vantage Systems,51-200,Paid Marketing,AI Platform,Q4 2025,2025-12-15,Lost,5,2026-01-01,94900,
PROS-07707,REP-0062,Northgate Labs,1-50,Referral,AI Platform,Q2 2026,2026-06-19,Open,3,,37500,
PROS-07708,REP-0096,Catalyst Solutions,1-50,LinkedIn,Data Analytics,Q4 2025,2025-10-31,Lost,5,2025-11-08,14600,
PROS-07709,REP-0065,Horizon Works,51-200,LinkedIn,Security Suite,Q4 2025,2025-12-14,Dead,1,,57300,
PROS-07710,REP-0040,Ember Systems,201-1000,Cold Outreach,Data Analytics,Q2 2026,2026-05-21,Lost,2,2026-06-07,42100,
PROS-07711,REP-0049,Apex Solutions,51-200,Conference,AI Platform,Q1 2026,2026-01-23,Lost,3,2026-02-22,81400,
PROS-07712,REP-0022,Cobalt Solutions,201-1000,Inbound Call,AI Platform,Q2 2026,2026-04-25,Lost,5,2026-05-11,83900,
PROS-07713,REP-0010,Horizon Digital,1000-5000,Inbound Call,Data Analytics,Q2 2026,2026-05-13,Lost,4,2026-06-06,47800,
PROS-07714,REP-0103,Beacon Systems,201-1000,Cold Outreach,Data Analytics,Q4 2025,2025-12-01,Lost,5,2025-12-25,52400,
PROS-07715,REP-0035,Pulse Technologies,1000-5000,Website Inquiry,AI Platform,Q1 2026,2026-01-23,Dead,0,,192400,
PROS-07716,REP-0047,Orbit Works,1000-5000,Website Inquiry,AI Platform,Q4 2025,2025-10-31,Lost,5,2025-11-26,94100,
PROS-07717,REP-0072,Ridgeline Industries,51-200,Cold Outreach,Security Suite,Q4 2025,2025-12-07,Lost,4,2026-01-19,26000,
PROS-07718,REP-0008,Helix Networks,201-1000,Paid Marketing,Data Analytics,Q4 2025,2025-12-22,Lost,5,2026-01-12,21800,
PROS-07719,REP-0056,Meridian Partners,1-50,Paid Marketing,Data Analytics,Q1 2026,2026-01-19,Dead,2,,14100,
PROS-07720,REP-0063,Horizon Systems,1-50,Paid Marketing,Cloud Storage,Q1 2026,2026-03-18,Dead,0,,5700,
PROS-07721,REP-0072,Quantum Solutions,51-200,Referral,Data Analytics,Q2 2026,2026-06-01,Open,0,,26300,
PROS-07722,REP-0069,Northgate Technologies,1000-5000,LinkedIn,Cloud Compute,Q2 2026,2026-05-21,Dead,0,,40800,
PROS-07723,REP-0039,Vantage Technologies,5000+,Paid Marketing,Data Analytics,Q2 2026,2026-04-25,Dead,0,,147600,
PROS-07724,REP-0016,Drift Digital,5000+,Paid Marketing,AI Platform,Q2 2026,2026-04-18,Dead,0,,348400,
PROS-07725,REP-0057,Cobalt Works,5000+,Paid Marketing,Security Suite,Q4 2025,2025-12-06,Lost,4,2026-02-15,207500,
PROS-07726,REP-0088,Orbit Systems,1-50,LinkedIn,Cloud Compute,Q4 2025,2025-11-21,Lost,3,2025-12-09,17600,
PROS-07727,REP-0086,Orbit Networks,51-200,Paid Marketing,Cloud Compute,Q1 2026,2026-02-21,Dead,0,,24600,
PROS-07728,REP-0091,Nimbus Partners,1000-5000,Paid Marketing,Data Analytics,Q4 2025,2025-10-30,Dead,0,,62900,
PROS-07729,REP-0022,Orbit Digital,1000-5000,Website Inquiry,Cloud Storage,Q2 2026,2026-05-01,Lost,2,2026-06-20,14600,
PROS-07730,REP-0071,Sterling Group,201-1000,Paid Marketing,AI Platform,Q2 2026,2026-05-29,Open,1,,63800,
PROS-07731,REP-0090,Northgate Partners,1000-5000,Website Inquiry,Cloud Compute,Q4 2025,2025-12-22,Lost,2,2026-02-21,31900,
PROS-07732,REP-0031,Helix Partners,201-1000,LinkedIn,Security Suite,Q1 2026,2026-03-11,Lost,4,2026-04-10,69300,
PROS-07733,REP-0015,Northgate Dynamics,1-50,Cold Outreach,Cloud Compute,Q4 2025,2025-11-10,Lost,5,2025-12-02,13900,
PROS-07734,REP-0064,Catalyst Labs,201-1000,Website Inquiry,Cloud Compute,Q4 2025,2025-12-24,Lost,4,2026-01-19,25600,
PROS-07735,REP-0060,Cobalt Dynamics,5000+,LinkedIn,Cloud Compute,Q4 2025,2025-10-06,Dead,0,,76300,
PROS-07736,REP-0099,Wavefront Systems,201-1000,LinkedIn,Security Suite,Q2 2026,2026-05-07,Won,3,2026-06-11,74000,69900
PROS-07737,REP-0022,Apex Group,201-1000,Paid Marketing,Cloud Compute,Q2 2026,2026-04-17,Lost,4,2026-05-24,24300,
PROS-07738,REP-0097,Ridgeline Dynamics,51-200,Referral,Data Analytics,Q4 2025,2025-12-07,Dead,0,,23200,
PROS-07739,REP-0070,Horizon Holdings,201-1000,Referral,Cloud Compute,Q4 2025,2025-11-04,Dead,1,,33500,
PROS-07740,REP-0106,Nimbus Works,1000-5000,Cold Outreach,Cloud Storage,Q1 2026,2026-02-24,Dead,0,,15600,
PROS-07741,REP-0044,Pulse Holdings,201-1000,Inbound Call,Cloud Compute,Q4 2025,2025-12-25,Dead,1,,17300,
PROS-07742,REP-0062,Meridian Labs,1-50,Paid Marketing,AI Platform,Q2 2026,2026-06-19,Open,0,,46100,
PROS-07743,REP-0041,Granite Systems,1000-5000,Website Inquiry,Security Suite,Q4 2025,2025-10-02,Dead,0,,179100,
PROS-07744,REP-0088,Sterling Labs,201-1000,Cold Outreach,Cloud Storage,Q4 2025,2025-11-08,Lost,4,2025-11-22,12000,
PROS-07745,REP-0017,Orbit Networks,1000-5000,LinkedIn,AI Platform,Q1 2026,2026-01-05,Lost,2,2026-02-03,192700,
PROS-07746,REP-0109,Nova Dynamics,51-200,Cold Outreach,AI Platform,Q1 2026,2026-01-16,Lost,3,2026-01-31,96400,
PROS-07747,REP-0018,Vertex Systems,1000-5000,Cold Outreach,Security Suite,Q2 2026,2026-06-01,Open,1,,135100,
PROS-07748,REP-0004,Quantum Holdings,1-50,Inbound Call,Cloud Storage,Q2 2026,2026-04-22,Lost,3,2026-05-02,5700,
PROS-07749,REP-0017,Meridian Labs,201-1000,Referral,Cloud Storage,Q4 2025,2025-11-10,Lost,5,2025-11-25,14300,
PROS-07750,REP-0099,Ironclad Partners,201-1000,LinkedIn,Cloud Storage,Q4 2025,2025-10-09,Lost,5,2025-11-16,16600,
PROS-07751,REP-0008,Wavefront Dynamics,1000-5000,Conference,Security Suite,Q1 2026,2026-02-02,Dead,0,,122200,
PROS-07752,REP-0070,Vantage Digital,51-200,Cold Outreach,Cloud Storage,Q1 2026,2026-03-16,Dead,0,,6100,
PROS-07753,REP-0052,Ridgeline Networks,1000-5000,LinkedIn,Cloud Compute,Q2 2026,2026-06-23,Open,1,,44000,
PROS-07754,REP-0049,Nimbus Partners,201-1000,LinkedIn,AI Platform,Q2 2026,2026-06-02,Open,1,,96300,
PROS-07755,REP-0024,Fusion Technologies,201-1000,Conference,AI Platform,Q1 2026,2026-03-30,Lost,5,2026-04-12,89200,
PROS-07756,REP-0052,Vertex Holdings,1000-5000,Website Inquiry,Cloud Compute,Q1 2026,2026-03-20,Dead,1,,30200,
PROS-07757,REP-0083,Ridgeline Partners,51-200,Inbound Call,Data Analytics,Q1 2026,2026-01-10,Lost,2,2026-02-07,34300,
PROS-07758,REP-0001,Atlas Group,201-1000,Paid Marketing,Security Suite,Q2 2026,2026-04-22,Lost,3,2026-05-24,76300,
PROS-07759,REP-0005,Ironclad Dynamics,51-200,Cold Outreach,Security Suite,Q1 2026,2026-03-18,Lost,2,2026-04-05,28100,
PROS-07760,REP-0049,Solace Networks,51-200,Website Inquiry,AI Platform,Q1 2026,2026-02-04,Lost,2,2026-03-24,50700,
PROS-07761,REP-0096,Quantum Solutions,51-200,Paid Marketing,Data Analytics,Q4 2025,2025-11-25,Lost,3,2025-12-17,38200,
PROS-07762,REP-0109,Catalyst Group,201-1000,LinkedIn,Cloud Storage,Q4 2025,2025-11-24,Lost,5,2025-12-11,19800,
PROS-07763,REP-0077,Pulse Partners,201-1000,Website Inquiry,AI Platform,Q2 2026,2026-05-09,Lost,2,2026-06-02,55200,
PROS-07764,REP-0028,Meridian Systems,1-50,LinkedIn,Cloud Compute,Q1 2026,2026-01-24,Dead,0,,13900,
PROS-07765,REP-0103,Ironclad Labs,1-50,Cold Outreach,Cloud Storage,Q4 2025,2025-12-25,Lost,3,2026-01-02,4200,
PROS-07766,REP-0012,Vertex Group,51-200,Website Inquiry,Security Suite,Q1 2026,2026-02-01,Dead,1,,43900,
PROS-07767,REP-0087,Ridgeline Networks,51-200,Paid Marketing,Security Suite,Q4 2025,2025-11-30,Lost,3,2025-12-16,58100,
PROS-07768,REP-0012,Helix Group,51-200,Cold Outreach,Security Suite,Q1 2026,2026-02-19,Lost,3,2026-02-28,60500,
PROS-07769,REP-0044,Redshift Networks,51-200,Paid Marketing,Cloud Storage,Q1 2026,2026-03-14,Won,4,2026-03-24,11000,10900
PROS-07770,REP-0009,Apex Partners,5000+,Paid Marketing,Security Suite,Q2 2026,2026-06-16,Lost,3,2026-06-27,162300,
PROS-07771,REP-0104,Ironclad Industries,201-1000,Website Inquiry,Security Suite,Q4 2025,2025-10-04,Won,8,2025-12-30,59900,67900
PROS-07772,REP-0063,Redshift Dynamics,51-200,LinkedIn,Cloud Storage,Q4 2025,2025-10-18,Lost,3,2025-11-09,5100,
PROS-07773,REP-0033,Beacon Industries,201-1000,LinkedIn,Cloud Compute,Q2 2026,2026-04-22,Dead,1,,35600,
PROS-07774,REP-0089,Solace Solutions,1-50,Paid Marketing,Cloud Compute,Q1 2026,2026-01-03,Dead,0,,13000,
PROS-07775,REP-0077,Quantum Works,51-200,Website Inquiry,Cloud Compute,Q2 2026,2026-05-25,Won,4,2026-06-19,29100,30100
PROS-07776,REP-0097,Ironclad Group,51-200,Paid Marketing,Cloud Compute,Q1 2026,2026-01-30,Dead,0,,22100,
PROS-07777,REP-0050,Ironclad Solutions,1000-5000,Cold Outreach,Cloud Compute,Q4 2025,2025-12-27,Lost,5,2026-02-28,30800,
PROS-07778,REP-0040,Beacon Labs,1000-5000,Paid Marketing,Cloud Storage,Q1 2026,2026-02-07,Lost,4,2026-03-02,17700,
PROS-07779,REP-0072,Vertex Systems,201-1000,Paid Marketing,AI Platform,Q4 2025,2025-11-19,Lost,4,2026-01-04,99400,
PROS-07780,REP-0103,Zenith Industries,1-50,LinkedIn,AI Platform,Q1 2026,2026-01-27,Lost,5,2026-02-14,25900,
PROS-07781,REP-0047,Orbit Labs,201-1000,Conference,Cloud Compute,Q4 2025,2025-12-11,Dead,1,,17100,
PROS-07782,REP-0058,Vertex Systems,1000-5000,Website Inquiry,AI Platform,Q2 2026,2026-04-10,Lost,3,2026-06-05,232300,
PROS-07783,REP-0020,Ridgeline Digital,201-1000,Website Inquiry,Cloud Compute,Q2 2026,2026-05-30,Open,1,,19300,
PROS-07784,REP-0102,Apex Labs,201-1000,Website Inquiry,Cloud Storage,Q4 2025,2025-10-27,Won,2,2025-11-14,15600,16600
PROS-07785,REP-0059,Apex Industries,201-1000,Website Inquiry,Cloud Compute,Q2 2026,2026-04-02,Lost,4,2026-04-15,39000,
PROS-07786,REP-0051,Helix Dynamics,201-1000,Referral,AI Platform,Q2 2026,2026-06-02,Open,1,,95100,
PROS-07787,REP-0039,Redshift Group,5000+,LinkedIn,AI Platform,Q4 2025,2025-12-10,Won,6,2026-02-03,326400,287900
PROS-07788,REP-0009,Summit Labs,1000-5000,Conference,Cloud Compute,Q2 2026,2026-05-02,Won,4,2026-06-11,32800,28300
PROS-07789,REP-0098,Apex Industries,51-200,Website Inquiry,AI Platform,Q4 2025,2025-10-29,Won,4,2025-11-25,92300,104600
PROS-07790,REP-0044,Sterling Digital,51-200,Cold Outreach,Cloud Compute,Q2 2026,2026-05-23,Dead,0,,22100,
PROS-07791,REP-0093,Apex Industries,1-50,Paid Marketing,AI Platform,Q2 2026,2026-05-29,Open,1,,28000,
PROS-07792,REP-0047,Nimbus Dynamics,51-200,Paid Marketing,Data Analytics,Q2 2026,2026-04-16,Dead,0,,37400,
PROS-07793,REP-0058,Ridgeline Works,1000-5000,Conference,AI Platform,Q2 2026,2026-05-25,Dead,0,,149700,
PROS-07794,REP-0097,Ironclad Industries,1000-5000,Website Inquiry,Data Analytics,Q2 2026,2026-06-09,Open,1,,62200,
PROS-07795,REP-0043,Meridian Systems,201-1000,Referral,Data Analytics,Q1 2026,2026-01-19,Lost,5,2026-02-19,52900,
PROS-07796,REP-0059,Zenith Dynamics,1-50,Cold Outreach,Data Analytics,Q2 2026,2026-05-11,Lost,2,2026-05-20,10500,
PROS-07797,REP-0076,Redshift Group,51-200,LinkedIn,Security Suite,Q2 2026,2026-04-08,Won,2,2026-04-29,51800,49900
PROS-07798,REP-0007,Fusion Labs,201-1000,Inbound Call,Cloud Compute,Q4 2025,2025-11-30,Lost,4,2025-12-31,41900,
PROS-07799,REP-0070,Atlas Networks,201-1000,Referral,Security Suite,Q4 2025,2025-12-01,Dead,0,,91800,
PROS-07800,REP-0088,Northgate Digital,51-200,LinkedIn,Security Suite,Q2 2026,2026-05-01,Dead,0,,68600,
PROS-07801,REP-0008,Granite Technologies,201-1000,Website Inquiry,Cloud Compute,Q4 2025,2025-11-07,Lost,4,2025-12-09,25200,
PROS-07802,REP-0028,Ridgeline Partners,51-200,Paid Marketing,Data Analytics,Q2 2026,2026-05-24,Lost,2,2026-06-16,22400,
PROS-07803,REP-0074,Beacon Solutions,201-1000,Inbound Call,AI Platform,Q2 2026,2026-06-24,Open,2,,62000,
PROS-07804,REP-0037,Orbit Systems,51-200,Conference,Data Analytics,Q4 2025,2025-12-16,Dead,0,,28700,
PROS-07805,REP-0088,Nimbus Partners,1-50,Paid Marketing,AI Platform,Q2 2026,2026-05-10,Lost,3,2026-05-31,50400,
PROS-07806,REP-0075,Summit Digital,201-1000,Paid Marketing,Security Suite,Q4 2025,2025-11-07,Lost,5,2025-11-25,55100,
PROS-07807,REP-0035,Ironclad Industries,1000-5000,Cold Outreach,Cloud Storage,Q2 2026,2026-05-21,Lost,2,2026-06-30,33600,
PROS-07808,REP-0025,Beacon Networks,1000-5000,Website Inquiry,Cloud Compute,Q1 2026,2026-03-03,Won,5,2026-04-17,62500,73200
PROS-07809,REP-0001,Solace Dynamics,201-1000,Website Inquiry,AI Platform,Q2 2026,2026-05-23,Won,5,2026-06-15,170000,176200
PROS-07810,REP-0087,Zenith Industries,201-1000,Website Inquiry,Security Suite,Q1 2026,2026-03-21,Dead,0,,90900,
PROS-07811,REP-0054,Vertex Works,1000-5000,Website Inquiry,AI Platform,Q2 2026,2026-06-12,Open,2,,235200,
PROS-07812,REP-0089,Pulse Partners,1-50,Paid Marketing,Cloud Storage,Q2 2026,2026-05-11,Lost,5,2026-05-20,5500,
PROS-07813,REP-0033,Drift Holdings,1000-5000,Website Inquiry,Cloud Storage,Q1 2026,2026-03-01,Dead,1,,10800,
PROS-07814,REP-0091,Nimbus Digital,201-1000,Website Inquiry,AI Platform,Q1 2026,2026-02-25,Lost,5,2026-04-04,71400,
PROS-07815,REP-0106,Nova Networks,51-200,Cold Outreach,Security Suite,Q1 2026,2026-01-19,Dead,1,,35500,
PROS-07816,REP-0044,Ember Group,1-50,LinkedIn,Security Suite,Q4 2025,2025-10-29,Lost,3,2025-11-07,12900,
PROS-07817,REP-0025,Quantum Group,1000-5000,LinkedIn,AI Platform,Q2 2026,2026-05-31,Open,0,,153000,
PROS-07818,REP-0089,Orbit Works,201-1000,Inbound Call,Cloud Compute,Q2 2026,2026-06-24,Open,1,,27500,
PROS-07819,REP-0036,Pulse Digital,51-200,Inbound Call,AI Platform,Q2 2026,2026-05-03,Lost,3,2026-05-29,46800,
PROS-07820,REP-0057,Apex Holdings,201-1000,Cold Outreach,Cloud Compute,Q4 2025,2025-11-05,Dead,1,,31100,
PROS-07821,REP-0089,Orbit Solutions,1-50,Cold Outreach,Security Suite,Q1 2026,2026-02-04,Dead,1,,16700,
PROS-07822,REP-0050,Sterling Networks,1000-5000,Cold Outreach,Cloud Compute,Q2 2026,2026-05-06,Dead,0,,44700,
PROS-07823,REP-0093,Beacon Industries,1-50,LinkedIn,Cloud Storage,Q2 2026,2026-06-04,Open,2,,5100,
PROS-07824,REP-0019,Catalyst Labs,201-1000,Cold Outreach,Cloud Storage,Q4 2025,2025-11-01,Dead,0,,13600,
PROS-07825,REP-0091,Summit Solutions,201-1000,Conference,AI Platform,Q2 2026,2026-04-29,Lost,4,2026-05-17,103100,
PROS-07826,REP-0021,Solace Industries,1-50,Inbound Call,Cloud Storage,Q4 2025,2025-10-18,Lost,4,2025-11-04,6500,
PROS-07827,REP-0049,Atlas Technologies,1000-5000,LinkedIn,Data Analytics,Q4 2025,2025-11-17,Lost,3,2025-12-06,29000,
PROS-07828,REP-0039,Granite Digital,1000-5000,LinkedIn,Data Analytics,Q1 2026,2026-01-20,Lost,3,2026-02-19,71100,
PROS-07829,REP-0005,Redshift Group,1-50,LinkedIn,Cloud Storage,Q1 2026,2026-02-15,Dead,0,,7000,
PROS-07830,REP-0023,Catalyst Networks,201-1000,Referral,Cloud Storage,Q4 2025,2025-11-07,Lost,5,2026-02-02,16500,
PROS-07831,REP-0099,Anchor Works,201-1000,Cold Outreach,Cloud Compute,Q1 2026,2026-01-15,Lost,5,2026-01-30,44400,
PROS-07832,REP-0016,Zenith Industries,1000-5000,Conference,Data Analytics,Q2 2026,2026-06-09,Open,3,,80300,
PROS-07833,REP-0016,Ridgeline Works,201-1000,Paid Marketing,Security Suite,Q2 2026,2026-06-15,Open,2,,62600,
PROS-07834,REP-0059,Meridian Dynamics,51-200,Cold Outreach,Cloud Storage,Q4 2025,2025-10-12,Dead,0,,11200,
PROS-07835,REP-0086,Fusion Solutions,201-1000,Paid Marketing,Security Suite,Q4 2025,2025-11-24,Dead,0,,34500,
PROS-07836,REP-0065,Orbit Industries,201-1000,Paid Marketing,Data Analytics,Q4 2025,2025-10-24,Lost,2,2025-11-30,35800,
PROS-07837,REP-0069,Lattice Group,201-1000,Website Inquiry,Data Analytics,Q1 2026,2026-03-17,Lost,2,2026-04-21,47100,
PROS-07838,REP-0024,Quantum Technologies,51-200,LinkedIn,Cloud Storage,Q4 2025,2025-12-21,Dead,0,,6900,
PROS-07839,REP-0080,Catalyst Labs,201-1000,Cold Outreach,Cloud Compute,Q4 2025,2025-12-14,Lost,5,2026-01-31,21800,
PROS-07840,REP-0058,Sterling Dynamics,5000+,Cold Outreach,AI Platform,Q1 2026,2026-03-03,Lost,4,2026-05-24,396900,
PROS-07841,REP-0040,Atlas Holdings,1000-5000,Paid Marketing,AI Platform,Q4 2025,2025-10-18,Lost,2,2025-11-20,129700,
PROS-07842,REP-0015,Horizon Technologies,51-200,Cold Outreach,Security Suite,Q4 2025,2025-12-15,Won,4,2025-12-26,28200,29900
PROS-07843,REP-0087,Cobalt Works,51-200,Paid Marketing,Security Suite,Q2 2026,2026-06-24,Open,1,,33200,
PROS-07844,REP-0105,Helix Labs,201-1000,Paid Marketing,Data Analytics,Q2 2026,2026-06-29,Open,1,,57500,
PROS-07845,REP-0010,Nimbus Holdings,201-1000,LinkedIn,Data Analytics,Q1 2026,2026-01-26,Dead,1,,28100,
PROS-07846,REP-0004,Quantum Partners,1-50,Conference,Cloud Compute,Q1 2026,2026-02-14,Lost,3,2026-03-05,12100,
PROS-07847,REP-0003,Ember Industries,1-50,Website Inquiry,Security Suite,Q1 2026,2026-03-27,Lost,3,2026-04-13,38500,
PROS-07848,REP-0079,Nova Group,1-50,Website Inquiry,Cloud Compute,Q2 2026,2026-04-19,Lost,2,2026-05-11,11000,
PROS-07849,REP-0108,Catalyst Works,1-50,Website Inquiry,Cloud Compute,Q4 2025,2025-12-10,Dead,0,,8100,
PROS-07850,REP-0081,Ridgeline Holdings,1-50,LinkedIn,Cloud Compute,Q4 2025,2025-12-14,Dead,0,,11600,
PROS-07851,REP-0065,Solace Group,51-200,Cold Outreach,Cloud Storage,Q2 2026,2026-05-26,Lost,2,2026-06-29,8600,
PROS-07852,REP-0021,Lattice Technologies,1-50,Cold Outreach,Cloud Compute,Q2 2026,2026-04-23,Lost,4,2026-05-16,13800,
PROS-07853,REP-0089,Helix Industries,1-50,LinkedIn,Security Suite,Q1 2026,2026-03-23,Lost,2,2026-04-02,17600,
PROS-07854,REP-0098,Lattice Group,51-200,Inbound Call,Cloud Compute,Q4 2025,2025-10-01,Lost,3,2025-10-17,24400,
PROS-07855,REP-0046,Ironclad Technologies,201-1000,LinkedIn,Cloud Compute,Q1 2026,2026-01-23,Lost,5,2026-03-09,29800,
PROS-07856,REP-0108,Redshift Systems,1-50,LinkedIn,Data Analytics,Q2 2026,2026-04-22,Lost,3,2026-05-03,15000,
PROS-07857,REP-0094,Drift Dynamics,1-50,Referral,Data Analytics,Q2 2026,2026-06-07,Open,1,,14600,
PROS-07858,REP-0006,Fusion Group,1000-5000,Cold Outreach,Cloud Compute,Q2 2026,2026-06-11,Open,2,,57500,
PROS-07859,REP-0062,Nova Digital,51-200,Paid Marketing,Data Analytics,Q4 2025,2025-12-08,Dead,1,,26500,
PROS-07860,REP-0088,Granite Holdings,1-50,Website Inquiry,Data Analytics,Q4 2025,2025-10-16,Dead,0,,15000,
PROS-07861,REP-0041,Apex Group,201-1000,Website Inquiry,AI Platform,Q2 2026,2026-06-23,Dead,0,,50600,
PROS-07862,REP-0022,Ember Digital,51-200,Website Inquiry,Security Suite,Q2 2026,2026-05-23,Lost,5,2026-06-15,40400,
PROS-07863,REP-0088,Quantum Solutions,51-200,Website Inquiry,Cloud Compute,Q2 2026,2026-05-26,Lost,2,2026-06-02,34100,
PROS-07864,REP-0067,Summit Technologies,1000-5000,Inbound Call,Cloud Compute,Q2 2026,2026-04-12,Lost,4,2026-06-27,61700,
PROS-07865,REP-0043,Northgate Industries,201-1000,Inbound Call,Cloud Storage,Q1 2026,2026-01-06,Lost,4,2026-01-30,11300,
PROS-07866,REP-0083,Beacon Dynamics,1000-5000,Website Inquiry,Security Suite,Q2 2026,2026-04-03,Lost,2,2026-04-19,125400,
PROS-07867,REP-0024,Meridian Technologies,51-200,Inbound Call,Cloud Compute,Q1 2026,2026-03-02,Lost,3,2026-03-25,15200,
PROS-07868,REP-0024,Pulse Industries,1-50,Website Inquiry,AI Platform,Q2 2026,2026-04-23,Lost,4,2026-05-16,14500,
PROS-07869,REP-0095,Vertex Group,1-50,Referral,Data Analytics,Q4 2025,2025-11-15,Dead,0,,18400,
PROS-07870,REP-0028,Apex Partners,51-200,Paid Marketing,Cloud Storage,Q2 2026,2026-06-24,Open,1,,14500,
PROS-07871,REP-0074,Drift Labs,1000-5000,Cold Outreach,Cloud Storage,Q2 2026,2026-06-19,Open,1,,17900,
PROS-07872,REP-0075,Horizon Solutions,51-200,Conference,Cloud Compute,Q1 2026,2026-03-11,Lost,5,2026-03-27,15400,
PROS-07873,REP-0017,Meridian Works,51-200,Referral,Cloud Compute,Q1 2026,2026-02-03,Lost,5,2026-03-18,10800,
PROS-07874,REP-0015,Drift Labs,1-50,Paid Marketing,Security Suite,Q4 2025,2025-10-10,Dead,0,,27900,
PROS-07875,REP-0023,Wavefront Technologies,1000-5000,Conference,Cloud Storage,Q2 2026,2026-04-27,Dead,0,,13700,
PROS-07876,REP-0086,Anchor Partners,201-1000,Cold Outreach,Cloud Storage,Q2 2026,2026-04-25,Lost,2,2026-06-14,18800,
PROS-07877,REP-0009,Zenith Digital,5000+,Inbound Call,Security Suite,Q4 2025,2025-12-18,Lost,5,2026-03-04,80100,
PROS-07878,REP-0021,Zenith Labs,1-50,LinkedIn,AI Platform,Q1 2026,2026-03-07,Won,2,2026-03-15,45100,50700
PROS-07879,REP-0096,Vertex Industries,1-50,Cold Outreach,Cloud Storage,Q1 2026,2026-02-12,Dead,0,,4800,
PROS-07880,REP-0037,Atlas Technologies,201-1000,Website Inquiry,Cloud Compute,Q4 2025,2025-11-16,Lost,4,2025-12-06,26400,
PROS-07881,REP-0001,Orbit Digital,201-1000,Paid Marketing,Data Analytics,Q4 2025,2025-10-14,Lost,4,2025-11-03,32300,
PROS-07882,REP-0061,Zenith Partners,1000-5000,Website Inquiry,Cloud Compute,Q2 2026,2026-05-03,Lost,4,2026-06-29,70100,
PROS-07883,REP-0090,Catalyst Industries,5000+,LinkedIn,Data Analytics,Q1 2026,2026-01-30,Lost,2,2026-04-17,86700,
PROS-07884,REP-0053,Vantage Dynamics,201-1000,Inbound Call,Cloud Compute,Q2 2026,2026-06-30,Open,0,,19900,
PROS-07885,REP-0076,Quantum Systems,51-200,Cold Outreach,Cloud Compute,Q4 2025,2025-12-26,Dead,0,,26900,
PROS-07886,REP-0060,Ridgeline Networks,1000-5000,LinkedIn,Cloud Compute,Q4 2025,2025-12-01,Lost,5,2026-02-08,38500,
PROS-07887,REP-0097,Vertex Holdings,201-1000,Cold Outreach,Cloud Compute,Q1 2026,2026-03-01,Lost,3,2026-04-18,28600,
PROS-07888,REP-0016,Granite Holdings,1000-5000,Website Inquiry,AI Platform,Q2 2026,2026-04-13,Lost,2,2026-06-04,218800,
PROS-07889,REP-0017,Anchor Industries,201-1000,Cold Outreach,Data Analytics,Q4 2025,2025-12-17,Won,3,2026-01-23,19900,18800
PROS-07890,REP-0032,Ember Labs,5000+,Website Inquiry,Cloud Compute,Q1 2026,2026-01-23,Lost,4,2026-03-24,114300,
PROS-07891,REP-0044,Nova Networks,1-50,Website Inquiry,Cloud Storage,Q4 2025,2025-11-12,Dead,0,,3200,
PROS-07892,REP-0035,Solace Partners,1000-5000,LinkedIn,Cloud Compute,Q2 2026,2026-04-20,Lost,3,2026-06-30,90700,
PROS-07893,REP-0011,Ironclad Partners,1-50,Conference,Data Analytics,Q4 2025,2025-10-11,Won,2,2025-10-27,16700,19700
PROS-07894,REP-0009,Redshift Technologies,5000+,Inbound Call,Cloud Storage,Q4 2025,2025-10-12,Dead,0,,19100,
PROS-07895,REP-0037,Northgate Networks,1000-5000,Referral,Cloud Compute,Q1 2026,2026-02-17,Won,4,2026-03-12,47600,54800
PROS-07896,REP-0057,Horizon Digital,5000+,Website Inquiry,Cloud Storage,Q2 2026,2026-06-16,Dead,0,,41000,
PROS-07897,REP-0076,Atlas Solutions,1-50,Paid Marketing,Cloud Compute,Q4 2025,2025-11-22,Dead,0,,10500,
PROS-07898,REP-0025,Nimbus Solutions,1000-5000,Website Inquiry,Security Suite,Q2 2026,2026-06-10,Open,1,,99700,
PROS-07899,REP-0043,Pulse Works,201-1000,Paid Marketing,AI Platform,Q1 2026,2026-02-11,Dead,0,,89100,
PROS-07900,REP-0005,Lattice Works,1-50,Paid Marketing,Cloud Compute,Q2 2026,2026-05-12,Lost,3,2026-06-06,11600,
PROS-07901,REP-0005,Granite Partners,1-50,Website Inquiry,Cloud Compute,Q4 2025,2025-11-09,Won,3,2025-11-25,10400,12200
PROS-07902,REP-0084,Vertex Technologies,51-200,LinkedIn,Security Suite,Q2 2026,2026-04-11,Dead,0,,29000,
PROS-07903,REP-0044,Nova Systems,51-200,Inbound Call,Cloud Storage,Q2 2026,2026-05-13,Won,2,2026-06-05,14300,14300
PROS-07904,REP-0107,Granite Digital,201-1000,Cold Outreach,AI Platform,Q4 2025,2025-12-05,Won,5,2026-01-15,117300,119700
PROS-07905,REP-0015,Apex Technologies,1-50,Paid Marketing,Security Suite,Q1 2026,2026-03-12,Lost,4,2026-03-25,38100,
PROS-07906,REP-0102,Lattice Labs,51-200,Cold Outreach,Cloud Compute,Q1 2026,2026-02-15,Dead,0,,18000,
PROS-07907,REP-0110,Helix Partners,201-1000,Website Inquiry,Data Analytics,Q4 2025,2025-11-04,Lost,5,2025-11-22,44700,
PROS-07908,REP-0070,Sterling Group,201-1000,Paid Marketing,Data Analytics,Q1 2026,2026-01-14,Dead,1,,53400,
PROS-07909,REP-0035,Vertex Group,1000-5000,Paid Marketing,Cloud Compute,Q4 2025,2025-10-25,Lost,2,2025-11-29,33400,
PROS-07910,REP-0068,Quantum Industries,201-1000,Paid Marketing,AI Platform,Q2 2026,2026-06-13,Open,2,,87800,
PROS-07911,REP-0069,Quantum Digital,51-200,Paid Marketing,Data Analytics,Q1 2026,2026-02-23,Lost,4,2026-04-07,24200,
PROS-07912,REP-0063,Fusion Solutions,1-50,Website Inquiry,Cloud Compute,Q4 2025,2025-10-12,Lost,4,2025-10-22,11000,
PROS-07913,REP-0069,Northgate Holdings,1000-5000,Cold Outreach,Cloud Compute,Q2 2026,2026-05-01,Dead,2,,54800,
PROS-07914,REP-0097,Meridian Dynamics,201-1000,Paid Marketing,AI Platform,Q1 2026,2026-01-13,Won,4,2026-02-06,104600,121600
PROS-07915,REP-0021,Summit Labs,1-50,Paid Marketing,AI Platform,Q4 2025,2025-12-19,Dead,0,,15000,
PROS-07916,REP-0081,Helix Dynamics,1-50,Cold Outreach,Data Analytics,Q4 2025,2025-11-03,Dead,0,,14300,
PROS-07917,REP-0016,Vertex Systems,1000-5000,LinkedIn,Data Analytics,Q4 2025,2025-12-13,Lost,5,2026-02-18,77800,
PROS-07918,REP-0010,Vertex Industries,201-1000,Referral,Security Suite,Q1 2026,2026-02-03,Dead,0,,29600,
PROS-07919,REP-0004,Catalyst Dynamics,51-200,Paid Marketing,Data Analytics,Q2 2026,2026-04-06,Dead,0,,20900,
PROS-07920,REP-0011,Nimbus Technologies,51-200,Inbound Call,Security Suite,Q4 2025,2025-12-29,Lost,4,2026-01-23,48400,
PROS-07921,REP-0014,Drift Systems,201-1000,Inbound Call,Data Analytics,Q2 2026,2026-06-29,Open,2,,53600,
PROS-07922,REP-0012,Solace Networks,1-50,LinkedIn,AI Platform,Q1 2026,2026-01-14,Dead,1,,26200,
PROS-07923,REP-0045,Orbit Works,1000-5000,Cold Outreach,Cloud Compute,Q1 2026,2026-03-06,Dead,1,,47000,
PROS-07924,REP-0101,Sterling Dynamics,1000-5000,Conference,Cloud Storage,Q4 2025,2025-10-18,Dead,2,,39700,
PROS-07925,REP-0028,Summit Technologies,51-200,Paid Marketing,Cloud Compute,Q4 2025,2025-10-02,Dead,0,,12400,
PROS-07926,REP-0037,Pulse Industries,51-200,Website Inquiry,Cloud Storage,Q1 2026,2026-01-24,Lost,5,2026-02-19,9600,
PROS-07927,REP-0077,Ridgeline Digital,51-200,Paid Marketing,Security Suite,Q1 2026,2026-01-30,Lost,4,2026-02-22,67800,
PROS-07928,REP-0062,Drift Holdings,1-50,Paid Marketing,Cloud Storage,Q2 2026,2026-06-16,Open,2,,4100,
PROS-07929,REP-0080,Beacon Dynamics,201-1000,Conference,Cloud Compute,Q4 2025,2025-11-23,Lost,3,2026-01-05,17000,
PROS-07930,REP-0072,Fusion Solutions,201-1000,Paid Marketing,AI Platform,Q2 2026,2026-05-24,Dead,0,,146900,
PROS-07931,REP-0019,Quantum Industries,201-1000,LinkedIn,Data Analytics,Q2 2026,2026-06-14,Open,0,,41500,
PROS-07932,REP-0058,Atlas Networks,5000+,Cold Outreach,Cloud Compute,Q2 2026,2026-05-11,Lost,3,2026-06-28,86100,
PROS-07933,REP-0056,Orbit Industries,1-50,Conference,AI Platform,Q1 2026,2026-02-16,Won,2,2026-02-23,57400,58100
PROS-07934,REP-0092,Summit Holdings,1000-5000,Paid Marketing,Cloud Storage,Q4 2025,2025-11-03,Lost,3,2026-01-23,17200,
PROS-07935,REP-0087,Drift Systems,51-200,LinkedIn,Security Suite,Q1 2026,2026-03-14,Lost,4,2026-04-25,39900,
PROS-07936,REP-0110,Pulse Group,201-1000,LinkedIn,Data Analytics,Q2 2026,2026-04-06,Dead,2,,48500,
PROS-07937,REP-0066,Helix Works,51-200,Inbound Call,Cloud Storage,Q1 2026,2026-02-07,Dead,0,,8900,
PROS-07938,REP-0077,Helix Holdings,51-200,LinkedIn,Cloud Storage,Q4 2025,2025-12-02,Lost,5,2025-12-19,12500,
PROS-07939,REP-0034,Lattice Digital,201-1000,Paid Marketing,Cloud Compute,Q1 2026,2026-02-07,Lost,3,2026-03-07,19000,
PROS-07940,REP-0017,Granite Technologies,201-1000,Cold Outreach,AI Platform,Q2 2026,2026-05-11,Lost,4,2026-06-22,111400,
PROS-07941,REP-0073,Horizon Holdings,201-1000,Cold Outreach,AI Platform,Q1 2026,2026-03-15,Dead,0,,65500,
PROS-07942,REP-0109,Summit Industries,1-50,Cold Outreach,Security Suite,Q1 2026,2026-03-06,Dead,0,,19800,
PROS-07943,REP-0102,Vantage Works,51-200,Website Inquiry,Security Suite,Q2 2026,2026-04-01,Dead,0,,32100,
PROS-07944,REP-0007,Fusion Partners,1000-5000,Paid Marketing,Security Suite,Q2 2026,2026-05-28,Won,4,2026-06-17,84200,98400
PROS-07945,REP-0054,Nova Solutions,51-200,Referral,Cloud Storage,Q1 2026,2026-01-27,Dead,0,,14900,
PROS-07946,REP-0038,Summit Works,1000-5000,LinkedIn,AI Platform,Q2 2026,2026-04-16,Dead,0,,201300,
PROS-07947,REP-0052,Apex Works,1000-5000,Conference,Data Analytics,Q4 2025,2025-12-30,Lost,3,2026-03-19,34200,
PROS-07948,REP-0088,Nimbus Partners,1-50,Inbound Call,Security Suite,Q1 2026,2026-03-30,Dead,0,,36500,
PROS-07949,REP-0036,Nimbus Solutions,201-1000,Referral,Cloud Storage,Q4 2025,2025-11-25,Won,4,2025-12-20,20700,18300
PROS-07950,REP-0100,Nova Labs,201-1000,Inbound Call,Cloud Storage,Q4 2025,2025-12-04,Dead,1,,17100,
PROS-07951,REP-0074,Cobalt Solutions,201-1000,Paid Marketing,Cloud Storage,Q1 2026,2026-03-25,Dead,0,,10400,
PROS-07952,REP-0048,Zenith Dynamics,1000-5000,Website Inquiry,AI Platform,Q2 2026,2026-05-23,Lost,2,2026-06-30,109600,
PROS-07953,REP-0042,Lattice Dynamics,1-50,Inbound Call,Data Analytics,Q1 2026,2026-01-14,Won,2,2026-02-03,8400,8900
PROS-07954,REP-0004,Wavefront Dynamics,51-200,Paid Marketing,Security Suite,Q2 2026,2026-06-06,Open,2,,38800,
PROS-07955,REP-0010,Beacon Dynamics,51-200,Website Inquiry,AI Platform,Q2 2026,2026-04-16,Dead,0,,50100,
PROS-07956,REP-0031,Solace Networks,51-200,Paid Marketing,Cloud Storage,Q2 2026,2026-05-11,Lost,5,2026-06-16,11300,
PROS-07957,REP-0088,Sterling Networks,51-200,Inbound Call,AI Platform,Q2 2026,2026-05-17,Won,2,2026-06-06,110100,105000
PROS-07958,REP-0098,Fusion Networks,1000-5000,Conference,Cloud Compute,Q4 2025,2025-10-04,Won,3,2025-11-12,34100,40000
PROS-07959,REP-0080,Ridgeline Holdings,1000-5000,Website Inquiry,Cloud Storage,Q1 2026,2026-01-01,Dead,1,,28400,
PROS-07960,REP-0079,Meridian Digital,1-50,Website Inquiry,Data Analytics,Q2 2026,2026-05-26,Lost,2,2026-06-12,20200,
PROS-07961,REP-0098,Zenith Digital,201-1000,Paid Marketing,Cloud Storage,Q2 2026,2026-06-12,Open,2,,10200,
PROS-07962,REP-0004,Anchor Dynamics,51-200,Conference,AI Platform,Q2 2026,2026-06-05,Open,1,,60200,
PROS-07963,REP-0037,Vantage Digital,201-1000,Cold Outreach,Data Analytics,Q4 2025,2025-11-21,Lost,5,2025-12-24,68100,
PROS-07964,REP-0024,Ember Labs,1-50,LinkedIn,Cloud Compute,Q2 2026,2026-06-29,Open,0,,6000,
PROS-07965,REP-0037,Atlas Technologies,1000-5000,Cold Outreach,Cloud Compute,Q2 2026,2026-05-21,Lost,2,2026-06-17,50200,
PROS-07966,REP-0098,Ember Works,51-200,Paid Marketing,AI Platform,Q2 2026,2026-05-27,Open,1,,74600,
PROS-07967,REP-0065,Orbit Networks,201-1000,Cold Outreach,AI Platform,Q4 2025,2025-12-19,Dead,0,,58100,
PROS-07968,REP-0089,Anchor Dynamics,201-1000,Paid Marketing,Cloud Storage,Q2 2026,2026-04-15,Lost,2,2026-04-28,13900,
PROS-07969,REP-0088,Wavefront Systems,51-200,Paid Marketing,Data Analytics,Q2 2026,2026-05-04,Dead,1,,32500,
PROS-07970,REP-0004,Redshift Networks,201-1000,Paid Marketing,Data Analytics,Q1 2026,2026-03-27,Lost,2,2026-04-20,23500,
PROS-07971,REP-0099,Cobalt Works,51-200,Paid Marketing,Data Analytics,Q4 2025,2025-11-15,Dead,0,,31400,
PROS-07972,REP-0084,Horizon Works,51-200,Inbound Call,Cloud Storage,Q2 2026,2026-05-11,Dead,0,,7900,
PROS-07973,REP-0001,Ember Technologies,201-1000,LinkedIn,Cloud Compute,Q1 2026,2026-02-09,Dead,0,,30700,
PROS-07974,REP-0097,Beacon Works,51-200,Cold Outreach,Cloud Storage,Q4 2025,2025-10-27,Lost,2,2025-12-10,13000,
PROS-07975,REP-0046,Horizon Works,201-1000,Cold Outreach,Cloud Compute,Q2 2026,2026-04-27,Dead,0,,27700,
PROS-07976,REP-0062,Northgate Industries,51-200,Website Inquiry,Cloud Storage,Q4 2025,2025-11-29,Lost,3,2025-12-23,8200,
PROS-07977,REP-0032,Fusion Networks,5000+,Conference,Data Analytics,Q2 2026,2026-04-14,Lost,2,2026-06-20,67400,
PROS-07978,REP-0092,Wavefront Technologies,1000-5000,Cold Outreach,Security Suite,Q4 2025,2025-11-16,Lost,2,2025-12-19,141100,
PROS-07979,REP-0036,Catalyst Networks,51-200,Website Inquiry,AI Platform,Q2 2026,2026-05-11,Won,3,2026-05-26,78300,69800
PROS-07980,REP-0036,Catalyst Networks,51-200,Cold Outreach,AI Platform,Q2 2026,2026-05-16,Lost,4,2026-06-23,56100,
PROS-07981,REP-0037,Ironclad Group,201-1000,Cold Outreach,Cloud Compute,Q1 2026,2026-03-04,Won,3,2026-04-04,28700,24900
PROS-07982,REP-0089,Atlas Solutions,1-50,Website Inquiry,Cloud Compute,Q2 2026,2026-04-11,Won,4,2026-05-06,5700,5600
PROS-07983,REP-0097,Orbit Solutions,51-200,Cold Outreach,Cloud Compute,Q1 2026,2026-03-20,Dead,0,,31400,
PROS-07984,REP-0084,Zenith Technologies,51-200,Cold Outreach,Data Analytics,Q2 2026,2026-06-07,Open,1,,30000,
PROS-07985,REP-0075,Granite Networks,201-1000,Cold Outreach,Security Suite,Q4 2025,2025-12-23,Lost,4,2026-01-08,70600,
PROS-07986,REP-0051,Redshift Holdings,201-1000,Paid Marketing,Cloud Compute,Q2 2026,2026-06-08,Open,0,,18900,
PROS-07987,REP-0005,Pulse Works,1-50,Inbound Call,Security Suite,Q4 2025,2025-11-24,Won,3,2025-12-02,23800,22300
PROS-07988,REP-0068,Catalyst Group,201-1000,Cold Outreach,Security Suite,Q2 2026,2026-05-24,Lost,2,2026-06-27,70500,
PROS-07989,REP-0069,Pulse Labs,1000-5000,Paid Marketing,Cloud Storage,Q1 2026,2026-02-27,Lost,3,2026-04-01,16200,
PROS-07990,REP-0067,Cobalt Technologies,5000+,Website Inquiry,Data Analytics,Q1 2026,2026-01-20,Dead,0,,87900,
PROS-07991,REP-0103,Ironclad Labs,1-50,Conference,AI Platform,Q1 2026,2026-01-26,Won,3,2026-02-17,32000,34300
PROS-07992,REP-0037,Granite Works,51-200,Conference,AI Platform,Q4 2025,2025-12-09,Won,3,2025-12-30,63200,59200
PROS-07993,REP-0056,Anchor Solutions,51-200,Conference,Cloud Storage,Q2 2026,2026-05-10,Won,3,2026-05-24,10400,11700
PROS-07994,REP-0012,Sterling Works,1-50,Inbound Call,Cloud Storage,Q1 2026,2026-03-08,Dead,0,,4400,
PROS-07995,REP-0062,Granite Works,1-50,Paid Marketing,Cloud Compute,Q1 2026,2026-01-15,Lost,4,2026-01-23,10500,
PROS-07996,REP-0015,Solace Solutions,1-50,Conference,Cloud Compute,Q2 2026,2026-04-07,Won,2,2026-04-17,11600,11900
PROS-07997,REP-0098,Quantum Partners,51-200,Paid Marketing,Data Analytics,Q4 2025,2025-10-31,Lost,5,2025-12-18,17700,
PROS-07998,REP-0024,Granite Digital,1-50,Website Inquiry,Cloud Compute,Q2 2026,2026-04-05,Won,4,2026-04-30,11700,12900
PROS-07999,REP-0004,Granite Networks,51-200,Inbound Call,AI Platform,Q2 2026,2026-06-25,Open,1,,90000,
PROS-08000,REP-0059,Nova Group,1-50,Website Inquiry,AI Platform,Q1 2026,2026-03-19,Dead,1,,31500,
